,best_fit_type,entropy_AIC_weights,observed_half_life,observed_effect_strength,included samples,affected samples,relative_likelihood_over_baseline,scaled_relative_likelihood_over_baseline,constant_c,piecewise_linear_b,piecewise_linear_m,piecewise_linear_c,michaelis_menten_a,michaelis_menten_b,michaelis_menten_c,exponential_saturation_a,exponential_saturation_b,exponential_saturation_c
Sox17,Constant Fit,,0,0,1.0,0.0,,,0.08079966365350008,,,,,,,,,
4732440D04Rik,Constant Fit,,0,0,1.0,0.0,,,0.015194105217169579,,,,,,,,,
St18,Piecewise Linear Fit,0.999843219829891,0.4794838409165737,-0.5070560762134657,1.0,0.9959077380952381,149773261.646596,1.0070277915589756,,1790.5158453167714,8.047350373819749e-05,0.07003943105287298,,,,,,
3110035E14Rik,Piecewise Linear Fit,0.17135659616563423,0.13210462930504108,-0.16812314470235368,1.0,0.45200892857142855,44983131.73791214,1.0065772642931052,,493.3120910674208,0.0006205920168769545,0.7574072984587834,,,,,,
Sulf1,Michaelis-Menten Fit,0.9999083393915142,0.4999771133039374,0.3411695371930441,1.0,1.0,65.48393128530344,1.001556941725352,,,,,-1132.9621703049402,20394388.324047863,0.20385532600649925,,,
Eya1,Exponential Saturation Fit,0.9855655356135963,0.22108108604406834,0.2884956728175416,1.0,1.0,14.698411699077939,1.001000403135305,,,,,,,,-0.052691867419798644,0.0015482658702461152,0.11113345218617264
Kcnq5,Piecewise Linear Fit,0.8105551192813051,0.29746134157341103,0.1815394652460084,1.0,0.8165922619047619,39211.44075057878,1.0039425445567103,,1110.7948181139816,-0.00012749352277788897,0.46086014396641783,,,,,,
Ogfrl1,Piecewise Linear Fit,0.9971325297421889,0.4610669807913382,-0.18008028226841752,1.0,0.9869791666666666,1.3919245348300753e+24,1.0208971699128282,,1721.7409627227257,0.00031645666908761735,1.2403870882582146,,,,,,
Col9a1,Constant Fit,,0,0,1.0,0.0,,,0.011029521156654034,,,,,,,,,
Ptp4a1,Piecewise Linear Fit,0.5635505520000148,0.341300125500548,-0.1593283208115557,1.0,0.8705357142857143,1.4177301618319713e+24,1.0209041467388664,,1274.501181867734,0.0003077039008169122,1.0346100356357293,,,,,,
Gm33533,Constant Fit,,0,0,1.0,0.0,,,0.001797992577065596,,,,,,,,,
2010300C02Rik,Piecewise Linear Fit,0.6261757410704262,0.406759072818919,0.3445808176906652,1.0,0.9397321428571429,3.5664847422881905e+34,1.0300403934916722,,1518.9406068114306,-0.00039624439996337044,1.1742748195612738,,,,,,
Map4k4,Piecewise Linear Fit,0.9640876107152389,0.36712590283319624,-0.33207723054044513,1.0,0.9014136904761905,1.796629914816581e+30,1.0262552195305286,,1370.9411816350487,0.0003071166920556423,0.4234278295409382,,,,,,
Il1r1,Constant Fit,,0,0,1.0,0.0,,,0.04492327512091197,,,,,,,,,
Tmem182,Michaelis-Menten Fit,0.8650701662088297,0.0016964391367458073,0.5929534068142741,1.0,0.10453869047619048,3.7635532072706877,1.0004931883605557,,,,,-0.010406504131990579,3.1782491985129426,0.013954643123690057,,,
Pantr1,Piecewise Linear Fit,0.9979249695853125,0.4613798673306868,0.1384119124295964,1.0,0.9880952380952381,4258503168.0961995,1.008282693464326,,1722.907940628903,-0.00019683757655966736,1.394652625096003,,,,,,
Gm28782,Constant Fit,,0,0,1.0,0.0,,,0.008344093057449431,,,,,,,,,
1500015O10Rik,Constant Fit,,0,0,1.0,0.0,,,0.15888342697504934,,,,,,,,,
Col3a1,Exponential Saturation Fit,0.9855665085566285,0.037494031076582626,0.6022917073023523,1.0,0.30691964285714285,10513848372656.58,1.0112171007936175,,,,,,,,-0.1261590788743563,0.009901241715306729,0.16781207633961515
Col5a2,Piecewise Linear Fit,0.9373427865246818,0.053207543143815365,0.4588461017844017,1.0,0.20498511904761904,4961.464900745956,1.0031707365413443,,198.690303673643,-0.00023381310630257404,0.07385126897044951,,,,,,
Tmeff2,Piecewise Linear Fit,0.9881800087899896,0.30176286584636447,-0.16661991739882737,1.0,0.8195684523809523,472651935114685.75,1.0126497942616601,,1126.859064046097,0.00028319860844712625,0.7980809118434768,,,,,,
Ccdc150,Piecewise Linear Fit,0.9988143233559165,0.07394575886701148,0.7691380948939992,1.0,0.29836309523809523,1.0912850795543818,1.000032499030265,,276.13054119971974,-1.7514984474649854e-05,0.005562264198359087,,,,,,
Gm10561,Constant Fit,,0,0,1.0,0.0,,,0.05157144982364719,,,,,,,,,
Plcl1,Piecewise Linear Fit,0.9706254285429997,0.4170927460790241,-0.37594586068567165,1.0,0.953125,4.010956888997896e+19,1.0169342512331883,,1557.5302897907884,0.00020579427255979914,0.2660337584431478,,,,,,
Satb2,Piecewise Linear Fit,0.9999803794316229,0.4821506453435776,0.33509226981527734,1.0,0.9985119047619048,9544.106707307496,1.0034149244382564,,1800.469971617258,-8.30014318153949e-05,0.29770651793871017,,,,,,
Aox3,Michaelis-Menten Fit,0.8433364300949754,0.05731737953023831,0.7760155172924657,1.0,1.0,3450.9217856338933,1.0030352505920648,,,,,-0.02978910941298235,120.87528574155633,0.03201554072268491,,,
Als2cr12,Constant Fit,,0,0,1.0,0.0,,,0.0014946179693445308,,,,,,,,,
Fzd7,Piecewise Linear Fit,0.9999814196180746,0.03736777314094363,0.4351457224129476,1.0,0.20498511904761904,3106583.14650256,1.0055768898564594,,139.5406675847875,-0.0005811391755488093,0.1337248858073242,,,,,,
Gm973,Piecewise Linear Fit,0.7996884162961622,0.09482212913917337,0.21824503054665842,1.0,0.30691964285714285,3.3680835218866707,1.0004518669028952,,354.0893865634406,-9.721927879804852e-05,0.09607836269660719,,,,,,
Nrp2,Michaelis-Menten Fit,0.7027805537070136,0.3519730809705353,0.5128589621944006,1.0,1.0,6852307010.185873,1.0084611346485965,,,,,-0.4084360204924461,2219.79266178084,0.275215052035066,,,
Fzd5,Michaelis-Menten Fit,0.9763579800444987,0.2594239747834902,0.7009567135923329,1.0,1.0,6569288.184544128,1.005857084563282,,,,,-0.16106700390568757,1006.7031445139371,0.12696714062634779,,,
Spag16,Constant Fit,,0,0,1.0,0.0,,,0.01800178216472113,,,,,,,,,
Fn1,Michaelis-Menten Fit,0.7116912415519748,0.013651892247536374,0.2413752137491325,1.0,0.47619047619047616,2790319.1164998203,1.0055367246377291,,,,,-0.19428827613400365,26.205308872429068,0.49269029533043324,,,
Igfbp2,Michaelis-Menten Fit,0.9042283678887312,0.04445382827175669,0.20772957728442312,1.0,0.9918154761904762,183968.77244612153,1.0045200513108001,,,,,-0.2585111746985769,91.10043021232153,0.7165251034484162,,,
Igfbp5,Exponential Saturation Fit,0.995131434062828,0.0302084564474272,0.12496614286548213,1.0,0.2760416666666667,1468244.080307931,1.0052965584375557,,,,,,,,-0.239717898490648,0.012289190279225726,1.0789903305626114
Tmbim1,Piecewise Linear Fit,0.9999841303848594,0.48466833148168387,-0.4835754473720854,1.0,0.9988839285714286,1.9562562674157655e+43,1.0377803449815899,,1809.874295332343,0.0003775777991723681,0.36489465910245483,,,,,,
Wnt6,Michaelis-Menten Fit,0.9902230038572349,0.016202439844603688,0.8520217269845222,1.0,0.5074404761904762,384636938995457.5,1.0125721685220241,,,,,-0.0692307510275338,31.265141941492857,0.07400352092585394,,,
Dnajb2,Piecewise Linear Fit,0.8371069564658844,0.35355848591235056,-0.20694575694347708,1.0,0.8895089285714286,1.6887964439990086e+24,1.0209705984421595,,1320.2770259399035,0.00029463795734144347,0.7453669503611678,,,,,,
Resp18,Piecewise Linear Fit,0.9999996144399395,0.4983490158121308,0.1127834220589792,1.0,0.9996279761904762,129736.50337299662,1.0043895392514528,,1860.9599824916017,-0.00019385220330466913,1.7796850794707197,,,,,,
Asic4,Piecewise Linear Fit,0.9995579222347042,0.4157278508127879,0.2657728491728162,1.0,0.9479166666666666,4.426195508425362,1.0005535536056813,,1552.4272751496082,-2.877774557292672e-05,0.10638568659349212,,,,,,
Gm816,Constant Fit,,0,0,1.0,0.0,,,0.0023974780326696927,,,,,,,,,
Sgpp2,Piecewise Linear Fit,0.9989568129156299,0.4706002547078661,-0.5152339364159809,1.0,0.9929315476190477,6.019603463429928e+17,1.0153468424500958,,1757.3412685075098,0.00014643156102594186,0.12105662248200923,,,,,,
Scg2,Piecewise Linear Fit,0.9997765952143176,0.04174272927124914,-0.05489429599775615,1.0,0.20498511904761904,8.831005535004643,1.00081069632563,,155.87789737597265,0.000978626258231965,1.3131809451112517,,,,,,
Dock10,Piecewise Linear Fit,0.8161147031414022,0.3069560317295529,-0.3842871878209644,1.0,0.8251488095238095,7.579055955996743e+20,1.0180467315819477,,1146.2517003090943,0.0002589284401990882,0.23776725163032023,,,,,,
Daw1,Piecewise Linear Fit,0.8469432069059273,0.0975682805363972,0.49381226106905524,1.0,0.3523065476190476,3.5631944031182328,1.0004728265712084,,364.3435279120071,-3.486711007990172e-05,0.019214591953113876,,,,,,
Sphkap,Piecewise Linear Fit,0.6270339327431809,0.4113994741844321,0.1743169967888604,1.0,0.9430803571428571,457963418.00372297,1.0074465994096482,,1536.268563584818,-0.00017949506624851574,0.9288279497786528,,,,,,
Sp110,Constant Fit,,0,0,1.0,0.0,,,0.0240412589951054,,,,,,,,,
Sp140,Constant Fit,,0,0,1.0,0.0,,,0.01400943580671696,,,,,,,,,
Spata3,Constant Fit,,0,0,1.0,0.0,,,0.019482685977993054,,,,,,,,,
Ecel1,Constant Fit,,0,0,1.0,0.0,,,0.20747214261333852,,,,,,,,,
Efhd1,Piecewise Linear Fit,0.9922533810094806,0.40543943665181653,-0.5028416350208914,1.0,0.9397321428571429,7.63898770777723e+35,1.0312152898347748,,1514.0136090058463,0.00031994543728085934,0.2394634446537535,,,,,,
Kcnj13,Constant Fit,,0,0,1.0,0.0,,,0.047118900102943416,,,,,,,,,
Ngef,Piecewise Linear Fit,0.6300255128058279,0.47967553386417633,0.31115066644585426,1.0,0.9973958333333334,5.067005905469291e+25,1.0222633234387926,,1791.2289538248788,-0.0003608851539143268,1.3619839379738592,,,,,,
Gm29538,Constant Fit,,0,0,1.0,0.0,,,0.01984701765393972,,,,,,,,,
Glrp1,Constant Fit,,0,0,1.0,0.0,,,0.0021517587407034176,,,,,,,,,
Gbx2,Constant Fit,,0,0,1.0,0.0,,,0.07699890161340128,,,,,,,,,
Iqca,Piecewise Linear Fit,0.8482701268466089,0.1328775400649841,0.441922085542576,1.0,0.4583333333333333,4.713549766829407,1.000576967456936,,496.19672226700925,-3.2366355937803735e-05,0.02620075389856148,,,,,,
Col6a3,Piecewise Linear Fit,0.999623974727818,0.04221169968527514,0.4285817134467392,1.0,0.20498511904761904,10.396297999594156,1.0008714545634794,,157.6290237635559,-0.00014135073606742776,0.0371343403727392,,,,,,
Sned1,Constant Fit,,0,0,1.0,0.0,,,0.05504899897760175,,,,,,,,,
Bok,Piecewise Linear Fit,0.9962722416097675,0.448985048299057,-0.4324110172760325,1.0,0.9810267857142857,4.272806938911263e+44,1.0389716276842382,,1676.6238631401015,0.000391464554147778,0.4307599301344903,,,,,,
Neu4,Piecewise Linear Fit,0.9999868511619431,0.48336915805192815,-0.32145619050665813,1.0,0.9985119047619048,173.53267559187907,1.0019201319875102,,1805.0263317737952,4.561471050301166e-05,0.08689895778258898,,,,,,
Gm7967,Constant Fit,,0,0,1.0,0.0,,,0.006199949754734308,,,,,,,,,
Rnf152,Piecewise Linear Fit,0.5665974924479343,0.29563576819439963,-0.44948559131344373,1.0,0.8143601190476191,430062773076054.44,1.0126142210156803,,1103.979224215572,0.000160841719378969,0.10873829708217692,,,,,,
Cdh19,Piecewise Linear Fit,0.954967373796227,0.41575219015154613,-0.6379906500733439,1.0,0.9479166666666666,103862902075.38632,1.0094815493183018,,1552.5254879986192,8.048090235953874e-05,0.035449250151133,,,,,,
Gm26831,Constant Fit,,0,0,1.0,0.0,,,0.0032259167483631823,,,,,,,,,
Ptpn4,Piecewise Linear Fit,0.9999997556677614,0.49999980205849115,-0.2396887768356396,1.0,0.9996279761904762,6341660227486198.0,1.0136284596811247,,1867.1261338674033,0.0002526207989522717,0.7480945115215777,,,,,,
Sctr,Piecewise Linear Fit,0.9874918873276924,0.044993578959274215,0.7672984344553475,1.0,0.20498511904761904,23686457.623679962,1.0063371133898946,,168.01729829311498,-0.00022114941459908477,0.04279128965576272,,,,,,
Dbi,Piecewise Linear Fit,0.99287906696646,0.03269407607539283,0.03032941723290239,1.0,0.10453869047619048,200.54152087865705,1.001974052023121,,122.0879185618837,-0.0013316500403706666,2.7614986460739623,,,,,,
C1ql2,Piecewise Linear Fit,0.6966367491812687,0.3030313277320743,0.5355782013077947,1.0,0.8251488095238095,358727947.7009346,1.0073550694688296,,1131.5945128374735,-0.00012435415173995908,0.2017298531878915,,,,,,
Lypd1,Piecewise Linear Fit,0.6308625709866,0.47964612555955694,0.4418451286672398,1.0,0.9966517857142857,2.7278542335683124e+25,1.0220278516745627,,1791.1191695051957,-0.0003871562606095517,1.1314342363457692,,,,,,
Tmem163,Michaelis-Menten Fit,0.9762354170224015,0.3733989655160678,-0.3247370063641174,1.0,1.0,1005254365833.877,1.0103343820201243,,,,,0.732189357835669,2753.4647335640407,0.30761727868713057,,,
Lct,Michaelis-Menten Fit,0.999999549501868,0.4999935526349407,0.5405518348821478,1.0,1.0,7.004980688004463,1.0007244518059875,,,,,-2010.4925708223454,72397872.66779588,0.07388360857280749,,,
Rab7b,Piecewise Linear Fit,0.9941682898838433,0.37483028759062775,-0.546478934550625,1.0,0.9084821428571429,981.3317166984978,1.002566125622498,,1399.7149888004246,3.383147778946505e-05,0.019649641159602004,,,,,,
Cntn2,Piecewise Linear Fit,0.521468617417882,0.35123381085902006,-0.467734539203941,1.0,0.8705357142857143,7.92217552442914e+50,1.044565269568623,,1311.5959486725826,0.0004462364278442896,0.3330151070782544,,,,,,
Nfasc,Piecewise Linear Fit,0.9687731074543502,0.4251107857544893,-0.257880452234393,1.0,0.9598214285714286,1.4847484243617285e+36,1.0314702729698555,,1587.4713586443897,0.000358467072971041,0.8188052536394528,,,,,,
Lrrn2,Exponential Saturation Fit,0.892367520823667,0.03851894153295295,-0.17171473909802826,1.0,0.30691964285714285,694087421015.3097,1.01019517070276,,,,,,,,0.3308397487536499,0.009637789773668276,0.7979212641875633
Atp2b4,Piecewise Linear Fit,0.9996950771496023,0.4796520409486971,0.3564370940033404,1.0,0.9973958333333334,8.16406010838844e+20,1.0180748922346696,,1791.1410953653153,-0.0002859741209874763,0.9746379099799277,,,,,,
Prelp,Michaelis-Menten Fit,0.9909088831603671,0.016127905365766027,0.30046333485584703,1.0,0.5074404761904762,93890216.20923181,1.0068528520209028,,,,,-0.19418937374671866,31.11652221356794,0.4133557886500748,,,
Fmod,Michaelis-Menten Fit,0.9876354018797069,0.005345669128116822,0.7708292160563254,1.0,0.20498511904761904,1.1692422833553595e+47,1.0411429942511428,,,,,-0.2941358883700167,10.088902393746283,0.33604401634387954,,,
Syt2,Piecewise Linear Fit,0.9872986960454295,0.4152957432273111,-0.4372579614331407,1.0,0.9449404761904762,57734664177.94652,1.0092610444909136,,1550.8201878850793,0.00013884946320753548,0.13856300361040438,,,,,,
Ptpn7,Exponential Saturation Fit,0.9999978417509992,0.013635692913746965,0.8007384004712499,1.0,0.10453869047619048,45.97982153452246,1.0014251971585546,,,,,,,,-0.010244197810676682,0.02722542057343068,0.011518818311185454
Lmod1,Exponential Saturation Fit,0.7769529741835337,0.001691265444008381,0.558897905231564,1.0,0.10453869047619048,70.09312243755535,1.001582286463005,,,,,,,,-0.021041588077871615,0.21950278297193626,0.02934497268142313
Csrp1,Piecewise Linear Fit,0.9649586946413262,0.39690122625704743,-0.23062221412915934,1.0,0.9330357142857143,2.1106402978211146e+59,1.0521316728364594,,1482.1295682624175,0.0005614201074706338,1.3879781976469403,,,,,,
Phlda3,Piecewise Linear Fit,0.5649402631986152,0.35316555280401896,-0.2125112092184397,1.0,0.8895089285714286,2624524651696751.5,1.0132958266271392,,1318.809797837535,0.00024819979746873964,0.6064795065433736,,,,,,
Tnni1,Piecewise Linear Fit,0.5113149077341685,0.3624091032100813,-0.7038444097304295,1.0,0.8950892857142857,3.0041760990986505e+29,1.0255726149146953,,1353.3276974999317,0.00019845094683196648,0.056502728308664055,,,,,,
Igfn1,Piecewise Linear Fit,0.6995103758009261,0.1782073717253878,0.6895613167049971,1.0,0.5803571428571429,4.596804738771175e+18,1.016115036225972,,665.4709000790498,-0.00017423657668641862,0.14204942185113045,,,,,,
Mroh3,Constant Fit,,0,0,1.0,0.0,,,0.0036545642680068844,,,,,,,,,
5730559C18Rik,Michaelis-Menten Fit,0.9975072570140795,0.04844475778785542,-0.425220859001841,1.0,1.0,2.009774283987954,1.0002597146795584,,,,,0.029122753406411954,100.1565982590996,0.018680812110945435,,,
Lhx9,Piecewise Linear Fit,0.7671251027380326,0.1472829264353087,0.18844453709688694,1.0,0.4880952380952381,3.8843465369861714,1.0005049469249883,,549.9908679176579,-7.49164330077728e-05,0.12992656014407702,,,,,,
Cfh,Michaelis-Menten Fit,0.9895916130285276,0.015871418367702058,0.3023131984290394,1.0,0.5074404761904762,1767360616.3014271,1.0079528685055592,,,,,-0.21302822990312545,30.6054435875941,0.45144450437608047,,,
B3galt2,Exponential Saturation Fit,0.9180295356310401,0.07974804408572984,-0.28727593275769925,1.0,0.5803571428571429,6150697000.360581,1.0084206094404942,,,,,,,,0.23156734548896488,0.004653999077910799,0.2872079074676354
Prg4,Piecewise Linear Fit,0.8453515295083576,0.04221194770890064,0.8849431371506641,1.0,0.20498511904761904,3.0633374973562303e+44,1.0388430142174065,,157.6300469525779,-0.0010863485767994288,0.18237323284452,,,,,,
Rgs8,Michaelis-Menten Fit,0.6766402428561632,0.4999937476489442,-0.16153190398498224,1.0,1.0,674.1024622777018,1.0024260713893969,,,,,6830.264117329369,74656028.56767192,0.4433366598754538,,,
Rgs16,Piecewise Linear Fit,0.9997763341813478,0.47964272275619246,-0.4357520646477505,1.0,0.9966517857142857,3425465456.3576756,1.0082010437395257,,1791.1083118694805,0.0001291673905207578,0.14978739382788173,,,,,,
A830008E24Rik,Piecewise Linear Fit,0.9897870486346831,0.0777646478368919,0.6399340647157475,1.0,0.30691964285714285,1.4637099771336848,1.0001417415521463,,290.3914780995012,-2.1761324301242728e-05,0.008097115761071505,,,,,,
Ier5,Constant Fit,,0,0,1.0,0.0,,,0.5162680708012461,,,,,,,,,
Gm5532,Constant Fit,,0,0,1.0,0.0,,,0.004106355855741652,,,,,,,,,
Axdnd1,Constant Fit,,0,0,1.0,0.0,,,0.002308943034390263,,,,,,,,,
Pappa2,Constant Fit,,0,0,1.0,0.0,,,0.010206955693044967,,,,,,,,,
Serpinc1,Piecewise Linear Fit,0.9999999999999931,0.03566390719698816,0.6763599056246092,1.0,0.10453869047619048,1.1225082448389363,1.0000429941108555,,133.1776695149191,-3.732399523534579e-05,0.006159974965546881,,,,,,
Myoc,Piecewise Linear Fit,0.9973523287592098,0.04022238967872752,0.46828685157186284,1.0,0.20498511904761904,6182517075.390584,1.0084225452773508,,150.20053906877385,-0.001389758003295116,0.3272499773106671,,,,,,
Fmo1,Exponential Saturation Fit,0.9754503226395593,0.10838027024681396,0.5207307572082134,1.0,0.7116815476190477,593558593838.0026,1.0101363713943463,,,,,,,,-0.12575293666623724,0.003416952660578686,0.1833117675313834
Fmo2,Constant Fit,,0,0,1.0,0.0,,,0.015069672830068857,,,,,,,,,
F5,Piecewise Linear Fit,0.7769624853370014,0.1480321948222659,-0.4006903029167858,1.0,0.5052083333333334,2.3894279449490954,1.0003241053321104,,552.7905375996404,5.6501153925986215e-05,0.023357717089211687,,,,,,
Nme7,Constant Fit,,0,0,1.0,0.0,,,0.5030705106062827,,,,,,,,,
Gpr161,Constant Fit,,0,0,1.0,0.0,,,0.11311167841935685,,,,,,,,,
Mpzl1,Piecewise Linear Fit,0.9999999182161724,0.4999989655577314,-0.1349450955764346,1.0,0.9996279761904762,3.9206379280525003,1.000508408353965,,1867.126133928541,4.833512997329371e-05,0.2892631559782695,,,,,,
Ildr2,Constant Fit,,0,0,1.0,0.0,,,0.8724216296681602,,,,,,,,,
Nuf2,Constant Fit,,0,0,1.0,0.0,,,0.05489743437044462,,,,,,,,,
Rgs5,Michaelis-Menten Fit,0.9149765281292118,0.49999395270762487,-0.07716120136190271,1.0,1.0,1.819211634768665,1.0002226450345306,,,,,4429.599499673383,77187584.44802317,0.6407329119399091,,,
Rgs4,Exponential Saturation Fit,0.7366182809138943,0.0012665511796347575,-0.05569642862183424,1.0,0.10453869047619048,5.680975445658816,1.0006464599632148,,,,,,,,0.14471350981059014,0.2931089361076687,1.2267706163269916
Ddr2,Piecewise Linear Fit,0.9999206012765783,0.03743364655554571,0.555493684836136,1.0,0.20498511904761904,8038982771.71181,1.0085210577671504,,139.78665577513576,-0.0005881025351525,0.11510068200953125,,,,,,
4930500M09Rik,Constant Fit,,0,0,1.0,0.0,,,0.0012925080889525937,,,,,,,,,
Olfml2b,Piecewise Linear Fit,0.9894374004140918,0.44211933450043384,-0.5167788316212674,1.0,0.9683779761904762,439601643.59257793,1.0074312628211637,,1650.9872119516267,7.920560830071373e-05,0.0611379514082757,,,,,,
Fcgr3,Constant Fit,,0,0,1.0,0.0,,,0.20799114618244788,,,,,,,,,
Cfap126,Piecewise Linear Fit,0.980177649275258,0.07453794903052986,0.2690662800913776,1.0,0.30691964285714285,16.42594247248031,1.0010417855643852,,278.34337311952305,-0.00021072388415054237,0.1383214978484407,,,,,,
Pcp4l1,Michaelis-Menten Fit,0.9998206355447256,0.4999984006322268,-0.28799549518161804,1.0,1.0,7.830611785956037e+24,1.0215534261707708,,,,,98942.8562863133,291852853.4256669,0.7824533066139716,,,
Fcer1g,Piecewise Linear Fit,0.9922741270838957,0.22435962343623547,0.06700619985163221,1.0,0.6848958333333334,1.0737674385280818,1.00002647856296,,837.8141295262201,-6.429371482213749e-05,0.42888233508770834,,,,,,
Adamts4,Piecewise Linear Fit,0.6987996699422637,0.3901679897166644,-0.8391825903022901,1.0,0.9285714285714286,6.04456315064198e+24,1.0214550450426951,,1456.9867445580855,0.0001395429010720997,0.019480941792837336,,,,,,
Arhgap30,Constant Fit,,0,0,1.0,0.0,,,0.023627345439898684,,,,,,,,,
Cd48,Piecewise Linear Fit,0.9493959265247591,0.07947873350250802,0.345252135529152,1.0,0.30691964285714285,1.2049618771671478,1.0000693654745856,,296.79301468318033,-4.740014319908164e-05,0.027407577385816183,,,,,,
Atp1a2,Piecewise Linear Fit,4.2250814486269637e-08,0.03639170303780083,0.0515038628896247,1.0,0.10453869047619048,1585673214846.0264,1.010505705522595,,135.89579336297786,-0.0021788162038951864,3.0225095622343803,,,,,,
Kcnj10,Piecewise Linear Fit,0.9999804101432831,0.4999998553953328,-0.2448609732616476,1.0,0.9996279761904762,3.1421712026201795e+30,1.026468663632509,,1867.1261339288167,0.0003457702754494384,0.9954940358527763,,,,,,
Ifi207,Exponential Saturation Fit,0.9222156725361546,0.0012586612289697088,0.4855831585106939,1.0,0.10453869047619048,1.0811767919339375,1.0000290369059712,,,,,,,,-0.008671847322621972,0.2949463023014873,0.013265235893494466
Zbtb18,Michaelis-Menten Fit,0.016285236419774043,0.4999978853689,0.12781192533066937,1.0,1.0,10944.939502076926,1.0034660496333339,,,,,-34143.60944201004,220738059.17338267,1.2741997170674633,,,
Stum,Piecewise Linear Fit,0.6269091147063757,0.41484760491583744,0.1452446242895378,1.0,0.9449404761904762,1007369.896598458,1.0051556755816347,,1549.1446264725698,-0.000157593686187413,0.9624960981721555,,,,,,
Lefty1,Piecewise Linear Fit,0.4108343275179255,0.16069751669232127,-0.4962626253628157,1.0,0.5197172619047619,3097.7050887164964,1.0029949584020732,,600.0855687170883,0.0001194033604357287,0.036365732651029624,,,,,,
Tmem63a,Piecewise Linear Fit,0.8601198896665434,0.4001359339071623,-0.7000119459900823,1.0,0.9371279761904762,9.904067973068386e+67,1.0599760720999882,,1494.2088500458974,0.00045087539013523,0.14435650170880104,,,,,,
Ephx1,Piecewise Linear Fit,0.9998173145542798,0.043734830712078024,0.10539021833981463,1.0,0.20498511904761904,1.8222103632332534,1.0002232578980572,,163.31684610554643,-0.0003656451153659566,0.31316706182323256,,,,,,
Cnih3,Piecewise Linear Fit,0.16273137543025434,0.11762934845120276,-0.2487698768476839,1.0,0.4099702380952381,431601695467.4635,1.01001663795772,,439.25773508122217,0.0005947111227382002,0.39443067812530846,,,,,,
Ccdc121,Piecewise Linear Fit,0.928125835733816,0.10885737044300234,0.38736573235567046,1.0,0.3835565476190476,1.1569367120812122,1.0000542335192073,,406.4994461121341,-2.8301205587362956e-05,0.020601776054234345,,,,,,
1700047M11Rik,Piecewise Linear Fit,0.9112393391534904,0.42513200624747416,-0.7048622683109831,1.0,0.9601934523809523,4.585004147745791e+31,1.0274927643129608,,1587.550930085346,0.00020574334892047212,0.06838233833214263,,,,,,
Tgfb2,Constant Fit,,0,0,1.0,0.0,,,0.18698069725217753,,,,,,,,,
Kcnk2,Michaelis-Menten Fit,0.005723787194459195,0.49999891385534045,0.158051958491263,1.0,1.0,470.518728296047,1.0022919960401941,,,,,-39134.5840712204,429759080.7221502,0.6228817396066877,,,
Prox1,Piecewise Linear Fit,0.997662241808152,0.3978697069003992,-0.3681139659735464,1.0,0.9330357142857143,888639049709.4917,1.0102880367168605,,1485.7468463113962,0.00014992289573290078,0.19117858609160002,,,,,,
Prox1os,Piecewise Linear Fit,0.9640903598236961,0.04646614718042688,-0.299934728564966,1.0,0.20498511904761904,3.85136649728712,1.0005017731748158,,173.51638368607198,0.0002544266809155442,0.051521075900105705,,,,,,
Rd3,Constant Fit,,0,0,1.0,0.0,,,0.02462221779751624,,,,,,,,,
Lamb3,Piecewise Linear Fit,0.9999999141601285,0.5000023126946701,0.47073663060955767,1.0,0.9996279761904762,5.343495118429074,1.0006236616414241,,1867.125946697664,-2.1161131334698243e-05,0.06172191832924698,,,,,,
Hsd11b1,Piecewise Linear Fit,0.9999987579949468,0.49823683314965966,-0.25074047227150653,1.0,0.9992559523809523,25063.537221963208,1.0037754011154982,,1860.544054337803,9.164245824496551e-05,0.2547501961443361,,,,,,
G0s2,Michaelis-Menten Fit,0.9998710945706988,0.4999887868889828,-0.18216293660177588,1.0,1.0,4.135762476940067,1.0005282911734963,,,,,1530.858692926103,41627258.22501482,0.15413038028323672,,,
Cd34,Michaelis-Menten Fit,0.9958075206687877,0.22702740922000195,0.1435459306538306,1.0,1.0,44.33340081155861,1.0014116123380785,,,,,-0.16908281272314815,776.431082241134,0.47568246101423606,,,
Meig1,Piecewise Linear Fit,0.7306523032992397,0.3052680021695923,0.35474731037766705,1.0,0.8251488095238095,31064.939836928388,1.0038555665957145,,1139.9462965967236,-7.956031280512055e-05,0.17317694109531956,,,,,,
Ccdc3,Piecewise Linear Fit,0.7042667347721057,0.2880237981266216,0.19446945909288815,1.0,0.7935267857142857,177.36922948372242,1.0019282829422953,,1075.5521132238723,-7.638182795425314e-05,0.25229878173000697,,,,,,
Echdc3,Exponential Saturation Fit,0.9997569478429817,0.16512206391326953,0.39892190017047413,1.0,0.9014136904761905,1.096620205237417,1.0000343134269238,,,,,,,,-0.014463631745069922,0.002194843846892144,0.024939109207600976
Gata3,Michaelis-Menten Fit,0.899134872555609,0.4999948954492152,-0.6792888120552663,1.0,1.0,1.3533065715496548,1.0001125624768057,,,,,691.941163624398,91443262.45469533,0.003335123282375171,,,
Itih2,Michaelis-Menten Fit,0.9513410281020549,0.01825096340028364,0.7801444699234903,1.0,0.5803571428571429,7.751429489006012e+21,1.0189277054361165,,,,,-0.12120548957333657,35.36784517232911,0.13571344538500185,,,
Itih5,Piecewise Linear Fit,0.9998778848535047,0.03769262209854035,0.21216511011828149,1.0,0.20498511904761904,12806.026150411686,1.0035246759564869,,140.75374506585334,-0.0009715779545163087,0.3906568354331755,,,,,,
Prkcq,Piecewise Linear Fit,0.9598038348977691,0.3149587800246348,-0.3195467149163068,1.0,0.8284970238095238,1012672.3257661683,1.0051576387154808,,1176.136663598574,0.0001045444667467704,0.1309160225540905,,,,,,
C1ql3,Piecewise Linear Fit,0.6309432794707609,0.484672626930536,0.3130343102099242,1.0,0.9988839285714286,781884.7796602295,1.0050609266390713,,1809.8883323756436,-0.00011876632066430976,0.45081589533698224,,,,,,
Vim,Piecewise Linear Fit,0.6833923579051253,0.05319613740687872,0.25993954047341555,1.0,0.20498511904761904,1932271078659.5742,1.0105800251522545,,198.64778450867533,-0.0016223776064600588,0.7810575448732245,,,,,,
Mrc1,Piecewise Linear Fit,0.9999999999999973,0.034519929710809236,0.510262008900565,1.0,0.10453869047619048,97249.82790927147,1.0042818488024878,,128.90609547125194,-0.0004249050485008722,0.08105772535515905,,,,,,
Slc39a12,Piecewise Linear Fit,0.9898043807588556,0.35570843187571866,-0.08915718954324255,1.0,0.8909970238095238,14.61380064477461,1.0009982532552433,,1328.3067669010152,7.596943474083548e-05,0.5154592637401076,,,,,,
Pip4k2a,Piecewise Linear Fit,0.5686010585721936,0.35414749381951277,-0.2913128002564014,1.0,0.8895089285714286,8.214621657620796e+36,1.0321269199956074,,1322.4764423382444,0.00036696043846513914,0.5902992285302656,,,,,,
Etl4,Piecewise Linear Fit,0.8052772834179298,0.06427387721988943,-0.12670342545429208,1.0,0.2760416666666667,105.08027459165896,1.0017331685732829,,240.01491787024673,0.0005206638338511986,0.4306644784202685,,,,,,
Enkur,Piecewise Linear Fit,0.9195727473019669,0.14755190379020364,0.3112686336208562,1.0,0.49181547619047616,229.89504419343186,1.0020249726703228,,550.9954613518906,-9.666539031972878e-05,0.11218772674461988,,,,,,
Gad2,Piecewise Linear Fit,0.9937928742893132,0.36972348193054294,-0.05390790030332678,1.0,0.9047619047619048,1.6261496021073005,1.0001808999218424,,1380.6425988258245,7.471216466124511e-05,0.9051563290038364,,,,,,
Nsmf,Piecewise Linear Fit,0.9993237724615698,0.46171562874532995,-0.10371422316688256,1.0,0.9895833333333334,2692815526837.0835,1.0107048106432877,,1724.1633584037654,0.00023792839433108164,1.7725678796225264,,,,,,
Fam166a,Piecewise Linear Fit,0.9925101491564025,0.11059701620934542,0.7725570199767654,1.0,0.3854166666666667,4.089060674096985,1.00052406408897,,412.9945826782514,-1.6032997506553406e-05,0.007596241315828934,,,,,,
Slc34a3,Piecewise Linear Fit,0.7610342974491372,0.2585384163272831,-1.1995301849143623,1.0,0.7526041666666666,3329.2167893808996,1.0030218528838477,,965.4514729133423,2.537036607249783e-05,-0.0020371575706737855,,,,,,
Tprn,Exponential Saturation Fit,0.9954039328976098,0.483773585473656,-0.6047108650392274,1.0,1.0,5.766694493927587e+40,1.0355332191940483,,,,,,,,4.6399882265734345,6.957352644850681e-05,0.18474342770887034
Abca2,Exponential Saturation Fit,0.9981162428794433,0.4612565333547265,-0.2842616190093507,1.0,1.0,3.645426827972325e+70,1.0623084852432965,,,,,,,,3.258656939366439,0.0001666707921881689,1.0971188497851463
Clic3,Constant Fit,,0,0,1.0,0.0,,,0.008728639201642033,,,,,,,,,
Ptgds,Piecewise Linear Fit,0.11317978987139281,0.03418773876873973,0.08681767646826492,1.0,0.10453869047619048,80289377476747.61,1.0119821771942537,,127.66563817651549,-0.004473872405888375,3.5750008851303665,,,,,,
Tmem141,Michaelis-Menten Fit,0.9805447357410378,0.18442582928820267,-0.10112650672738856,1.0,1.0,17.05988287039711,1.001055888038447,,,,,0.1476882378610363,545.5869304217938,0.5079459048726724,,,
Nacc2,Piecewise Linear Fit,0.999760538119776,0.4821200113115224,-0.2923388942505946,1.0,0.9977678571428571,6.450933729219261e+33,1.029385353371162,,1800.3583042997552,0.00032225201947171545,0.7022040419545525,,,,,,
Card9,Constant Fit,,0,0,1.0,0.0,,,0.016005993247328928,,,,,,,,,
Notch1,Piecewise Linear Fit,0.9999997754110146,0.4999988955251626,-0.1836972368453003,1.0,0.9996279761904762,8.82162145102687,1.0008103004715132,,1867.126133928797,4.5270285395904255e-05,0.18780430237480897,,,,,,
Fam163b,Piecewise Linear Fit,0.999822866990477,0.47963950558828383,0.42007241941894274,1.0,0.9959077380952381,9.646458956084505e+22,1.0198838908313503,,1791.0942623061544,-0.000275896400576046,0.8352583118184284,,,,,,
Olfm1,Piecewise Linear Fit,0.6172878579500407,0.39495817384760423,0.06020675601321691,1.0,0.9330357142857143,63550905.34865135,1.0067066723402134,,1474.8728324637814,-0.00023638230972175737,3.069621950248648,,,,,,
1700007K13Rik,Piecewise Linear Fit,0.8048769546765095,0.12827211041493652,0.1996518032762845,1.0,0.43712797619047616,10.025865815599946,1.0008579453303486,,478.9999211179514,-9.616513866874342e-05,0.13839011884394695,,,,,,
Prrx2,Michaelis-Menten Fit,0.8865685928357064,0.0019593862786808107,0.4387964025030679,1.0,0.10453869047619048,41.380332310112735,1.001385931876875,,,,,-0.028510713301264378,3.672814225266982,0.04665099514617994,,,
Fnbp1,Piecewise Linear Fit,0.9233604992104489,0.4001354884362561,-0.3988149903507146,1.0,0.9371279761904762,7.236849119389048e+47,1.041849270408475,,1494.2072262390705,0.00040264744899888506,0.45346362744857316,,,,,,
Qrfp,Piecewise Linear Fit,0.9924237770466717,0.16219953804086767,0.8141252763836763,1.0,0.5528273809523809,1.4084099348912067,1.0001274118968242,,605.6886126768886,-1.1258048173607008e-05,0.00759728727667272,,,,,,
Fibcd1,Constant Fit,,0,0,1.0,0.0,,,0.17587970079183946,,,,,,,,,
Lamc3,Michaelis-Menten Fit,0.8613965184222825,0.006388939362732994,0.41077755610582717,1.0,0.20498511904761904,47.90950984080803,1.001440513486202,,,,,-0.03427292857022513,12.083355229908454,0.058475173076420535,,,
Aif1l,Piecewise Linear Fit,0.9551316592444031,0.389257941707902,-0.5502057953388935,1.0,0.9255952380952381,184950832375910.94,1.0122963819337667,,1453.588507618972,0.0001257412667264573,0.07470987518792445,,,,,,
1110008P14Rik,Michaelis-Menten Fit,0.9994203282266929,0.49999767108482174,0.06621363774111522,1.0,1.0,5797.549601435679,1.003228858797286,,,,,-28796.27033119865,200427808.09936333,2.159805615698181,,,
Lcn2,Piecewise Linear Fit,0.8920102526891305,0.1693718191960752,0.4223773639413701,1.0,0.5706845238095238,426.3951299700636,1.0022552798216815,,632.476221171489,-7.197277809936735e-05,0.07664726623529924,,,,,,
Eng,Constant Fit,,0,0,1.0,0.0,,,0.32145030048360795,,,,,,,,,
Angptl2,Constant Fit,,0,0,1.0,0.0,,,0.04780361221979884,,,,,,,,,
Gsn,Piecewise Linear Fit,0.9999918154041771,0.4263246331373674,-0.4652875130311201,1.0,0.9635416666666666,8.513452902373918e+60,1.0535798354872123,,1592.0039748854833,0.0006451925998422461,0.5902044208979165,,,,,,
Morn5,Piecewise Linear Fit,0.9988820644491866,0.045816601777044615,0.3411096588962485,1.0,0.20498511904761904,40.346564711713285,1.0013765068793925,,171.090672981463,-0.00022479402971793162,0.07560515090840386,,,,,,
Lhx2,Piecewise Linear Fit,0.44996133952343526,0.3307436280645038,0.41348986755254413,1.0,0.8586309523809523,4.914467400589445e+31,1.0275192900138188,,1235.0797497415301,-0.0003139199902719468,0.6626921185911417,,,,,,
Nr5a1,Piecewise Linear Fit,0.9878609324517209,0.3211349251755442,0.9999999941214953,1.0,0.8448660714285714,297.6728490149995,1.002121292545987,,1199.1925260723167,-1.9045323002147e-05,0.022839009017937468,,,,,,
Zeb2,Michaelis-Menten Fit,0.9988096550413504,0.4804488831456799,-0.22654431937907954,1.0,1.0,6.2833639316527016e+16,1.0144936370443287,,,,,5.918900594924551,22941.366286805653,0.7604428687668776,,,
Lypd6b,Piecewise Linear Fit,0.9999998819363868,0.5000008499461208,0.26624268205894863,1.0,0.9996279761904762,31.379394273838226,1.00128287256638,,1867.1261339249522,-5.8827284687932344e-05,0.26119312041960435,,,,,,
Lypd6,Piecewise Linear Fit,0.9931201873711294,0.37871377161290537,0.2103968396298929,1.0,0.9107142857142857,262.16907213083306,1.002073944383336,,1414.2110003940327,-8.03474985258929e-05,0.32684748289451276,,,,,,
Tnfaip6,Piecewise Linear Fit,0.7048562120646237,0.4170922338374943,-0.7847273390259424,1.0,0.9516369047619048,2.587880579493315e+54,1.0477143947331433,,1557.5281138673317,0.000315446221786485,0.06739091058150659,,,,,,
Rprm,Piecewise Linear Fit,0.6307746445250245,0.4617025081000694,0.26171279347980214,1.0,0.9895833333333334,18496398.763720546,1.0062445228703636,,1724.112684480479,-0.00018082556381963585,0.7515035438179167,,,,,,
Nr4a2,Piecewise Linear Fit,0.9556027880979571,0.16058995651510824,-0.19788103500954293,1.0,0.5074404761904762,52.18943544850107,1.00147239246362,,599.68379136351,0.0001569639118743251,0.19077731842695778,,,,,,
Gm33594,Piecewise Linear Fit,0.9958574637126549,0.41023823291163514,-0.7620428768009866,1.0,0.9423363095238095,25102.223881491183,1.003775977074163,,1531.9380526111765,3.063254122364978e-05,0.007326786456525575,,,,,,
Galnt5,Constant Fit,,0,0,1.0,0.0,,,0.002125638281382922,,,,,,,,,
Ermn,Piecewise Linear Fit,0.9991711834393074,0.40013423457372904,-0.6721477350249582,1.0,0.9371279761904762,4.7353569469861134e+95,1.0854092270647715,,1494.2023833700043,0.0007099511467327325,0.2587148412820789,,,,,,
Dapl1,Piecewise Linear Fit,0.9943121785107802,0.04131053861883592,0.9062001302869962,1.0,0.20498511904761904,8.444117325934227e+19,1.0172159296426395,,154.26393956220207,-0.0004680109614307289,0.07593374538217867,,,,,,
Tanc1,Piecewise Linear Fit,0.9946879439651399,0.450389854138781,-0.4268244201378822,1.0,0.9825148809523809,1.4881215732251681e+18,1.0156887781519326,,1681.8702382576682,0.00018604342623634832,0.21009476873336047,,,,,,
Tbr1,Michaelis-Menten Fit,0.002369013375190399,0.4999992406743808,0.211295354953262,1.0,1.0,2685.7866884157916,1.0029417175500348,,,,,-79505.42654628713,614730793.6835606,0.6921723523632662,,,
Kcnh7,Piecewise Linear Fit,0.9998214468842869,0.4615276178790746,0.2199934263943075,1.0,0.9880952380952381,156350.21672748204,1.0044592634091196,,1723.4590709083095,-0.00011622734768862142,0.5554271341906258,,,,,,
Fign,Piecewise Linear Fit,0.49254228571792946,0.2584778954994799,-0.3429400595475914,1.0,0.7503720238095238,12709.728796607395,1.0035218579877543,,965.2228699300007,8.02699204772122e-05,0.07422277907679165,,,,,,
Grb14,Piecewise Linear Fit,0.6718985240689794,0.3823082329890222,-0.4652864669643008,1.0,0.9107142857142857,5.54264437616747e+70,1.0624740879561272,,1427.6356151466462,0.0006231857280746351,0.5112174049992818,,,,,,
Scn1a,Piecewise Linear Fit,0.9813766779614113,0.3832592291071341,-0.22726852299967842,1.0,0.9133184523809523,11755597315231.21,1.0112590988563,,1431.1873493060561,0.00020334113218674146,0.49474457905013125,,,,,,
Scn7a,Piecewise Linear Fit,0.9775662138711768,0.355412338995989,0.34853920134704514,1.0,0.8898809523809523,8.600485170194935,1.000800848267095,,1327.194289170345,-2.6313740953760892e-05,0.06756146329011418,,,,,,
Gad1,Constant Fit,,0,0,1.0,0.0,,,1.2169522326975097,,,,,,,,,
Dcaf17,Piecewise Linear Fit,0.9995103859662378,0.4617014152293388,-0.4220184835691132,1.0,0.9884672619047619,549944689378.036,1.0101076918101948,,1724.1109963816073,0.00011977239363250768,0.14140814735083135,,,,,,
Cybrd1,Piecewise Linear Fit,0.6825777649504134,0.16883590488591277,0.3385946136002451,1.0,0.5565476190476191,7.132237746885945,1.000731154452887,,630.4741748495245,-3.739773287959001e-05,0.04660704936335996,,,,,,
Rapgef4,Michaelis-Menten Fit,0.9793355853209307,0.3681387388840516,-0.12169022981604052,1.0,1.0,2404850275.5931487,1.0080683698683557,,,,,0.7603823866207158,2606.3813393643704,1.145300751737136,,,
Wipf1,Piecewise Linear Fit,0.9654521909861029,0.28791589943401935,-0.20543725108703015,1.0,0.7879464285714286,120.96774963254528,1.0017856414614026,,1075.1521431090118,6.969300258798182e-05,0.14490324455440556,,,,,,
Chn1,Michaelis-Menten Fit,0.6308670389258071,0.49999912180286027,0.105220953816277,1.0,1.0,468703675008.8261,1.0100476256473452,,,,,-139448.72788481868,531521576.1710355,2.572661636886819,,,
Hoxd1,Piecewise Linear Fit,0.9924385033274462,0.41598695391942586,-1.3807849400878556,1.0,0.9512648809523809,13.818079948568355,1.0009774036410322,,1553.4255405576034,6.136408637046214e-06,-0.0013144027434877437,,,,,,
Neurod1,Piecewise Linear Fit,0.5238476332106514,0.32294301653894997,0.415776748983717,1.0,0.8515625,73353836092.6042,1.0093509497153115,,1205.9497820509062,-0.00013254411712076318,0.27214117831891366,,,,,,
Pde1a,Michaelis-Menten Fit,0.9887705802827845,0.4999989932859696,0.10873430694870723,1.0,1.0,32.058709412616786,1.0012908506199896,,,,,-47443.884126846264,463667527.5285828,0.9740390385604573,,,
Zfp804a,Piecewise Linear Fit,0.9998852591281451,0.48476360335079016,-0.44262617144160354,1.0,0.9988839285714286,4040479994918.586,1.0108573965433445,,1810.2309724093464,0.000130493169597619,0.14873091812406533,,,,,,
Serping1,Michaelis-Menten Fit,0.9999354240550173,0.00257883411700291,0.47730071479328057,1.0,0.10453869047619048,2137036817255.8635,1.0106178941032367,,,,,-0.15219543831965615,4.839971536024699,0.23492224364908193,,,
Ube2l6,Piecewise Linear Fit,0.8967281916142658,0.11417019019415066,0.24486188894875988,1.0,0.4099702380952381,89276.08903506162,1.0042498865763743,,426.3401363883703,-0.0002745872046647386,0.2975818887270212,,,,,,
Lrrc55,Constant Fit,,0,0,1.0,0.0,,,0.12685998442799087,,,,,,,,,
4833423E24Rik,Piecewise Linear Fit,0.9889486154622521,0.12776778278540643,0.3974057627551614,1.0,0.4133184523809524,1.7471134514807412,1.0002075977990825,,477.1153660076165,-2.7007374789476202e-05,0.022655004240092615,,,,,,
Mdk,Piecewise Linear Fit,0.9997129759238927,0.037417758526972475,0.12024317179657874,1.0,0.20498511904761904,506.9379080740928,1.0023197953982212,,139.72733604328818,-0.0010278441077559285,0.6690067749436142,,,,,,
Dgkz,Piecewise Linear Fit,0.6309521992067219,0.5000003083996313,0.10882117563029384,1.0,0.9996279761904762,303161.4181661695,1.0047067342549887,,1867.126133928569,-0.00016212735145277796,1.5422260974143311,,,,,,
Trp53i11,Michaelis-Menten Fit,0.9984467001551888,0.4999960659200357,0.6131210363914942,1.0,1.0,1.1174266722394644e+54,1.047387108858178,,,,,-49215.8503583499,118649815.98543371,1.018815373781372,,,
Tspan18,Constant Fit,,0,0,1.0,0.0,,,0.05138638402882869,,,,,,,,,
Cd82,Piecewise Linear Fit,0.9999987253353523,0.49999984914819245,-0.594256083530439,1.0,0.9996279761904762,5.095942590920401e+40,1.0354855833016203,,1867.1261339269934,0.0003314521523324658,0.2112724584948546,,,,,,
Prr5l,Michaelis-Menten Fit,0.9998670144575279,0.49999715411013096,-0.7789484010463162,1.0,1.0,2.4186382336922787e+36,1.031657535329087,,,,,33864.24018670291,164018603.2341333,0.054698058953349615,,,
Ldlrad3,Michaelis-Menten Fit,0.99997421989573,0.4999969769715571,-0.4919231070235561,1.0,1.0,116279458.51763846,1.0069329652723034,,,,,12486.081172652102,154407649.4385132,0.0779700788409328,,,
Pamr1,Michaelis-Menten Fit,0.053339291279534205,0.4999988605794261,0.2726506343668066,1.0,1.0,125.41560093031018,1.0017990989660428,,,,,-26119.231798078516,409664781.1216405,0.27782808075570825,,,
Cd44,Constant Fit,,0,0,1.0,0.0,,,0.07190541881819663,,,,,,,,,
Cd59a,Piecewise Linear Fit,0.9941941765265573,0.2932448747020068,-0.1638795207877564,1.0,0.8065476190476191,2045.202857683967,1.0028400566882327,,1095.051097912188,0.00014417690921737962,0.40275809296229914,,,,,,
Pax6os1,Constant Fit,,0,0,1.0,0.0,,,0.004618435231727698,,,,,,,,,
Pax6,Constant Fit,,0,0,1.0,0.0,,,0.10956923895064404,,,,,,,,,
Bdnf,Piecewise Linear Fit,0.707804662643523,0.3327862858845489,0.2519747049198789,1.0,0.8619791666666666,1954403.1240597407,1.005403533089007,,1242.7069581757548,-0.0001262144190639006,0.38966043958825775,,,,,,
Ccdc34,Michaelis-Menten Fit,0.9997035171661381,0.49999016891511044,-0.17842093034565365,1.0,1.0,35.849090314544576,1.0013324785509958,,,,,2883.3400271397927,47479231.732407786,0.2610491772847549,,,
Bbox1,Michaelis-Menten Fit,0.7828574016933751,0.49999584869653163,-0.29975624935439893,1.0,1.0,2.2683038350287807,1.000304745957967,,,,,2286.264243401006,112441228.88574925,0.04434230719178973,,,
Ano3,Piecewise Linear Fit,0.632890081795623,0.48215694374923046,0.21639290086300714,1.0,0.9985119047619048,10323.420018362509,1.0034442251929245,,1800.4939390078096,-0.00010457958607979907,0.5292239069043763,,,,,,
Grem1,Constant Fit,,0,0,1.0,0.0,,,0.0232969048741794,,,,,,,,,
Meis2,Constant Fit,,0,0,1.0,0.0,,,0.4027439845592345,,,,,,,,,
Rasgrp1,Piecewise Linear Fit,0.0635250333898376,0.13314618924961355,-0.1559362111983244,1.0,0.46651785714285715,2.4078338617889358e+19,1.0167412100728477,,497.20151385565043,0.0009090661483728861,1.2232809810290661,,,,,,
Pak6,Piecewise Linear Fit,0.9900754510868137,0.42276766115232994,0.5893918012749314,1.0,0.9568452380952381,1.2027112685282397e+38,1.033157961481872,,1578.720522649122,-0.0002746624486355951,0.5846573645121214,,,,,,
Ankrd63,Piecewise Linear Fit,0.9998988322716025,0.45355468943588,0.6341649452163074,1.0,0.9847470238095238,1757065924247.2922,1.0105442905365734,,1693.6861561585388,-0.00011510213800546229,0.2511770705032811,,,,,,
Itpka,Piecewise Linear Fit,0.6295919715470034,0.4347005544316433,0.4007166724781057,1.0,0.9661458333333334,4.194362068677819e+36,1.0318688535542582,,1623.2811919756437,-0.0004784915433832946,1.3575346187385187,,,,,,
Tyro3,Exponential Saturation Fit,0.9999999999357313,0.006233651856655258,-0.09137324932395424,1.0,0.10453869047619048,42.20237988989781,1.0013932600936117,,,,,,,,0.13596277010954458,0.059553769973292904,0.676015195489089
Patl2,Constant Fit,,0,0,1.0,0.0,,,0.001454102359947097,,,,,,,,,
B2m,Piecewise Linear Fit,0.9999275939828856,0.044512926193525364,0.030129969490036813,1.0,0.20498511904761904,3.53932764542419,1.0004703251435139,,166.22246748527425,-0.0005914994016204786,1.6807664450083946,,,,,,
Gatm,Piecewise Linear Fit,0.8917582845499247,0.39872000647120825,-0.45916770960114395,1.0,0.9334077380952381,4.695030651736098e+80,1.0715483459496238,,1488.9213112011585,0.0006682897097568312,0.586000246063266,,,,,,
Sema6d,Piecewise Linear Fit,0.9999991250144143,0.49999965399754154,-0.24351546634271007,1.0,0.9996279761904762,488965110.8513166,1.007471149410146,,1867.126133363469,0.00014457081348742497,0.41927386339437245,,,,,,
Gm9913,Constant Fit,,0,0,1.0,0.0,,,0.0014877579453950527,,,,,,,,,
Secisbp2l,Exponential Saturation Fit,0.9287365441809167,0.4100705962707079,-0.293074449553767,1.0,1.0,8.536688567907541e+45,1.04012978578434,,,,,,,,1.2962698373185433,0.00039388602784025205,0.8140503103797024
Hdc,Michaelis-Menten Fit,0.9940425285811878,0.1156402965156409,0.3566803077295343,1.0,1.0,12.424262713235997,1.0009378097185166,,,,,-0.058179990774198886,280.8762429417189,0.09617915139384911,,,
Mal,Piecewise Linear Fit,0.4486167174156545,0.35142119570931274,-0.42668274761914315,1.0,0.8705357142857143,1.172077743463787e+115,1.1035916135763126,,1312.2955037051186,0.0012304195906458761,1.0847878448384993,,,,,,
Pdyn,Piecewise Linear Fit,0.9999013999623677,0.4673255299778587,0.6615462989401524,1.0,0.9918154761904762,2.1211450359999494e+17,1.0149529184787722,,1745.1104328119375,-0.00017674954185307364,0.3873498741441534,,,,,,
Oxt,Piecewise Linear Fit,0.8414176943058437,0.04566398863482485,0.8761084892531672,1.0,0.20498511904761904,9.459040278473366e+18,1.016387854931411,,170.52083206475024,-0.0008099106544577459,0.1478715480850425,,,,,,
Avp,Exponential Saturation Fit,0.9763370890900143,0.05695387274747535,0.6018277542603648,1.0,0.4099702380952381,6916968882.500574,1.0084646583655976,,,,,,,,-0.11477949564107903,0.006518164193241183,0.15274804755059618
4930402H24Rik,Piecewise Linear Fit,0.9999994914679411,0.49832140440228245,-0.24310816234033863,1.0,0.9992559523809523,3.2674426563235948e+16,1.0142468756770688,,1860.8586856594354,0.0002186291465725837,0.6333236980706094,,,,,,
Rassf2,Piecewise Linear Fit,0.8909057545581582,0.3380046200354489,-0.31884523538760196,1.0,0.8660714285714286,2327631587593265.0,1.0132505729224945,,1262.1951578660778,0.0001975412835635519,0.26633010029406246,,,,,,
AV099323,Constant Fit,,0,0,1.0,0.0,,,0.007554191138895994,,,,,,,,,
Chgb,Piecewise Linear Fit,0.9319703516041468,0.037068743191838144,-0.03892551212496587,1.0,0.20498511904761904,6.727910630831109,1.0007094273577506,,138.42405280567664,0.0009563029386761567,1.6341795403404324,,,,,,
Plcb4,Piecewise Linear Fit,0.9998130262044296,0.4617212590339598,-0.2947166565654268,1.0,0.9906994047619048,3.779997377904689e+21,1.0186555145040597,,1724.18426507669,0.00028432594661598594,0.5865825255276576,,,,,,
Lamp5,Piecewise Linear Fit,0.997455580790635,0.4479517738269815,0.538901751478038,1.0,0.9773065476190477,1.1646146592716372e+35,1.0304939697287288,,1672.7645386844383,-0.00043043726472120425,1.0280541233424663,,,,,,
Pcsk2,Piecewise Linear Fit,0.6700544716014784,0.3683066936261627,0.05194870363333185,1.0,0.9014136904761905,246.2032977324115,1.002050521178301,,1375.3489976184053,-0.0001240929724006681,1.7280247376881113,,,,,,
Slc24a3,Piecewise Linear Fit,0.14503056994578709,0.12526237487888156,-0.1617096782681049,1.0,0.4099702380952381,32069044186589.855,1.011636721768348,,467.761378043092,0.0006627920588531804,0.8035818147956544,,,,,,
Nkx2-4,Michaelis-Menten Fit,0.820464708971307,0.09806234574702523,0.6647017504185811,1.0,1.0,11162.834265757427,1.0034734086680626,,,,,-0.05645612789990074,227.7651345097154,0.06300904208887396,,,
Nkx2-2,Michaelis-Menten Fit,0.9979558045507484,0.4999948740707894,-0.46125707461271626,1.0,1.0,235224838.44445977,1.007196924709626,,,,,8344.258118821695,91061880.08158958,0.09991355562386216,,,
Thbd,Exponential Saturation Fit,0.9997134488468357,0.0215429404184518,0.5976442610399134,1.0,0.20498511904761904,1.3070618879549473e+18,1.0156397584268608,,,,,,,,-0.1450091308785574,0.017232441919122793,0.19382182745604398
Cd93,Constant Fit,,0,0,1.0,0.0,,,0.06959107892166452,,,,,,,,,
Trib3,Piecewise Linear Fit,0.9962400514566528,0.05181856483162299,0.5000363359639179,1.0,0.20498511904761904,2.8929333651418636,1.0003952681993071,,193.5033242976295,-7.194993525243484e-05,0.02088281572637146,,,,,,
Nrsn2,Piecewise Linear Fit,0.9472104292608982,0.0768917737451132,-0.06460865816349841,1.0,0.30691964285714285,53.75496825352154,1.0014834042522256,,287.1333289332886,0.0005926874410973181,1.231918449532382,,,,,,
Gm26841,Constant Fit,,0,0,1.0,0.0,,,0.0015407197000834461,,,,,,,,,
Id1,Piecewise Linear Fit,0.9999628411883068,0.0370684706190351,0.14515670932225946,1.0,0.18377976190476192,1442.0132618426808,1.0027096897077674,,138.4230074865419,-0.0010657260450798035,0.581904441873386,,,,,,
Dnmt3b,Constant Fit,,0,0,1.0,0.0,,,0.005005111308626961,,,,,,,,,
Necab3,Constant Fit,,0,0,1.0,0.0,,,0.6501693828658716,,,,,,,,,
Gss,Piecewise Linear Fit,0.9957946080298884,0.4370752347456723,-0.3838256734977241,1.0,0.9683779761904762,1005213155536482.0,1.0129341128589116,,1632.150222419526,0.00015756678030907591,0.20642598804291076,,,,,,
Myl9,Exponential Saturation Fit,0.9913543355555466,0.036973133020624195,0.15492441905189536,1.0,0.30691964285714285,72.56929185243489,1.0015952225990503,,,,,,,,-0.1264053769003468,0.010040735944989726,0.4711608935070286
Ghrh,Michaelis-Menten Fit,0.9808999584953801,0.07146949157242978,0.7975311447624077,1.0,1.0,290209183291.40485,1.0098675132561419,,,,,-0.15613654645408967,155.6978472757533,0.16241229726527912,,,
Nnat,Michaelis-Menten Fit,0.9987130057560667,0.024966192075219114,0.06998332830499769,1.0,0.7287946428571429,411.70809519979906,1.0022422103712463,,,,,-0.2827774444015654,49.064960090036784,2.106357230225463,,,
Vstm2l,Michaelis-Menten Fit,0.6307704400138638,0.4999994032884141,0.28115747029913735,1.0,1.0,3.9604303909664965e+19,1.0169294551833479,,,,,-224063.19353830628,782255629.5289413,1.2184770003963385,,,
Tgm2,Piecewise Linear Fit,0.9997233042538811,0.03932935602710782,0.35427500167541814,1.0,0.20498511904761904,370134.69738129416,1.0047813430745767,,146.8657161359174,-0.0007060276114715244,0.1981885090839261,,,,,,
Lbp,Piecewise Linear Fit,0.9998930625471909,0.03871944862152529,0.28195369407431264,1.0,0.20498511904761904,13.270979120879577,1.0009623599553048,,144.58815765527083,-0.00046387171278911184,0.1524737800080405,,,,,,
Slc32a1,Michaelis-Menten Fit,0.9033553094187753,0.12816229785319705,-0.2042716198549941,1.0,1.0,522209.2543187153,1.0049100146818952,,,,,0.3052164282796867,321.77368581554344,0.5070870238459815,,,
Ppp1r16b,Piecewise Linear Fit,0.949300267586269,0.36296606878583065,-0.18967263598387607,1.0,0.8950892857142857,6.5259870816811416e+16,1.0145079361927571,,1355.407393803784,0.00025656743142605056,0.7428432922170657,,,,,,
Sgk2,Piecewise Linear Fit,0.9996316645781509,0.4423731296952143,-0.8085670640998956,1.0,0.9694940476190477,7639114059723.497,1.0110969462817125,,1651.9351724426713,7.15234243916404e-05,0.01398659228749768,,,,,,
Mybl2,Piecewise Linear Fit,0.9682724549722829,0.06370934075526771,0.4906244399621653,1.0,0.21428571428571427,8.534089199162617,1.0007979627852266,,237.90637518705321,-6.343976426775053e-05,0.02292750005360156,,,,,,
Gm16316,Constant Fit,,0,0,1.0,0.0,,,0.0026437654884393044,,,,,,,,,
Dbndd2,Piecewise Linear Fit,0.9995925832291755,0.3987217148149184,-0.44947471805212635,1.0,0.9334077380952381,5.567032750791935e+61,1.0543161089555355,,1488.9277826722719,0.0004728547836846713,0.43116492529969375,,,,,,
Wfdc2,Constant Fit,,0,0,1.0,0.0,,,0.04343547684980258,,,,,,,,,
Ube2c,Piecewise Linear Fit,0.9999952870444094,0.4790756206071928,-0.42896007775075856,1.0,0.9947916666666666,2.3901978224731426,1.0003242252183235,,1789.0003779348326,1.6037257042453327e-05,0.019096778977951805,,,,,,
Tnnc2,Piecewise Linear Fit,0.9259811075102485,0.15870934953970575,0.9190215801618328,1.0,0.5074404761904762,7598.8355149512045,1.0033298435175229,,592.6589471122104,-3.290116472915986e-05,0.020358241886781717,,,,,,
Pltp,Piecewise Linear Fit,0.6581404622985685,0.044894427837278386,0.09897832788305304,1.0,0.20498511904761904,43.19954665383251,1.0014019602517417,,167.6470998142305,-0.000875382133427601,0.8147281892629369,,,,,,
Slc13a3,Michaelis-Menten Fit,0.9557990035624528,0.014418481536462477,0.5098222577278695,1.0,0.4880952380952381,3.901403794816963e+28,1.0247940965047715,,,,,-0.28976419854778707,27.720498665833247,0.42278673719200854,,,
Sulf2,Piecewise Linear Fit,0.17189168068011396,0.25128906038187454,-0.20676723161129237,1.0,0.7287946428571429,499726142251.0847,1.0100717083132733,,938.3771066352747,0.00025849431766061825,0.46528316851807977,,,,,,
Kcng1,Michaelis-Menten Fit,0.0019684496967534667,0.49999956877096813,0.44560209981377374,1.0,1.0,25790.349661555872,1.003786076102659,,,,,-81288.41941548951,1082443724.3213487,0.22744050283502756,,,
Tshz2,Michaelis-Menten Fit,0.7960553936692263,0.039194437314011864,0.18055980566572594,1.0,0.9382440476190477,593.4551548879709,1.0023785540629224,,,,,-0.14909856465436575,79.40546299476875,0.46754410007230196,,,
Bcas1,Michaelis-Menten Fit,0.9752160468855637,0.4999992428549523,-0.5791917946562457,1.0,1.0,3.882250655806529e+112,1.1012497422721585,,,,,485386.89648636745,616501216.8799856,0.5340209013135878,,,
Cbln4,Piecewise Linear Fit,0.5213766331274656,0.25874836625896414,0.3107266733322622,1.0,0.7526041666666666,435612539.04920125,1.007427846336327,,966.231230276835,-0.0002179976995632055,0.44425936087463425,,,,,,
Bmp7,Piecewise Linear Fit,0.999999999999997,0.034668366085667646,0.4488482022369599,1.0,0.10453869047619048,406864484928401.3,1.0125933319141314,,129.4604144005278,-0.0012596118770455333,0.26318864023473415,,,,,,
Zbp1,Piecewise Linear Fit,0.7016299472390957,0.03483882065162149,0.41129168650649023,1.0,0.10453869047619048,4.331822652670595,1.0005455313334637,,130.09685608422055,-0.00014626905112293754,0.03264796388541154,,,,,,
Gm10714,Piecewise Linear Fit,0.7539087618934217,0.09789181115859136,0.3943823479485127,1.0,0.3645833333333333,5.6108407867001455,1.0006418355688458,,365.55211236124615,-6.037578817226334e-05,0.03901633961437577,,,,,,
Gm14412,Constant Fit,,0,0,1.0,0.0,,,0.0033500668210326738,,,,,,,,,
Gm14403,Constant Fit,,0,0,1.0,0.0,,,0.01884785165875245,,,,,,,,,
Cdh26,Exponential Saturation Fit,0.9998469118516986,0.04937320792420778,0.7212822178324145,1.0,0.3835565476190476,139.8917557962577,1.001839811269138,,,,,,,,-0.01919146464502962,0.0075189978371742044,0.022899427934469484
Hrh3,Piecewise Linear Fit,0.21909155094487545,0.11845225223249567,-0.24418992136189188,1.0,0.4099702380952381,7.69772841203899e+16,1.0145702628077595,,442.33065254017004,0.000725035806741367,0.49631961525877827,,,,,,
Col9a3,Piecewise Linear Fit,0.9589493230660449,0.20524681231568928,-0.1727520683810608,1.0,0.6443452380952381,10.960275208055544,1.0008911250123855,,766.4442037950582,9.24055221842711e-05,0.16957464167508873,,,,,,
Col20a1,Constant Fit,,0,0,1.0,0.0,,,0.01392375088528343,,,,,,,,,
Chrna4,Piecewise Linear Fit,0.8973840992640488,0.3161751589908105,-0.40341277332121006,1.0,0.8355654761904762,4.3027093236113846e+27,1.0239539129849706,,1180.678193622291,0.0003034221225268484,0.26489459313588914,,,,,,
Bmp15,Michaelis-Menten Fit,0.8336562665694088,5.781881957120151e-10,0.7658692854334976,1.0,0.10453869047619048,3.3666841412887147,1.0004517122314536,,,,,-0.005774675818131088,1.07955025440236e-06,0.006657351830161495,,,
Slc38a5,Piecewise Linear Fit,0.9751656755896732,0.1335442437177032,0.17718489526009693,1.0,0.4880952380952381,2.0194133271640027,1.0002614951352078,,498.6872140744331,-7.324083691170275e-05,0.12133036960479089,,,,,,
Lancl3,Michaelis-Menten Fit,0.9811230729845921,0.0063370632413241885,0.48881965210445727,1.0,0.20498511904761904,1.6238315407135895,1.0001803691311004,,,,,-0.010444623559172108,11.983982674395522,0.015804387053670408,,,
Cybb,Michaelis-Menten Fit,0.9932106199678062,0.2812595119763627,0.7567556864865705,1.0,1.0,4.161017771109548,1.0005305572511176,,,,,-0.02702830650178865,1200.3881485037944,0.01909552387894852,,,
Gpr34,Constant Fit,,0,0,1.0,0.0,,,0.166167676817165,,,,,,,,,
4930578C19Rik,Piecewise Linear Fit,0.9999999999999972,0.034452221529907415,0.6648027713795055,1.0,0.10453869047619048,3.850328946711821,1.0005016728885388,,128.6530843374442,-6.367607945326204e-05,0.010257381055660294,,,,,,
Zcchc12,Piecewise Linear Fit,0.9991707850456245,0.4467352104616843,0.3075583378869946,1.0,0.9720982142857143,2.8878139027463656e+16,1.0142002742787257,,1668.221430676568,-0.00030772080546038636,1.0912245551190571,,,,,,
Tmem255a,Piecewise Linear Fit,0.9999996554834912,0.50000043907414,0.34261809765323065,1.0,0.9996279761904762,932801.8135377242,1.005126917849403,,1867.1261339281075,-0.00011387602779960271,0.41659894838266454,,,,,,
Lamp2,Piecewise Linear Fit,0.7726355722540765,0.2932546376768832,-0.11735339107454411,1.0,0.8065476190476191,105665.66417587953,1.0043128582710383,,1095.0874901985883,0.00015770398716597576,0.6494604499421355,,,,,,
Cul4b,Piecewise Linear Fit,0.8657290674655022,0.09756717159991167,-0.20392747166218947,1.0,0.34561011904761907,4.159582922152029,1.0005304288754928,,364.34073045063553,0.00012200184194329401,0.08676029472717744,,,,,,
Prr32,Piecewise Linear Fit,0.7853991102647851,0.1697341955553853,-0.5604876402777607,1.0,0.5803571428571429,6.784882686897147,1.0007125666282282,,633.8317467899836,4.3951767080053997e-05,0.010922583748630114,,,,,,
Apln,Piecewise Linear Fit,0.9999995052343235,0.4999990880158142,-0.19376249086730946,1.0,0.9996279761904762,29.449690246460197,1.0012592309282617,,1867.1261338476982,5.482671974045883e-05,0.21297528860564746,,,,,,
Sash3,Piecewise Linear Fit,0.9906708999962802,0.035000248240095316,0.31383467479576727,1.0,0.10453869047619048,1.6895149776920386,1.0001951237560003,,130.69966867304473,-0.00014904220303637789,0.04077496016391681,,,,,,
Zdhhc9,Exponential Saturation Fit,0.9998670561414561,0.342618515940692,-0.3957759100810341,1.0,1.0,29573675150.13423,1.0090098969733154,,,,,,,,0.269353640016016,0.0007234419361709224,0.15234701592782016
Elf4,Piecewise Linear Fit,0.9861516602109417,0.07350595639369642,0.4164145734343445,1.0,0.2760416666666667,1.431217680962728,1.0001333889576733,,274.48915183215297,-4.3395394192771544e-05,0.02025831372840624,,,,,,
Arhgap36,Piecewise Linear Fit,0.9744113490348425,0.0892802875852467,0.2716542935348125,1.0,0.30691964285714285,1170.8615038588941,1.0026319900177716,,333.3950095770127,-0.0003121291462999113,0.2435655783033369,,,,,,
Igsf1,Constant Fit,,0,0,1.0,0.0,,,0.27409322989026147,,,,,,,,,
1700013H16Rik,Constant Fit,,0,0,1.0,0.0,,,0.0017641538513601832,,,,,,,,,
Gpr101,Piecewise Linear Fit,0.9999994638495538,0.5000010035797978,0.4722309118316286,1.0,0.9996279761904762,476.30252765454185,1.002296551650871,,1867.1261338646366,-4.9820893924927984e-05,0.1450029031996507,,,,,,
Zic3,Piecewise Linear Fit,0.9997361185373943,0.41875672433944566,-0.367430393959922,1.0,0.953125,73.16932301279132,1.001598290880975,,1563.747689825109,3.52013676413629e-05,0.047383753948513206,,,,,,
Sox3,Piecewise Linear Fit,0.9833063793495085,0.12266275202644103,-0.5265391460074043,1.0,0.4099702380952381,1406.5599467658722,1.0027004037688407,,458.0540458815368,0.00011868362701005152,0.024441674120781593,,,,,,
Fmr1nb,Constant Fit,,0,0,1.0,0.0,,,0.0027993231567834376,,,,,,,,,
Gpr50,Michaelis-Menten Fit,0.7764757319661459,0.1429938937681375,0.8234533096678085,1.0,1.0,46089.29078077019,1.004002906944788,,,,,-0.07071515874358782,373.9258663646242,0.06523188322220007,,,
Gabre,Michaelis-Menten Fit,0.9075616281295729,0.11533988618281583,0.6185766463399512,1.0,1.0,99736.84181104964,1.0042912833882425,,,,,-0.08167146562958803,279.92779525906997,0.09292034385114993,,,
Gabrq,Piecewise Linear Fit,0.99998694257952,0.46174875789188113,0.5822836436149353,1.0,0.9906994047619048,7852.566775776855,1.0033421035673165,,1724.2830426009184,-5.2191991858842985e-05,0.12227345409570967,,,,,,
Bgn,Piecewise Linear Fit,0.9999999999999972,0.03641430693922281,0.28896546026925374,1.0,0.10453869047619048,14446.52266441429,1.0035696779860976,,135.98019092347482,-0.0007838926359159051,0.23773743915658277,,,,,,
Pnck,Piecewise Linear Fit,0.9993406810473576,0.4487169025532913,0.3050178399246164,1.0,0.9791666666666666,1.2917793512915972e+25,1.0217436797311448,,1675.6215834029417,-0.00031760360559814673,1.1384725972017375,,,,,,
Plxnb3,Piecewise Linear Fit,0.9722780877682302,0.42637706394538905,-0.6817809502883875,1.0,0.9635416666666666,4.079840723813155e+28,1.0248111466254526,,1592.2003569216909,0.00018979134180983602,0.07052213135529264,,,,,,
Flna,Piecewise Linear Fit,0.9985418644604982,0.04613403547515153,0.11476463951984958,1.0,0.20498511904761904,4.472530814184512,1.0005574300184827,,172.27608852774648,-0.00045251544550350357,0.3786199570051757,,,,,,
Prrg1,Piecewise Linear Fit,0.8551548112446589,0.3740541118605582,-0.6747995174871735,1.0,0.9077380952380952,4.995249944469331e+19,1.0170172806499154,,1396.8134310231906,0.00013754836874292585,0.04629565877313174,,,,,,
5430427O19Rik,Constant Fit,,0,0,1.0,0.0,,,0.002376421715582865,,,,,,,,,
F630028O10Rik,Constant Fit,,0,0,1.0,0.0,,,0.002391129326068283,,,,,,,,,
Hsf3,Michaelis-Menten Fit,0.9996436766768668,0.0916942583042675,0.9780002067482305,1.0,1.0,2.7813645134964995,1.0003806310672667,,,,,-0.009204325589047671,209.65262594923485,0.008368214135786487,,,
Tex11,Constant Fit,,0,0,1.0,0.0,,,0.0028956761677164564,,,,,,,,,
Gjb1,Piecewise Linear Fit,0.9999402818722042,0.41709097167019354,-0.7529196244944361,1.0,0.9516369047619048,1.3671166745119898e+65,1.0573823833889056,,1557.5232618557905,0.00043874708320726017,0.11212654074685201,,,,,,
Cxcr3,Piecewise Linear Fit,0.9999999999999972,0.036142633171415264,0.8530244273338906,1.0,0.10453869047619048,340.48620168552935,1.002171392235049,,134.9655501744225,-8.45055258111757e-05,0.012387900741137542,,,,,,
Cited1,Exponential Saturation Fit,0.9958790201572281,0.04653427588959497,0.19359876579495952,1.0,0.3835565476190476,17.355276335280998,1.0010622812961123,,,,,,,,-0.07261089662061664,0.007977717089149437,0.22383470984203097
Magt1,Piecewise Linear Fit,0.9829023669016211,0.3900787775570898,-0.36629323460371666,1.0,0.9281994047619048,26743260983.68243,1.008972134096891,,1456.653660196464,0.00013236752402159873,0.16678892142683885,,,,,,
Fndc3c1,Piecewise Linear Fit,0.999999999999792,0.03513284702455825,0.9999999953829439,1.0,0.10453869047619048,1448204.8622799763,1.0052914188644917,,131.1948342061654,-0.00016508403426551596,0.021658172505547794,,,,,,
Gm5127,Constant Fit,,0,0,1.0,0.0,,,0.003540856523984685,,,,,,,,,
Itm2a,Piecewise Linear Fit,0.9791101368048728,0.05475156689425187,0.0807485257896794,1.0,0.20498511904761904,25.932960020135937,1.0012118627111546,,204.45613063041313,-0.000634696492010306,0.8684129462361418,,,,,,
Hmgn5,Constant Fit,,0,0,1.0,0.0,,,0.13601160059463643,,,,,,,,,
Klhl4,Piecewise Linear Fit,0.9954398250003657,0.44806188207909137,-0.5494382283309479,1.0,0.9784226190476191,1.154326265257579e+23,1.019952003382559,,1673.1770381463543,0.0001782151356640509,0.12226212879598719,,,,,,
Tnmd,Piecewise Linear Fit,0.9938135967419356,0.41203681653943186,-0.7027933615184438,1.0,0.9445684523809523,225.52708287970566,1.0020178218527314,,1538.6580549566236,1.781183704045976e-05,0.005794976559666263,,,,,,
Tmem35a,Piecewise Linear Fit,0.6309296884036518,0.4947548820305113,0.286092753808473,1.0,0.9992559523809523,3567203643.6867023,1.008216251124283,,1847.538372178496,-0.00015816923523877802,0.6568268829165806,,,,,,
Gprasp2,Piecewise Linear Fit,0.6460119261592012,0.5000004946246056,0.09488249290506282,1.0,0.9996279761904762,70.09932100466489,1.0015823194129032,,1867.1261339279106,-0.00010108680694507856,1.0889791520652263,,,,,,
Bex1,Piecewise Linear Fit,0.9994550856389823,0.4796445854363659,0.2932597576680972,1.0,0.9966517857142857,1.4316471242882085e+27,1.0235348102987216,,1791.1133279472513,-0.00032389962744130654,1.2791951697230834,,,,,,
Cldn2,Constant Fit,,0,0,1.0,0.0,,,0.033534232764430655,,,,,,,,,
Irs4,Michaelis-Menten Fit,0.7546688959594313,0.4999553619801345,0.6512441391179252,1.0,1.0,23262.20751201598,1.0037475497065933,,,,,-651.4764800159577,10456105.847898386,0.1474559662111982,,,
Chrdl1,Exponential Saturation Fit,0.9909940751450675,0.1320043870048352,0.5303365624531208,1.0,0.7872023809523809,5087995.41922082,1.0057614722294743,,,,,,,,-0.0791894868569926,0.0027902048109419175,0.11363016608466708
Htr2c,Piecewise Linear Fit,0.5972574582462014,0.33755972705661846,0.16488681447133438,1.0,0.8630952380952381,3697.813021263597,1.0030610358663343,,1260.5321535513503,-0.00012324971878455566,0.5487918727642958,,,,,,
Alas2,Exponential Saturation Fit,0.9053015084570929,0.04744449636218505,0.2553760156416307,1.0,0.3835565476190476,172506.0576885418,1.004496009758152,,,,,,,,-0.2017041992440716,0.007824663676884433,0.49576797350415136
Fam120c,Constant Fit,,0,0,1.0,0.0,,,0.027808775514041383,,,,,,,,,
Gm15169,Constant Fit,,0,0,1.0,0.0,,,0.0017453611949821933,,,,,,,,,
Cdkl5,Michaelis-Menten Fit,0.8840198857805269,0.004546230858691447,-0.10793074266885984,1.0,0.20498511904761904,1924.7503680379396,1.0028174107034065,,,,,0.18430731829135977,8.566274983740549,0.7581899593683078,,,
Gm15247,Constant Fit,,0,0,1.0,0.0,,,0.016692082701945977,,,,,,,,,
Zfhx4,Piecewise Linear Fit,0.999900815304191,0.4717540090139188,-0.29949437430146114,1.0,0.9940476190476191,14645.530255298405,1.0035747859922914,,1761.650917848574,7.220411407144393e-05,0.14875609209416504,,,,,,
Car2,Piecewise Linear Fit,0.9998411590301969,0.40052079972861226,-0.25642847680973396,1.0,0.9382440476190477,1.439170212527148e+69,1.0610319565667206,,1495.645951366083,0.0006063708619052764,1.3149027217350977,,,,,,
Bhlhe22,Piecewise Linear Fit,0.32948212661222903,0.35696835451007597,0.5039614588633521,1.0,0.8943452380952381,2.8930658554980663e+32,1.0281971557942378,,1333.0094714052625,-0.00032045242166764886,0.6373913713664795,,,,,,
Crh,Constant Fit,,0,0,1.0,0.0,,,0.061623668872354945,,,,,,,,,
Cp,Michaelis-Menten Fit,0.9987948347808856,0.01220844154121542,0.39959466050711867,1.0,0.4099702380952381,1272166.7975369163,1.005242949437131,,,,,-0.1071798970209849,23.36520570907459,0.18538086563008188,,,
Tmem212,Piecewise Linear Fit,0.5762699271333247,0.1364475335835987,0.39452825098091104,1.0,0.4880952380952381,256.2876324849022,1.002065485978868,,509.52914850372275,-0.00014027952264080638,0.12632302785135502,,,,,,
Cldn11,Piecewise Linear Fit,0.9421001180103692,0.4028199736598861,-0.46810733534311544,1.0,0.9382440476190477,2.9623141422431985e+115,1.1039723496756353,,1504.2315424667008,0.0010571675827958235,0.9034561680414337,,,,,,
Gnb4,Piecewise Linear Fit,0.9999999999999948,0.0337084217517408,-0.118551643824446,1.0,0.10453869047619048,4.919022053336462,1.0005928504212587,,125.8757687284306,0.0006857440447721282,0.32089538906240767,,,,,,
Pex5l,Piecewise Linear Fit,0.922089412852792,0.31370696100533224,-0.28184821636466234,1.0,0.8251488095238095,4.294753804531894e+37,1.0327622358335709,,1171.4612239297248,0.0003993352218478146,0.5959865953371729,,,,,,
Anxa5,Michaelis-Menten Fit,0.6309273378816223,0.49999856924164554,-0.16286098755095313,1.0,1.0,652376.3468494049,1.0049932197544051,,,,,45860.89678492879,326246710.6806996,0.6745561331250466,,,
Gm11549,Exponential Saturation Fit,0.7073606559254605,0.002095675378460869,-0.20614233612518942,1.0,0.10453869047619048,24.339645905526357,1.0011882450396692,,,,,,,,0.09393937901770545,0.17714454843730043,0.18088107798230982
Pabpc4l,Constant Fit,,0,0,1.0,0.0,,,0.005905636463188556,,,,,,,,,
Slc7a11,Michaelis-Menten Fit,0.7661749034485537,0.07293508634935501,0.35526553074509637,1.0,1.0,37628494362189.97,1.0116968912473874,,,,,-0.2646152380045795,159.43595614943123,0.46501816456786377,,,
Mgarp,Constant Fit,,0,0,1.0,0.0,,,0.002568916620555641,,,,,,,,,
Lhfp,Michaelis-Menten Fit,0.9563804038291238,0.3576340993828364,-0.29850928335869636,1.0,1.0,741755878.3456405,1.0076273529207562,,,,,0.5451558421689389,2345.1822767947597,0.2839280224407921,,,
Stoml3,Constant Fit,,0,0,1.0,0.0,,,0.01625848169632475,,,,,,,,,
Sertm1,Michaelis-Menten Fit,0.9986767511403343,0.4999981546118895,0.16509044321626024,1.0,1.0,3.054230463646965,1.0004154611561435,,,,,-10955.400160205032,252943981.6410725,0.28535274682927014,,,
Spg20,Piecewise Linear Fit,0.8677521072350957,0.3763788937204582,-0.4084733562305185,1.0,0.9107142857142857,3.2193573978414984e+29,1.025599009411008,,1405.4942642497904,0.0002667981829336818,0.27151418673414923,,,,,,
Dclk1,Piecewise Linear Fit,0.6308657481852172,0.4796421191292973,0.10980341387737443,1.0,0.9966517857142857,11891266384.32445,1.008667957477874,,1791.1038151117696,-0.00020923950013287758,1.893933171620186,,,,,,
Tm4sf1,Piecewise Linear Fit,0.960463923218553,0.07364243488374435,0.11472706864788998,1.0,0.2760416666666667,2.082810198567658,1.0002729978370621,,274.99931429485065,-0.00023875551612946604,0.318975758827749,,,,,,
Rnf13,Piecewise Linear Fit,0.9999994335859381,0.4983579485245829,-0.3194400727924208,1.0,0.9996279761904762,4.778170897883326e+50,1.0443688071690136,,1860.9947281940586,0.0004340904832424701,0.8605426291821484,,,,,,
Gm43570,Constant Fit,,0,0,1.0,0.0,,,0.0041094321055708885,,,,,,,,,
P2ry13,Constant Fit,,0,0,1.0,0.0,,,0.09914448739880714,,,,,,,,,
P2ry12,Constant Fit,,0,0,1.0,0.0,,,0.4203398306428327,,,,,,,,,
Kcnab1,Piecewise Linear Fit,0.1222905925800501,0.11084969305958138,-0.21056896852810325,1.0,0.40401785714285715,155249388103.2992,1.0096325175300502,,413.9407810509795,0.0006533991489641528,0.5069984221415685,,,,,,
A330015K06Rik,Constant Fit,,0,0,1.0,0.0,,,0.012094841963081127,,,,,,,,,
Shox2,Piecewise Linear Fit,0.9996788802511624,0.47977549129839087,-0.6068581178506404,1.0,0.9973958333333334,1.0560389012824214e+16,1.0138207843290141,,1791.6036873710586,0.0001845248845604044,0.10708509856101987,,,,,,
Mlf1,Piecewise Linear Fit,0.9901073910529667,0.3625866121915422,0.2651329440492749,1.0,0.8950892857142857,1.3305037897471395,1.000106239891493,,1353.983482667287,-2.116864792857497e-05,0.06838312775050337,,,,,,
Trim59,Michaelis-Menten Fit,0.8643040179318396,0.4999943081998451,-0.676742838259972,1.0,1.0,1.3145423543753464e+37,1.0323074650671218,,,,,21229.1286395942,82008540.27278359,0.11543336294042977,,,
Sptssb,Piecewise Linear Fit,0.9616946429857051,0.3964840617280218,-0.6091581366817007,1.0,0.9330357142857143,128842530.17608494,1.0069713982333626,,1480.5738498031694,6.318787914944189e-05,0.03001268724090481,,,,,,
Bche,Piecewise Linear Fit,0.632127589152941,0.03367917290146796,0.30587972045238443,1.0,0.10453869047619048,48.05994068797612,1.0014416814527123,,125.76649691173539,-0.00040733902819912966,0.10935621857257928,,,,,,
Serpini1,Michaelis-Menten Fit,0.0003917969056050308,0.49999958377641973,0.1391030585482908,1.0,1.0,563558.266990021,1.0049385033695017,,,,,-196415.32855172895,1121467395.6325805,1.338930404559426,,,
Rxfp1,Constant Fit,,0,0,1.0,0.0,,,0.05972056637854055,,,,,,,,,
Gria2,Piecewise Linear Fit,0.6309039412040055,0.4797716150731748,0.16020348186373826,1.0,0.9973958333333334,3.5150994608556485e+21,1.0186279810515364,,1791.5876556686305,-0.00030574628870969414,1.9834966599620742,,,,,,
Tdo2,Constant Fit,,0,0,1.0,0.0,,,0.025686404022672506,,,,,,,,,
Gucy1a1,Piecewise Linear Fit,0.951894024403846,0.24074786381356034,0.3220831366812011,1.0,0.7116815476190477,6.667247143983529e+26,1.0232438587114525,,899.0130323692148,-0.00040124040477403284,0.7403403677811473,,,,,,
Npy2r,Constant Fit,,0,0,1.0,0.0,,,0.14352389005269148,,,,,,,,,
Tlr2,Constant Fit,,0,0,1.0,0.0,,,0.017747070363988773,,,,,,,,,
Gm45790,Constant Fit,,0,0,1.0,0.0,,,0.004351443221857211,,,,,,,,,
Sh3d19,Exponential Saturation Fit,0.993024773215843,0.427407880876895,-0.5441356531950743,1.0,1.0,1.5631505248590054e+17,1.0148376656773852,,,,,,,,0.5836707497263389,0.00031549109975955445,0.10883661652294066
Mab21l2,Michaelis-Menten Fit,0.9188964956421488,0.07891042041896629,1.0374797943378098,1.0,1.0,699.7925101306283,1.0024400195875507,,,,,-0.019001438265731488,174.94579972042385,0.017059753933865825,,,
Fcrls,Piecewise Linear Fit,0.8083680648628638,0.4485963611676145,0.12135210640800531,1.0,0.9791666666666666,2.059075089773143,1.0002687328642732,,1675.1681458534702,-4.3701778665103384e-05,0.33823785194934436,,,,,,
Lrrc71,Piecewise Linear Fit,0.954197652707021,0.1807894479184872,0.5208458071154416,1.0,0.5803571428571429,4.626554351125721,1.0005700330881062,,675.1100051971317,-1.9852205496429757e-05,0.019567228744802777,,,,,,
Ntrk1,Constant Fit,,0,0,1.0,0.0,,,0.0038682911887900845,,,,,,,,,
Crabp2,Michaelis-Menten Fit,0.9830919899420507,0.006718946933373665,0.8521062693296463,1.0,0.2760416666666667,2.6234520864808084e+32,1.0281597367740385,,,,,-0.12937659501278378,12.715997618667798,0.1396529587341366,,,
Hapln2,Piecewise Linear Fit,0.9999881062512784,0.4999998403741027,-0.8549876617223469,1.0,0.9996279761904762,1.6516106985132704e+54,1.0475393661208938,,1867.1261339288108,0.0003132323416499426,0.04959699530775641,,,,,,
Pbxip1,Piecewise Linear Fit,0.9999999999999972,0.03251958014926946,0.11443907022921353,1.0,0.10453869047619048,37.15171100266749,1.0013457744700291,,121.43630258797221,-0.0009107116456261069,0.5384947067045607,,,,,,
4933434E20Rik,Constant Fit,,0,0,1.0,0.0,,,0.7911998028336672,,,,,,,,,
S100a16,Michaelis-Menten Fit,0.9959384546662542,0.49999912705139277,-0.17094578599339225,1.0,1.0,1.7339628279157744e+17,1.0148768200209801,,,,,136886.45006841247,534717312.1046221,1.1590519263266519,,,
S100a4,Constant Fit,,0,0,1.0,0.0,,,0.10942048592231067,,,,,,,,,
S100a6,Piecewise Linear Fit,0.9996536771597984,0.0431906468365346,0.0898930064449598,1.0,0.20498511904761904,48.8608941692532,1.0014478392836843,,161.28475367394992,-0.0009363071214908366,0.9154604921231009,,,,,,
S100a8,Piecewise Linear Fit,0.9760645546274308,0.12755466189645637,0.22696714770868448,1.0,0.41183035714285715,10.259566481043418,1.0008665249874429,,476.3209151515806,-0.000128627330354022,0.1656047717986971,,,,,,
S100a9,Piecewise Linear Fit,0.8398163324389006,0.09776976584423679,0.22019330471285462,1.0,0.35900297619047616,10.525476569353586,1.000876052653869,,365.0967770703869,-0.00018940358269868449,0.19159788967013958,,,,,,
S100a11,Exponential Saturation Fit,0.9913682687498055,0.0281140349288421,0.3841821852640952,1.0,0.20498511904761904,54039284180029.36,1.01183312934851,,,,,,,,-0.2104625465033867,0.013204702574438312,0.3791410932952469
Riiad1,Piecewise Linear Fit,0.9266618000648122,0.4104538697913934,0.3725850061984294,1.0,0.9423363095238095,6396589.082057279,1.0058471156293645,,1532.7366942369604,-9.580317405077794e-05,0.27047761827374145,,,,,,
Cers2,Piecewise Linear Fit,0.14264443825037484,0.3379699021250495,-0.42738438489092395,1.0,0.8660714285714286,4.29821462471862e+50,1.044327678931298,,1262.0651158589878,0.0005206950123074196,0.4402300875552973,,,,,,
Ctss,Constant Fit,,0,0,1.0,0.0,,,0.8227156617858482,,,,,,,,,
Adamtsl4,Piecewise Linear Fit,0.9065556468541895,0.39872035890600294,-0.749159581339304,1.0,0.9334077380952381,4.59257404458075e+17,1.015244640270426,,1488.9237556485864,0.00011019563744073154,0.027468190000951912,,,,,,
Car14,Piecewise Linear Fit,0.7093975999319339,0.39872162497511066,-0.6577169881637077,1.0,0.9334077380952381,1.3237559525289844e+46,1.040299550145343,,1488.927587422293,0.00032715403139269315,0.12674829986705544,,,,,,
Otud7b,Piecewise Linear Fit,0.9827521862885008,0.4001504971987192,-0.4452794929393509,1.0,0.9378720238095238,1.0746178154387533e+33,1.028699225742202,,1494.2634307290161,0.00028242651142199683,0.26287189792452537,,,,,,
Hist2h2ac,Constant Fit,,0,0,1.0,0.0,,,0.004909065011920407,,,,,,,,,
Hist2h3b,Constant Fit,,0,0,1.0,0.0,,,0.002777710352042673,,,,,,,,,
Txnip,Piecewise Linear Fit,0.9727972670116022,0.04691915249696689,0.2448170913251124,1.0,0.20498511904761904,46647.086516567375,1.0040074002609134,,175.20792928512492,-0.0007845375062221122,0.34946306417291567,,,,,,
Phgdh,Piecewise Linear Fit,0.9963059365890825,0.37665048817646724,-0.11169029675974211,1.0,0.9107142857142857,5162776.222001221,1.0057669315447273,,1406.5087564112648,0.00017220820031568876,0.9631972498091181,,,,,,
Tbx15,Michaelis-Menten Fit,0.9984910955270667,0.024983866611448243,0.7967622911185606,1.0,0.7287946428571429,213.35193812976382,1.0019971341411795,,,,,-0.01699503246160829,49.10152143745733,0.018671551563521353,,,
Fam46c,Piecewise Linear Fit,0.9983215421891058,0.09923944900904927,0.14543680144105178,1.0,0.3835565476190476,1.1046961777514746,1.0000370432251096,,370.5847769604861,-0.00010277971711243625,0.1499898307673513,,,,,,
Atp1a1,Piecewise Linear Fit,0.6267085661669423,0.4488199717271862,0.13163252593058966,1.0,0.9806547619047619,1.5741828678252284e+25,1.0218188368034866,,1676.006500496606,-0.00033737032976310336,2.4304953538261027,,,,,,
Nhlh2,Constant Fit,,0,0,1.0,0.0,,,0.05803164969696068,,,,,,,,,
Gm16160,Piecewise Linear Fit,0.9157352850010411,0.09789365829047057,0.5913370289207401,1.0,0.3645833333333333,6.771966169795846,1.000711857219167,,365.5585212463044,-3.340781649495239e-05,0.016432441692050145,,,,,,
A230001M10Rik,Piecewise Linear Fit,0.9648541476546705,0.4120316862303368,-0.8315423069785264,1.0,0.9445684523809523,190029238.42631686,1.0071169801767923,,1538.6332833504237,5.087027628723138e-05,0.007928220487342867,,,,,,
Tspan2,Piecewise Linear Fit,0.7450303500460422,0.40013678131114816,-0.47999769847049156,1.0,0.9378720238095238,1.788580352977587e+96,1.085945987270757,,1494.211858122998,0.0008535499043856237,0.6908395805741623,,,,,,
Tshb,Piecewise Linear Fit,0.9999999999999972,0.033339567555478726,0.8334421771172201,1.0,0.10453869047619048,25816.652548951122,1.0037864567622807,,124.49828158263448,-0.000167853569965998,0.022985591600125525,,,,,,
Syt6,Constant Fit,,0,0,1.0,0.0,,,0.10888744678902602,,,,,,,,,
Olfml3,Piecewise Linear Fit,0.9999845583199931,0.047091194600081474,0.16938073125252268,1.0,0.20498511904761904,1725.4683357002136,1.0027766356006644,,175.8503765744262,-0.0007433314828065069,0.4512194003226322,,,,,,
Slc16a1,Piecewise Linear Fit,0.999405669083789,0.31469739268734176,-0.24953626778819638,1.0,0.8277529761904762,24223988062.339874,1.0089349968240915,,1175.1601011857438,0.00018111305426339778,0.32004631444520953,,,,,,
Fam212b,Michaelis-Menten Fit,6.226962827831103e-05,0.4999985084167259,0.2559593832757369,1.0,1.0,157585.59596476052,1.004462204411485,,,,,-38178.878870906556,312942734.7959919,0.5588611348340754,,,
Rap1a,Piecewise Linear Fit,0.31733717593511984,0.3245390707850932,-0.2439211431899206,1.0,0.8515625,6.293450644499759e+26,1.0232218951622998,,1211.9111271160614,0.00033109751387954604,0.6218911030884479,,,,,,
Adora3,Constant Fit,,0,0,1.0,0.0,,,0.016081196827418126,,,,,,,,,
Pifo,Michaelis-Menten Fit,0.9841069649107799,0.17606577685769303,0.40227428000032467,1.0,1.0,10.990882351882243,1.000892163385545,,,,,-0.05769910247764221,507.41321590453487,0.07907588311647185,,,
Chil3,Constant Fit,,0,0,1.0,0.0,,,0.008571456957005714,,,,,,,,,
Kcna2,Michaelis-Menten Fit,0.6443057223341048,0.3176485334966376,-0.24300765216647016,1.0,1.0,2.995629019083466e+26,1.0229393470611257,,,,,1.0195771005702363,1626.2273341864181,0.8487753212304676,,,
Csf1,Piecewise Linear Fit,0.9999999013409514,0.4999991177017696,-0.23145254421502096,1.0,0.9996279761904762,108.70919849975014,1.0017458214357924,,1867.1261304647114,5.672972858219868e-05,0.17585839169630962,,,,,,
Gstm7,Michaelis-Menten Fit,0.9948526449711131,0.49999713443067506,-0.34275834210895917,1.0,1.0,1025602328780.1304,1.0103419142518961,,,,,26123.104508243072,162892190.0134634,0.28707822914631403,,,
Gstm2,Piecewise Linear Fit,0.9999999999999972,0.036263380934433216,0.5177849369745114,1.0,0.10453869047619048,225034502604.7158,1.009771960472668,,135.41659477498183,-0.0007642185547658168,0.15167719798332618,,,,,,
Stxbp3,Piecewise Linear Fit,0.8522652117409187,0.29841970633376974,-0.3934580797940096,1.0,0.8165922619047619,1.5961805935297358e+16,1.0139765990664114,,1114.3750248140402,0.00019911502058423867,0.17102821029529158,,,,,,
Fndc7,Michaelis-Menten Fit,0.9691368897366835,0.04667267739262982,0.9355865075661939,1.0,0.9992559523809523,9.355770826802955,1.0008321888426375,,,,,-0.009408740134481028,96.11573073870395,0.009256141027744663,,,
Vav3,Piecewise Linear Fit,0.9999212092845654,0.46326988450445467,-0.30763492148474814,1.0,0.9918154761904762,2566.710260525875,1.0029247972846043,,1729.9690388902875,7.14257397206931e-05,0.13904731376962906,,,,,,
Ntng1,Piecewise Linear Fit,0.9996562843463781,0.4717522318683485,-0.2928290148706334,1.0,0.9933035714285714,1834625127.3425653,1.0079668752906505,,1761.642755310497,0.00019282649211821714,0.41017092690438567,,,,,,
Olfm3,Piecewise Linear Fit,0.6858835987312274,0.16143607476793595,-0.21136566231729959,1.0,0.5427827380952381,15784773.739989275,1.0061851793042904,,602.8432431266192,0.00028063961060683534,0.31562007501480055,,,,,,
Vcam1,Michaelis-Menten Fit,0.6978203410163673,3.420892548539985e-09,0.1551717334816737,1.0,0.10453869047619048,87.22666393703459,1.0016637746764423,,,,,-0.09815006381067838,6.3872379094265935e-06,0.36533773389703805,,,
Gpr88,Piecewise Linear Fit,0.6279729083229423,0.4170915343401327,0.34516643337036673,1.0,0.9516369047619048,81984996550.36882,1.0093927220354846,,1557.524218181468,-0.00019719687931330466,0.59848368676537,,,,,,
Frrs1,Constant Fit,,0,0,1.0,0.0,,,0.02354441509029663,,,,,,,,,
Plppr4,Michaelis-Menten Fit,0.03310335905716063,0.49990220858362355,0.1545109665798136,1.0,1.0,382972551.088866,1.0073795787094808,,,,,-963.6682513685927,4772302.684645812,1.4080306356851198,,,
Tmem56,Michaelis-Menten Fit,0.7858510423421953,0.08816607369712318,-0.20426348262939548,1.0,1.0,1799469.2678107705,1.0053726409432242,,,,,0.23540483104541843,199.858692991175,0.41419066003285177,,,
Cnn3,Piecewise Linear Fit,0.9999982817964589,0.49999965481529024,-0.18067341844283055,1.0,0.9996279761904762,4635240.245848179,1.0057266019855213,,1867.1261333838859,0.0001449111586387188,0.6134911103266941,,,,,,
F3,Michaelis-Menten Fit,0.7685213208803834,0.04487170864999024,0.1663666102310087,1.0,0.9918154761904762,7688.666584227079,1.003334230242921,,,,,-0.16453755373653997,92.04123472424689,0.5496751077456224,,,
Abca4,Constant Fit,,0,0,1.0,0.0,,,0.034668722556823,,,,,,,,,
Synpo2,Piecewise Linear Fit,0.9988415775288576,0.46132905030820587,-0.47450529581166007,1.0,0.9877232142857143,111665661327623.56,1.0121063754760278,,1722.7199163391795,0.0001993894592576889,0.19020159487373217,,,,,,
Ndst4,Michaelis-Menten Fit,0.999840523440338,0.49999274013162187,0.6344736118036128,1.0,1.0,19815.385015279804,1.0036876659307516,,,,,-3353.850762927102,64295209.27739278,0.12544706906871722,,,
Ugt8a,Piecewise Linear Fit,0.9989335796696155,0.4374828680540115,-0.6565228237021515,1.0,0.9683779761904762,7.668601799377314e+87,1.0781897701074952,,1633.6716387465397,0.0006625672207023842,0.2831475285161834,,,,,,
Camk2d,Piecewise Linear Fit,0.9999945456233221,0.4984060130532378,0.24893196418465185,1.0,0.9996279761904762,120919474952759.0,1.0121363533916767,,1861.1729539309285,-0.000224068508567399,1.046154133734396,,,,,,
Pitx2,Piecewise Linear Fit,0.9999180105317271,0.4705838697719963,-0.7837599606826162,1.0,0.9929315476190477,3162.7336155428156,1.0030027104406882,,1757.2844655203435,3.14777468788392e-05,0.007630776762922802,,,,,,
Elovl6,Piecewise Linear Fit,0.7355981918835324,0.33553818773263805,-0.3282933880433251,1.0,0.8630952380952381,7.166397065798554e+29,1.0259043770819383,,1252.9846599780149,0.00029727884289755237,0.3810634083333742,,,,,,
Col25a1,Constant Fit,,0,0,1.0,0.0,,,0.33187572599994664,,,,,,,,,
Etnppl,Piecewise Linear Fit,0.9934102443896491,0.41171363333099054,-0.1866495371725681,1.0,0.9441964285714286,552.3193806587506,1.002351766456755,,1537.4445369493267,7.812307097262438e-05,0.2616974973697629,,,,,,
Lef1,Piecewise Linear Fit,0.9997892396582726,0.4796438572893132,-0.4707928846794383,1.0,0.9966517857142857,67846241452.923546,1.0093216418591546,,1791.1125310574869,0.00013081339885575474,0.1316863894952703,,,,,,
Sgms2,Constant Fit,,0,0,1.0,0.0,,,0.05128118938719448,,,,,,,,,
Npnt,Exponential Saturation Fit,0.989189604730058,0.3463088981640103,0.6583149660848258,1.0,1.0,62281935692.170525,1.0092895105850332,,,,,,,,-0.2094927383244396,0.0007040367872354728,0.19298617001684024
Ppp3ca,Piecewise Linear Fit,0.9991242857285128,0.0375036454362483,-0.06030442050133204,1.0,0.20498511904761904,381539125778.513,1.0099703128641013,,140.04807875652332,0.0024427232224062045,2.6653819740203133,,,,,,
Emcn,Constant Fit,,0,0,1.0,0.0,,,0.13499257958428143,,,,,,,,,
Ddit4l,Piecewise Linear Fit,0.8542616853700179,0.3495917353139209,0.5107739141040059,1.0,0.8705357142857143,1278155527396874.0,1.0130246397620513,,1305.4628837717696,-0.00015419191969899646,0.297691830607174,,,,,,
Lmo4,Michaelis-Menten Fit,1.3117279095095696e-09,0.4999999956218919,0.1792489129271405,1.0,1.0,1337538568431.524,1.010441732152244,,,,,-28824186.773515787,106617824316.06367,1.6604272641371831,,,
Ddah1,Constant Fit,,0,0,1.0,0.0,,,0.7805872755253993,,,,,,,,,
Gng5,Piecewise Linear Fit,0.9248130630338064,0.05392978935870777,0.0747955374054046,1.0,0.20498511904761904,63413.38182809253,1.0041220998805656,,201.38741835228583,-0.0010137513986342552,1.4668441492536857,,,,,,
Gm43573,Constant Fit,,0,0,1.0,0.0,,,0.005513577723973042,,,,,,,,,
Adgrl4,Piecewise Linear Fit,0.9952980127107075,0.4188860736293028,-0.1404392232794998,1.0,0.9538690476190477,5.931129685777534,1.0006625016111725,,1564.229406502392,4.987842208343867e-05,0.23876536406167279,,,,,,
Ptgfr,Michaelis-Menten Fit,0.9999997189666915,0.0008646159310967908,0.7005109975552244,1.0,0.10453869047619048,11229933.366798416,1.0060577436334566,,,,,-0.039423931964122916,1.6171434084730039,0.047809966799858584,,,
Nexn,Piecewise Linear Fit,0.9996458950783035,0.4821207956619013,-0.774499413699881,1.0,0.9977678571428571,8.355117324356057e+23,1.0207033400588585,,1800.3618101073644,0.0001585486816067501,0.04155459107058381,,,,,,
Ak5,Piecewise Linear Fit,0.630931929256306,0.5000002774835856,0.18718213730126515,1.0,0.9996279761904762,42895309.1011058,1.0065594676947247,,1867.1261339288226,-0.00018019092079989946,1.066914256202961,,,,,,
St6galnac5,Michaelis-Menten Fit,0.5105299166384103,0.4999989361659028,0.15739003034389892,1.0,1.0,87.48999101124728,1.0016648979472669,,,,,-38584.48923123331,438771940.9419749,0.603695919617629,,,
St6galnac3,Piecewise Linear Fit,0.8965806817767983,0.351459517540981,-0.45073540992854855,1.0,0.8720238095238095,2026474.328451891,1.0054170779480838,,1312.4402662821049,7.432356145014713e-05,0.0594341404845977,,,,,,
Wls,Piecewise Linear Fit,0.9995284087357316,0.04564452184125238,0.0835553290590846,1.0,0.20498511904761904,4.119712070777642,1.0005268438209753,,170.44812644390097,-0.0005203398615674572,0.5750773617998486,,,,,,
Penk,Piecewise Linear Fit,0.9995462887425578,0.44159516684511224,0.43599482629142583,1.0,0.9683779761904762,7.368463282775298e+16,1.014553762549708,,1649.0272488494595,-0.0003269175825918243,0.887784696933092,,,,,,
Chd7,Piecewise Linear Fit,0.999995473779509,0.4983252788921083,-0.5214620097335867,1.0,0.9996279761904762,3288337776.150475,1.0081857201152,,1860.8742126227542,9.743863326277705e-05,0.08319782110664754,,,,,,
Pdp1,Piecewise Linear Fit,0.9999772653709539,0.4717619503900443,-0.2002840972151843,1.0,0.9940476190476191,57490635970.59687,1.0092594541262023,,1761.678856261442,0.0002436190018923435,0.8568349460718544,,,,,,
Slc26a7,Piecewise Linear Fit,0.9999999999999921,0.035992921990442364,0.7442133968515898,1.0,0.10453869047619048,161661765.2801807,1.0070564082346765,,134.40660861289476,-0.00032034575007031205,0.050455873346563644,,,,,,
Necab1,Piecewise Linear Fit,0.6309296627583173,0.49832277105588874,0.33265670013090676,1.0,0.9992559523809523,3.300277266348504e+16,1.0142506484969693,,1860.8621478634836,-0.0002355292613776622,0.8779122082215858,,,,,,
Calb1,Piecewise Linear Fit,0.6629319267148307,0.3900644542648892,0.35307508065853216,1.0,0.9281994047619048,4.7271840127866167e+54,1.04794925658688,,1456.5988111689935,-0.0005564202102142088,1.5529864993222706,,,,,,
Prdm13,Constant Fit,,0,0,1.0,0.0,,,0.0037640696100789896,,,,,,,,,
Gm30731,Constant Fit,,0,0,1.0,0.0,,,0.006248585478210532,,,,,,,,,
Epha7,Piecewise Linear Fit,0.9392945253531082,0.035651968618301715,-0.12941707111922887,1.0,0.10453869047619048,22.60885921433225,1.0011607705803185,,133.133460043096,0.000865818149061019,0.3877059700874119,,,,,,
Cnr1,Michaelis-Menten Fit,0.3132924392895259,0.4999942750624099,0.10887525367731568,1.0,1.0,8.627788818061365,1.0008020283918488,,,,,-6541.324596544901,81533847.85913403,0.7628075630240487,,,
Cfap206,Constant Fit,,0,0,1.0,0.0,,,0.041242807483001714,,,,,,,,,
Cga,Michaelis-Menten Fit,0.9662026765548974,0.013341012992038045,0.9994078643914179,1.0,0.45200892857142855,119394537191537.94,1.0121315746056652,,,,,-0.08223388063861997,25.59220585060309,0.08114599504885202,,,
Mob3b,Michaelis-Menten Fit,0.9901089274660845,0.4999971723861355,-0.5122775471024826,1.0,1.0,1294152.5386656572,1.0052493573144772,,,,,10434.540102693243,165078727.61406747,0.05618085927006338,,,
1110017D15Rik,Exponential Saturation Fit,0.9975861682385168,0.19735544840128066,0.2371518999509381,1.0,0.9821428571428571,20.13464474743754,1.0011176039467118,,,,,,,,-0.07720527353575642,0.0017860745065389437,0.1942053709895767
Arid3c,Constant Fit,,0,0,1.0,0.0,,,0.0016571155513187867,,,,,,,,,
Ccl19,Michaelis-Menten Fit,0.7374685024986067,0.02774384149259462,0.7809259346017411,1.0,0.7808779761904762,159134.69598372624,1.004465859872485,,,,,-0.03521666008943517,54.84444222739084,0.03901046299287541,,,
Fam166b,Exponential Saturation Fit,0.9953463310575721,0.07767656345274483,0.4279752928064663,1.0,0.5528273809523809,3.5182023968294773,1.000468096940029,,,,,,,,-0.020635040193181256,0.004778352527115308,0.03442067304527857
Car9,Constant Fit,,0,0,1.0,0.0,,,0.007631599939263846,,,,,,,,,
Tpm2,Piecewise Linear Fit,0.9998857879882525,0.4705767595866709,-0.32977682889726717,1.0,0.9921875,1326.942564247384,1.0026786678256998,,1757.2550911813373,6.368024636523781e-05,0.11371266818110366,,,,,,
Spag8,Piecewise Linear Fit,0.7680702873800249,0.07364403589510599,0.27272602646460153,1.0,0.28720238095238093,2.0911271906186117,1.0002744808349397,,275.0050955071365,-8.798811199965598e-05,0.05646028733577142,,,,,,
Frmpd1os,Constant Fit,,0,0,1.0,0.0,,,0.013313195919467388,,,,,,,,,
Igfbpl1,Piecewise Linear Fit,0.9999999145616901,0.4999963123456189,-0.49741366004112025,1.0,0.9996279761904762,2.7107885691812443,1.0003710656944789,,1867.1261339288244,1.3558654481177324e-05,0.012789490003083158,,,,,,
Ccdc180,Constant Fit,,0,0,1.0,0.0,,,0.010475171840928492,,,,,,,,,
Tmod1,Michaelis-Menten Fit,0.9994886595451198,0.4560928453484383,-0.25549267116435986,1.0,1.0,1779486711.486206,1.007955432527156,,,,,1.7561974120174546,9697.541077384887,0.41311825426377935,,,
Gabbr2,Piecewise Linear Fit,0.9914563155696875,0.04305934177116091,-0.09624960942599844,1.0,0.20498511904761904,16785259.158707097,1.006208183806142,,160.794453885209,0.0017432587651564579,1.3159895752941866,,,,,,
Nr4a3,Piecewise Linear Fit,0.9996917086799672,0.4611267057532117,-0.406537770907343,1.0,0.9869791666666666,11430699.494920608,1.0060643757911418,,1721.965398997109,8.82032144286521e-05,0.11085901595085952,,,,,,
Slc44a1,Piecewise Linear Fit,0.3777939662884384,0.3455102757777592,-0.4665437112529084,1.0,0.8705357142857143,2.1639198591412666e+71,1.0630125899215004,,1290.2227417279712,0.0006119535339765769,0.45139801349789854,,,,,,
Klf4,Piecewise Linear Fit,0.9999999999999972,0.03641829810228072,0.39373472971344553,1.0,0.10453869047619048,1230.1193274282516,1.0026504058557466,,135.9950756820277,-0.000371592286717215,0.08944092376858137,,,,,,
Ptpn3,Piecewise Linear Fit,0.9994859852851016,0.479782343250774,-0.4274002203097589,1.0,0.9973958333333334,2.472780446466089e+22,1.0193675355027547,,1791.6289574831492,0.0002738986931550047,0.32871874673124213,,,,,,
Pakap,Constant Fit,,0,0,1.0,0.0,,,0.002130162944495184,,,,,,,,,
Lpar1,Michaelis-Menten Fit,0.9969594309441179,0.49999924284896013,-0.6180621434635322,1.0,1.0,2.2193673200335186e+53,1.046757466542577,,,,,257358.27010675217,616496337.8360778,0.24082997303767756,,,
Mup6,Piecewise Linear Fit,0.8670689803697267,0.1847352538373875,-1.387957386327865,1.0,0.5859375,6.787599423643964,1.0007127156667046,,689.8524514438728,1.5639804220110795e-05,-0.0015078753280102844,,,,,,
Slc31a1,Constant Fit,,0,0,1.0,0.0,,,0.22167589337842872,,,,,,,,,
Rgs3,Piecewise Linear Fit,0.5060553292164208,0.2781928673620447,-0.24241651808590114,1.0,0.7745535714285714,450686858705.12695,1.0100328966548235,,1038.8428203635267,0.00021892721883832588,0.35537583635836556,,,,,,
Tnc,Piecewise Linear Fit,0.964994971770244,0.2206090064595363,-0.2827115424797572,1.0,0.6614583333333334,45.30598375480355,1.00141969696406,,823.8109541618135,6.479137765066109e-05,0.06771191289877038,,,,,,
Ptprd,Piecewise Linear Fit,0.997515951505763,0.26690769899882494,-0.14004775201489478,1.0,0.7723214285714286,9.355626118905061e+17,1.0155134200225067,,996.700966689801,0.00034801643125449895,1.0649588501247513,,,,,,
Slc24a2,Piecewise Linear Fit,0.9951714713627066,0.4588764336397569,-0.22134099956165368,1.0,0.9854910714285714,5.458820963289543e+52,1.0462114203036825,,1713.5607484019094,0.00044460007014205803,1.3400607213253144,,,,,,
Dmrta1,Exponential Saturation Fit,0.9300756678259988,0.04338416898440228,0.5586107654465355,1.0,0.30691964285714285,3.6107905302443775,1.0004777654074744,,,,,,,,-0.012206849365360253,0.008556978745012963,0.01702950047068626
Elavl2,Michaelis-Menten Fit,0.9129942519806452,0.12178670103566884,-0.1295724932814601,1.0,1.0,53897.35290202999,1.0040613637076832,,,,,0.2516672268137464,300.6122908702077,0.728086939843265,,,
Tek,Constant Fit,,0,0,1.0,0.0,,,0.12124361771109893,,,,,,,,,
Cyp2j13,Michaelis-Menten Fit,0.9979480104722884,0.4999862729740131,-1.1879583423788633,1.0,1.0,1.027852988804703,1.0000102203460544,,,,,110.37053280038691,34003631.60951323,-0.00047941110783129295,,,
Cyp2j12,Piecewise Linear Fit,0.5785829875796509,0.32054478804076414,-0.8537660166580627,1.0,0.8430059523809523,1.2618186366593371e+17,1.0147568181594655,,1196.9961711798778,0.00011192218936962576,0.011473301510634222,,,,,,
Patj,Piecewise Linear Fit,0.9966938438811552,0.47058432068229833,-0.802651344588079,1.0,0.9929315476190477,1.0095599592089362e+46,1.0401946900767958,,1757.2811868843617,0.00028336007265219174,0.061214901214674745,,,,,,
0610043K17Rik,Constant Fit,,0,0,1.0,0.0,,,0.004280625719217568,,,,,,,,,
Rab3b,Michaelis-Menten Fit,0.16555784082481254,0.4999990108013673,0.12451861235554736,1.0,1.0,9.719482631471038,1.0008463893805393,,,,,-35727.94149608481,471877544.56652284,0.6383413873018836,,,
Dmrta2,Constant Fit,,0,0,1.0,0.0,,,0.03768455412236319,,,,,,,,,
Dmbx1,Michaelis-Menten Fit,0.9565123064933468,0.4999716001489528,-1.0636895563777362,1.0,1.0,1.2532302042198962,1.0000839783702868,,,,,58.35205133832011,16435122.641216988,-0.00019844078822785224,,,
Tctex1d4,Piecewise Linear Fit,0.6202474802917907,0.10606286673780603,0.33205821719525813,1.0,0.3835565476190476,2.2048264731714804,1.0002941834453205,,396.0648069022453,-5.7090612172303217e-05,0.04535340852124589,,,,,,
Kif2c,Piecewise Linear Fit,0.9885832882989697,0.15989184918848515,-1.7811038345794308,1.0,0.5074404761904762,2.853566841646739,1.0003901690035595,,597.0813838672863,1.2226597531012235e-05,-0.001600769114523773,,,,,,
Gm12840,Constant Fit,,0,0,1.0,0.0,,,0.0042042322283478645,,,,,,,,,
Slc6a9,Piecewise Linear Fit,0.9675746614669823,0.4258794927385521,-0.3834712716453517,1.0,0.9620535714285714,4.55985412435831e+35,1.031017362122491,,1590.3419328139587,0.00033749385087533874,0.43146628309239893,,,,,,
Elovl1,Piecewise Linear Fit,0.9982146190768271,0.42737919620313486,-0.579145558371478,1.0,0.9646577380952381,7.259765481797149e+47,1.0418504958295043,,1595.942170050736,0.00036487515675028936,0.21158049761679576,,,,,,
Tie1,Constant Fit,,0,0,1.0,0.0,,,0.08669954669471995,,,,,,,,,
Tmem125,Piecewise Linear Fit,0.05119283663449467,0.31174335203917053,-0.7656024326041181,1.0,0.8251488095238095,8.067454367020008e+45,1.0401079095510164,,1164.1286566735412,0.00034509903901832234,0.06149850091800827,,,,,,
Rims3,Constant Fit,,0,0,1.0,0.0,,,1.0181845334361885,,,,,,,,,
Hpcal4,Piecewise Linear Fit,0.9999256777162674,0.4821221261456338,0.316222396225544,1.0,0.9977678571428571,8.820484725863437e+55,1.0490907437809947,,1800.3653203001777,-0.0005580044430417845,2.0907636988607923,,,,,,
Pou3f1,Exponential Saturation Fit,0.9897456349693591,0.18360103703131941,-0.24341896362614465,1.0,0.9449404761904762,13535.527703734717,1.003545359700725,,,,,,,,0.16792282863181002,0.0019458771588353669,0.2540664348716532
Dnali1,Piecewise Linear Fit,0.810580937723267,0.06634569585005723,0.27274036328209084,1.0,0.2760416666666667,1.008973035899532,1.0000033233006955,,247.7513094380892,-9.687157468035331e-05,0.05599802687685841,,,,,,
Col8a2,Constant Fit,,0,0,1.0,0.0,,,0.04598298827479134,,,,,,,,,
Ncdn,Piecewise Linear Fit,0.6309469639366876,0.03369047343069081,-0.04456763812271709,1.0,0.10453869047619048,30381846.704995766,1.0064303168791202,,125.80873312247176,0.0019942068435894467,2.689250908334349,,,,,,
Gja4,Constant Fit,,0,0,1.0,0.0,,,0.0704631761485526,,,,,,,,,
Tlr12,Piecewise Linear Fit,0.9999999999999972,0.03636394012571103,0.6273174587511525,1.0,0.10453869047619048,77.97025198673018,1.0016219714785175,,135.79202283445775,-0.00013177531677932135,0.023209363986365594,,,,,,
Hpca,Piecewise Linear Fit,0.09994632799406664,0.0642699507855713,-0.17330514419166326,1.0,0.27566964285714285,1.4717506973473578e+17,1.0148149186521767,,240.00021989218465,0.002304137861623916,1.3189364952679368,,,,,,
Fndc5,Piecewise Linear Fit,0.9988879981604628,0.47061713898556007,-0.3522409467486976,1.0,0.9929315476190477,4.8724335457517166e+39,1.0345816862401644,,1757.4035876385205,0.00037464178805624173,0.6053846184676978,,,,,,
Marcksl1,Piecewise Linear Fit,0.6309297194619182,0.4983881654282317,0.21413542925106402,1.0,0.9996279761904762,2.155517029189987e+18,1.0158287911210342,,1861.1064521852804,-0.00027175850171064767,1.433847496790559,,,,,,
Fam167b,Constant Fit,,0,0,1.0,0.0,,,0.012140745665512867,,,,,,,,,
Spocd1,Constant Fit,,0,0,1.0,0.0,,,0.0016345981442895845,,,,,,,,,
Adgrb2,Michaelis-Menten Fit,7.86977668793234e-06,0.4999990978067894,0.10863445711177899,1.0,1.0,769849010.5723351,1.007641288196525,,,,,-95284.37964965432,517384413.2145494,1.7545721796743126,,,
Tinagl1,Constant Fit,,0,0,1.0,0.0,,,0.08652449718076205,,,,,,,,,
Laptm5,Piecewise Linear Fit,0.9917357748361726,0.12791955196035942,-0.07809067772519333,1.0,0.43563988095238093,1.6982775631673357,1.0001970486300182,,477.68421915068114,0.0001396167611958882,0.3936746699729902,,,,,,
Gm28874,Exponential Saturation Fit,0.9987332321254302,0.04125892843685989,0.8137523904717299,1.0,0.30691964285714285,4.6302791120941675,1.0005703326484143,,,,,,,,-0.006544422789649427,0.008997748228650843,0.007293349879118772
Fgr,Constant Fit,,0,0,1.0,0.0,,,0.004562479271212838,,,,,,,,,
Trnp1,Michaelis-Menten Fit,0.6635847057731952,0.24733610435535358,-0.12922703068823196,1.0,1.0,274200453191893.0,1.0124446857053708,,,,,0.5759223503469159,913.8775117962307,1.3027395870454688,,,
Hmgn2,Michaelis-Menten Fit,0.9983138126916047,0.49171309148324155,-0.1703714862592265,1.0,1.0,64228.353108615214,1.0041268701597372,,,,,6.528828129520654,55394.02073234797,0.5183291265691821,,,
Cd52,Piecewise Linear Fit,0.9928756710294713,0.0716416248911658,0.1521796606663991,1.0,0.2760416666666667,2.503114299677208,1.0003414033826121,,267.5277514243751,-0.0001797920893649969,0.18208451594261865,,,,,,
Clic4,Piecewise Linear Fit,0.99986584147755,0.4260300924910677,-0.40833866471085317,1.0,0.9620535714285714,2.5687455264517124e+46,1.040556152066056,,1590.9042251563212,0.0004120489224688364,0.4749145850445787,,,,,,
Stpg1,Piecewise Linear Fit,0.9906745809217148,0.30580804050310073,0.32010201963495455,1.0,0.8251488095238095,3.3385225238026552,1.0004485858341652,,1141.9591357159354,-2.1822106889240737e-05,0.051384996002466515,,,,,,
Id3,Piecewise Linear Fit,0.9932055380190664,0.044197001955295065,0.10410390844986431,1.0,0.20498511904761904,2014.1224469875292,1.0028343435787517,,165.042741069656,-0.0012034247546269831,1.0532422819783673,,,,,,
C1qb,Constant Fit,,0,0,1.0,0.0,,,0.9855561502696449,,,,,,,,,
C1qc,Piecewise Linear Fit,0.9598019901227511,0.09756747145382863,0.051930675186308825,1.0,0.34561011904761907,2.5151304333483875,1.0003431856099698,,364.3414048278031,-0.0002483280959269374,0.9163629927440703,,,,,,
C1qa,Constant Fit,,0,0,1.0,0.0,,,0.9726981648994908,,,,,,,,,
Wnt4,Piecewise Linear Fit,0.9580640907444453,0.38494660519377405,0.24244219041434129,1.0,0.9192708333333334,49966.80342815283,1.0040330791177632,,1437.4864699504067,-0.00011377042332815021,0.4190551048201776,,,,,,
Alpl,Constant Fit,,0,0,1.0,0.0,,,0.12195010619922085,,,,,,,,,
Camk2n1,Piecewise Linear Fit,0.6741852428993786,0.3725192935309719,0.1130543674031569,1.0,0.9051339285714286,4.0218078759456265e+51,1.0451968048062907,,1391.0807618708716,-0.00054591167486005,3.7382966788947902,,,,,,
Pla2g5,Constant Fit,,0,0,1.0,0.0,,,0.03265820608470103,,,,,,,,,
Nbl1,Michaelis-Menten Fit,0.7849741189968714,0.1320087619968909,0.2659897894909746,1.0,1.0,22767404397832.29,1.0115078060177836,,,,,-0.38356227330856696,334.89521464957954,0.773968451139037,,,
4933427I22Rik,Piecewise Linear Fit,0.9942301835424401,0.06370683279032426,0.6470124151314256,1.0,0.20498511904761904,1.2869294416325587,1.0000938507962718,,237.89645189426034,-2.5499996503600514e-05,0.007721156334262463,,,,,,
Igsf21,Exponential Saturation Fit,0.9993012831744691,0.022045612094550308,-0.24665520359705836,1.0,0.20498511904761904,389591.27673371584,1.0048004936100334,,,,,,,,0.19179475956715622,0.01683951741903623,0.2928938493197978
Padi2,Michaelis-Menten Fit,0.9979405457908672,0.49999919718332114,-0.6031896825084343,1.0,1.0,1.003850921835731e+30,1.026033014621603,,,,,134790.97600023233,581428876.5894898,0.14237559089331742,,,
Gm13056,Constant Fit,,0,0,1.0,0.0,,,0.006798407417981703,,,,,,,,,
Epha2,Constant Fit,,0,0,1.0,0.0,,,0.011895218517583276,,,,,,,,,
Tmem51os1,Constant Fit,,0,0,1.0,0.0,,,0.0024148057247357474,,,,,,,,,
Plod1,Piecewise Linear Fit,0.9666787909422115,0.37404745266079903,-0.46210109532837984,1.0,0.9077380952380952,8.359592412399452e+24,1.0215782694629751,,1396.7881720546422,0.0002239627431753325,0.18207067120447182,,,,,,
Nppa,Piecewise Linear Fit,0.9612818642079151,0.16060040150562926,0.7150025972831957,1.0,0.5141369047619048,796.6532710473288,1.0024883659832986,,599.7205632735132,-3.241273642512852e-05,0.023312658610798124,,,,,,
Cort,Michaelis-Menten Fit,0.659145762014452,0.4999984006030837,0.24827718853171588,1.0,1.0,2.1119101311151285,1.0002781610060074,,,,,-9515.803305078638,291847534.4478673,0.1530398483079361,,,
Spsb1,Piecewise Linear Fit,0.42033424100392164,0.31585482768575707,-0.4771990401223545,1.0,0.8325892857142857,903371858670876.5,1.0128938598452142,,1179.4824053358548,0.0001476684309352793,0.09540825352063789,,,,,,
Vamp3,Piecewise Linear Fit,0.8891256207142526,0.3415989438037493,-0.34932510053767796,1.0,0.8705357142857143,1.991975931510688e+19,1.0166694958627622,,1275.617195479259,0.0002258199124320934,0.2682791148603307,,,,,,
Gpr153,Constant Fit,,0,0,1.0,0.0,,,0.29312649298768506,,,,,,,,,
BC039966,Piecewise Linear Fit,0.9873443352558656,0.1472871601518163,-0.36982623099039924,1.0,0.49181547619047616,156.33048214019732,1.0018812212395594,,550.0080125134834,9.156257126544074e-05,0.04290615629360614,,,,,,
Smim1,Piecewise Linear Fit,0.9829219474708459,0.384954506965961,-0.3018605446019893,1.0,0.9192708333333334,657111486785.4426,1.0101745971208242,,1437.5181255451846,0.0001624523547477339,0.27005061838350464,,,,,,
Trp73,Piecewise Linear Fit,0.988085327342339,0.2011663726952377,-0.45172829582264146,1.0,0.6395089285714286,2.208351236335157,1.00029477788422,,751.2096326500651,2.058551953482744e-05,0.009384508241719058,,,,,,
Hes5,Michaelis-Menten Fit,0.9969046703680329,0.41963014202477955,0.32322648765824386,1.0,1.0,135304648176.81842,1.0095808713812073,,,,,-1.0292616955599414,4874.35478889896,0.5835007325005019,,,
Plch2,Constant Fit,,0,0,1.0,0.0,,,0.40269257616622056,,,,,,,,,
Gabrd,Piecewise Linear Fit,0.999999999999997,0.03421875845304772,-0.14016806683853808,1.0,0.10453869047619048,356.91475037640095,1.0021889610939698,,127.78148570774401,0.0013664757219960225,0.5355553279719542,,,,,,
Tmem52,Piecewise Linear Fit,0.9694542629752565,0.14797397082538413,0.31055381796823056,1.0,0.5052083333333334,8.376981820224458,1.0007910447366442,,552.5710470632648,-5.073773200609677e-05,0.059157139636679075,,,,,,
Atad3aos,Exponential Saturation Fit,0.9959937446336093,0.08661369908995674,-0.45093531204719894,1.0,0.5967261904761905,2.637045826678739,1.0003608014145322,,,,,,,,0.023040799294302704,0.004284052398287821,0.014022677063305027
Tmem88b,Piecewise Linear Fit,0.8202716667145258,0.3987061041724882,-0.6413530857976351,1.0,0.9334077380952381,1.2406559709779908e+100,1.0895250541130983,,1488.8693796150983,0.0007231022897653759,0.30102062223281273,,,,,,
Mxra8,Piecewise Linear Fit,0.7989556057177986,0.06884663510406949,0.4963617389657605,1.0,0.2760416666666667,650399407275.8328,1.01017073867918,,257.09064374442454,-0.00043188684668767074,0.16736496505052958,,,,,,
Tas1r3,Constant Fit,,0,0,1.0,0.0,,,0.0035084543175819527,,,,,,,,,
Isg15,Exponential Saturation Fit,0.995666212488839,0.20719325368804098,0.14404533819672427,1.0,0.9940476190476191,2.1067637465197135,1.0002772530855095,,,,,,,,-0.06725962952165146,0.0016823367489258393,0.25554910919995866
Steap1,Piecewise Linear Fit,0.7904860959812507,0.1843298523973792,-0.5358719371048463,1.0,0.5855654761904762,3.3590100932616234,1.0004508628862068,,688.336175872683,3.430480845957082e-05,0.01022592044663991,,,,,,
Abcb1a,Piecewise Linear Fit,0.1572728800303489,0.03364460092501973,0.1446643504585749,1.0,0.10453869047619048,14.343783796920548,1.000991308232643,,125.637407552663,-0.0006360498491852306,0.31615260207391027,,,,,,
Sema3d,Piecewise Linear Fit,0.9974971808336611,0.43473244617653195,-0.37848718556893035,1.0,0.9661458333333334,268.73991791949373,1.002083172771912,,1623.4048530875039,3.837788971578263e-05,0.05115367519776043,,,,,,
Sema3e,Piecewise Linear Fit,0.47125997984662565,0.1970183260023716,-0.4620229235333125,1.0,0.6395089285714286,2108260800684.189,1.0106127970894991,,735.716464546985,0.00022036463244394717,0.09438926827498076,,,,,,
Sema3c,Constant Fit,,0,0,1.0,0.0,,,0.1667000340015567,,,,,,,,,
Ccdc146,Piecewise Linear Fit,0.9803769931813601,0.06401275713306762,0.45389652652223594,1.0,0.2537202380952381,19.89424893824442,1.0011131304884924,,239.03954674272345,-0.00010096577986837557,0.03865365839975219,,,,,,
Reln,Michaelis-Menten Fit,0.8810208743957471,0.18257272133314112,0.4624758713937348,1.0,1.0,2.821025766563369e+21,1.0185446270212837,,,,,-0.4430845245780476,536.9518029092937,0.5441032642900733,,,
Lhfpl3,Constant Fit,,0,0,1.0,0.0,,,0.4555779687075458,,,,,,,,,
Slc4a2,Piecewise Linear Fit,0.9998349299529482,0.440279475020915,-0.44695499456706117,1.0,0.9683779761904762,1.4311739969110821e+26,1.022658283185801,,1644.1152879490332,0.00024916078276530397,0.25344202990726594,,,,,,
Gbx1,Constant Fit,,0,0,1.0,0.0,,,0.0017852877163758276,,,,,,,,,
Asb10,Constant Fit,,0,0,1.0,0.0,,,0.004153069081497603,,,,,,,,,
Wdr86,Constant Fit,,0,0,1.0,0.0,,,0.030382770679475618,,,,,,,,,
Crygn,Constant Fit,,0,0,1.0,0.0,,,0.03322485836167215,,,,,,,,,
Otof,Piecewise Linear Fit,0.6741494204714514,0.2986232657267053,0.5704214700572863,1.0,0.8165922619047619,409326018055116.75,1.0125956041412882,,1115.1337509603745,-0.00013022485984068793,0.19989927728312484,,,,,,
1700001C02Rik,Piecewise Linear Fit,0.9141475193379162,0.12827018420125,0.2882891385088156,1.0,0.43712797619047616,1.4471368293911777,1.0001375046180419,,478.99221315857056,-4.728025895674872e-05,0.050601497397389346,,,,,,
Slc30a3,Piecewise Linear Fit,0.8355374923704665,0.39871792724095595,0.542535061176082,1.0,0.9334077380952381,1.194425591739796e+43,1.0375898837527886,,1488.9130168889142,-0.00048475719110883285,1.0260554369014334,,,,,,
Trim54,Piecewise Linear Fit,0.8597775621077886,0.2209323242841297,0.9284283035109523,1.0,0.6636904761904762,4.264435344621228e+16,1.0143473628482984,,825.0163361714995,-0.00011839580462347498,0.10144344537565082,,,,,,
Gm29609,Constant Fit,,0,0,1.0,0.0,,,0.005564714156623213,,,,,,,,,
Rgs12,Piecewise Linear Fit,0.656794886307365,0.4617242585403955,0.1501719143040438,1.0,0.9906994047619048,24.600794847049762,1.0011922200828525,,1724.19240647559,-7.028625580604133e-05,0.46408783305472573,,,,,,
Wfs1,Piecewise Linear Fit,0.6222896727182814,0.45327532542848553,0.4581896349592248,1.0,0.9840029761904762,7.351144287590858e+39,1.034739988760154,,1692.6440005906018,-0.00041148048322084185,1.1082905192996826,,,,,,
Cytl1,Exponential Saturation Fit,0.9890996737179206,0.05888443718598103,0.7261766113237053,1.0,0.4099702380952381,14301.654948233796,1.0035659151749807,,,,,,,,-0.03749199696436305,0.006304438855547688,0.04456030896047513
Msx1,Piecewise Linear Fit,0.999912151945158,0.03824961210199842,0.21996247883021322,1.0,0.20498511904761904,2.430440361502992,1.0003304386824134,,142.83365591331872,-0.00031865983551081076,0.12621929573767335,,,,,,
C1qtnf7,Michaelis-Menten Fit,0.5023637516289313,0.0287768848452607,0.930983884267928,1.0,0.8017113095238095,148497619.64955845,1.0070245870455476,,,,,-0.03544370590616963,57.01128797296255,0.035668363646345354,,,
Fgfbp1,Piecewise Linear Fit,0.9911962141549168,0.03967593635650583,0.8282525680090966,1.0,0.20498511904761904,5.568352375144486e+21,1.0188023266403872,,148.15993215994328,-0.0006397587631567347,0.10461414718299952,,,,,,
Prom1,Piecewise Linear Fit,0.999999625256869,0.49999897007880356,-0.23313056427474926,1.0,0.9996279761904762,34.44776198391696,1.0013176247578002,,1867.1261339288242,4.854730486721664e-05,0.1490839877163123,,,,,,
Qdpr,Piecewise Linear Fit,0.41745646009699494,0.3911987456214887,-0.3607501019434187,1.0,0.9322916666666666,1.4730283152835449e+128,1.116044794490662,,1460.8349603079755,0.0009287655758314498,1.202102424708149,,,,,,
Lap3,Michaelis-Menten Fit,0.999190842151381,0.49999687393786496,-0.26196471032699836,1.0,1.0,7.656659648685229e+17,1.0154377119085665,,,,,33863.79268052771,149318407.3667676,0.5964785309626022,,,
Sod3,Piecewise Linear Fit,0.992725168696787,0.05126294051461225,0.17248636659926428,1.0,0.20498511904761904,11.141397224492254,1.000897228031393,,191.42869642132734,-0.00034521258586104025,0.22460359057659884,,,,,,
Nwd2,Piecewise Linear Fit,0.44522303721005485,0.2926023403118111,0.5261040571347156,1.0,0.8017113095238095,1.005321123793089e+35,1.0304375842166082,,1092.6506234966162,-0.00033171622609504944,0.5256909905192982,,,,,,
Rbm47,Constant Fit,,0,0,1.0,0.0,,,0.030161855827730715,,,,,,,,,
Shisa3,Piecewise Linear Fit,0.9758579817911347,0.06384363052870541,0.5671000829821959,1.0,0.23586309523809523,9.256473345330464,1.0008282159690496,,238.40780191030714,-5.6739573851571676e-05,0.018690183238500746,,,,,,
Gm15478,Constant Fit,,0,0,1.0,0.0,,,0.002696991411806765,,,,,,,,,
Kctd8,Piecewise Linear Fit,0.9043018081392228,0.3527668047258222,0.3234784242496664,1.0,0.8869047619047619,4014.435689557993,1.0030916935883654,,1317.3180815696746,-6.1015219856205715e-05,0.16442595938284946,,,,,,
Gabra4,Piecewise Linear Fit,0.9978373107344912,0.067873476396366,-0.1381151694003444,1.0,0.2760416666666667,25509.30660261416,1.003781984402821,,253.45671487754373,0.0007991189049233393,0.6319650596646863,,,,,,
Gm5868,Piecewise Linear Fit,0.9966021826264942,0.11183272132434073,0.7344083978940069,1.0,0.4099702380952381,2.346079952020764,1.0003172920786425,,417.6086866238261,-1.4367689451463663e-05,0.0070850054855512105,,,,,,
Tec,Exponential Saturation Fit,0.9920174488178217,0.21611677154203676,0.4115012163694127,1.0,1.0,1.1748979334696867,1.0000599650711555,,,,,,,,-0.01637975297684868,0.0015946761637610995,0.02666179726863713
Fryl,Piecewise Linear Fit,0.9999977051457334,0.49823379460298073,-0.40291748954427875,1.0,0.9992559523809523,6.165374373228333e+24,1.0214625652462925,,1860.5315144600238,0.00022227489044697045,0.3064189856908706,,,,,,
Rasl11b,Piecewise Linear Fit,0.9652055012480827,0.07131762989594823,-0.13425059869953926,1.0,0.2760416666666667,71.35861614663469,1.0015889537952924,,266.31808098098014,0.00044531964612517643,0.3824005260631062,,,,,,
Pdgfra,Constant Fit,,0,0,1.0,0.0,,,0.3339405568142653,,,,,,,,,
Kit,Piecewise Linear Fit,0.9531187455600411,0.2565061428874499,0.19497321970397447,1.0,0.7395833333333334,119.86887408353974,1.0017822404836547,,957.8574294022835,-7.874571375640276e-05,0.2311431402397293,,,,,,
Kdr,Constant Fit,,0,0,1.0,0.0,,,0.19156141774894642,,,,,,,,,
Hopx,Piecewise Linear Fit,0.7784895879474817,0.07143073715662514,0.13903188542385153,1.0,0.2760416666666667,8950845.853980465,1.005972848069143,,266.7403626598704,-0.0009023078891961479,0.9859047647975211,,,,,,
Rest,Constant Fit,,0,0,1.0,0.0,,,0.06826834523490985,,,,,,,,,
Igfbp7,Piecewise Linear Fit,0.9973699287556725,0.046278815321754346,0.09140198198393781,1.0,0.20498511904761904,23.10456612749096,1.0011688485932086,,172.81674702377066,-0.0007187143525769816,0.7415514236226514,,,,,,
Epha5,Piecewise Linear Fit,0.6311214237779526,0.5000003563026733,0.17487812370822375,1.0,0.9996279761904762,397109.60319203633,1.0048076386865001,,1867.1261339234031,-0.00014032964638936688,0.8801372969809476,,,,,,
Jchain,Constant Fit,,0,0,1.0,0.0,,,0.012707099214191367,,,,,,,,,
Ppbp,Piecewise Linear Fit,0.9835889845939294,0.17035651791073864,0.41684090827084164,1.0,0.5803571428571429,3.875387518898884,1.0005040874493836,,636.1518958815371,-2.745036343593165e-05,0.029677661865759576,,,,,,
Pf4,Michaelis-Menten Fit,0.9945268600032432,0.03328935430777256,0.5717970390189632,1.0,0.8683035714285714,27751330100.596024,1.0089860230448118,,,,,-0.12369280167331856,66.58882101713013,0.1641535187968557,,,
Naaa,Michaelis-Menten Fit,0.764146943213349,0.22122531575542828,0.2610313877346877,1.0,1.0,397953251.4156854,1.0073939591635501,,,,,-0.30978512435462324,740.8412447501785,0.5357167567957583,,,
Cxcl10,Constant Fit,,0,0,1.0,0.0,,,0.005520302457537391,,,,,,,,,
Anxa3,Constant Fit,,0,0,1.0,0.0,,,0.14881232581849455,,,,,,,,,
Bmp2k,Piecewise Linear Fit,0.9995645134360862,0.4063429617152766,-0.3493751307944864,1.0,0.9397321428571429,530069052.753308,1.007501402539106,,1517.3884961298447,0.00011077302165570356,0.15650905372384835,,,,,,
Prdm8,Piecewise Linear Fit,0.38739361357696184,0.3315250900033562,0.35140968000670203,1.0,0.8586309523809523,25958488123.24629,1.0089609544381628,,1237.9975298379784,-0.0001568359367457335,0.37334356446410394,,,,,,
1700007G11Rik,Piecewise Linear Fit,0.9681113360693,0.0892714256274326,0.3182028611821779,1.0,0.30691964285714285,1.2171810830673662,1.0000731193388508,,333.36126034851463,-4.367632691055943e-05,0.030158477321497772,,,,,,
Tmem150cos,Constant Fit,,0,0,1.0,0.0,,,0.0015184051204808428,,,,,,,,,
Plac8,Piecewise Linear Fit,0.9916833574876817,0.1916240986926521,0.35249891371308417,1.0,0.5967261904761905,7.1773451001592345,1.0007335016008658,,715.5707930638177,-3.7036863039062113e-05,0.050843559500754996,,,,,,
Nkx6-1,Constant Fit,,0,0,1.0,0.0,,,0.0031736255261545646,,,,,,,,,
5430427N15Rik,Constant Fit,,0,0,1.0,0.0,,,0.0017385005340193151,,,,,,,,,
Spp1,Piecewise Linear Fit,0.9924149720555767,0.03952324134893216,0.6039937709111757,1.0,0.20498511904761904,1.3268561720726439e+28,1.0243829940511944,,147.5897449173201,-0.0016919564951996672,0.33157791479064097,,,,,,
Gm32051,Constant Fit,,0,0,1.0,0.0,,,0.0036117767740358954,,,,,,,,,
Hfm1,Piecewise Linear Fit,0.9999999341232404,0.49772636155198285,0.9710508778404057,1.0,0.9992559523809523,4.50970826161765,1.0005605113672638,,1858.616882930883,-9.828088800908014e-06,0.018538935876350682,,,,,,
Tgfbr3,Michaelis-Menten Fit,0.8024628165470424,0.036203220786234655,0.44205702939518327,1.0,0.9051339285714286,1756678419.0291123,1.007950595179761,,,,,-0.13174648708234343,72.87241156606052,0.20681662016932964,,,
Ephx4,Piecewise Linear Fit,0.9593514878188899,0.035389828311241725,-0.14820710121990452,1.0,0.10453869047619048,845.1956439216895,1.0025104256656023,,132.1545570976372,0.001262548736159614,0.4794742643068281,,,,,,
Cplx1,Michaelis-Menten Fit,0.9896014402378006,0.4293451508227231,-0.2022204459499569,1.0,1.0,2.3809495836659822e+53,1.0467848341673434,,,,,3.822056834437782,5672.94078949245,1.8669102505989854,,,
Chek2,Piecewise Linear Fit,0.9265158175191768,0.09625107811138053,0.3022790762924006,1.0,0.30691964285714285,10.702677987483687,1.000882269175055,,359.4253871387007,-8.56627289039075e-05,0.06632337757281259,,,,,,
Tmem119,Constant Fit,,0,0,1.0,0.0,,,0.28044292080920236,,,,,,,,,
Selplg,Constant Fit,,0,0,1.0,0.0,,,0.3888748644560355,,,,,,,,,
Trpv4,Constant Fit,,0,0,1.0,0.0,,,0.03909079994088142,,,,,,,,,
Gltp,Piecewise Linear Fit,0.8107918326577135,0.39871944487795274,-0.4349445489365433,1.0,0.9334077380952381,5.265319592824199e+37,1.0328405211070872,,1488.9193836700151,0.0003794434447450494,0.3669825542647466,,,,,,
Ankrd13a,Piecewise Linear Fit,0.8795458845963329,0.29891089890755707,-0.30042441118037405,1.0,0.8165922619047619,5562383823056165.0,1.0135790186556037,,1116.2092240783836,0.00021385544936736696,0.27792995724954284,,,,,,
Cabp1,Piecewise Linear Fit,0.6223756175113259,0.39872158975611705,0.1246092404460712,1.0,0.9334077380952381,24656.90572811751,1.0037692929377822,,1488.9261151845212,-0.00016812518842468594,1.1296068948583478,,,,,,
Cit,Piecewise Linear Fit,0.9999166093919871,0.48212368633794483,-0.17190089747592843,1.0,0.9985119047619048,14289115.813269898,1.0061479168273475,,1800.3724986962138,0.0001748611255048823,0.7582803710407587,,,,,,
Hspb8,Piecewise Linear Fit,0.9999566748268592,0.037473915413658326,0.2974913574231256,1.0,0.20498511904761904,382106.86676277616,1.004793242529396,,139.9370375881355,-0.000872924497065032,0.26638482550882825,,,,,,
Nos1,Constant Fit,,0,0,1.0,0.0,,,0.21033643313230982,,,,,,,,,
Tesc,Piecewise Linear Fit,0.6855422606047257,0.28886368481243724,0.24034525164205917,1.0,0.7976190476190477,3.6951151353208673e+18,1.016032499235974,,1078.6895381280483,-0.00032492168730185707,0.9043826305712356,,,,,,
Hrk,Piecewise Linear Fit,0.7925184505357912,0.32747681455229605,0.4316923785184402,1.0,0.8515625,8.144673119528591e+22,1.0198196846385852,,1222.8804966155299,-0.00022612560360532702,0.4585419713840726,,,,,,
Tbx3os2,Exponential Saturation Fit,0.9993398566865762,0.028547559720043476,0.8211534810082904,1.0,0.20498511904761904,144.73867953903718,1.0018525061492225,,,,,,,,-0.010344863488313604,0.013004175416790918,0.011471414604802143
Oas2,Constant Fit,,0,0,1.0,0.0,,,0.004130835260924636,,,,,,,,,
Cux2,Piecewise Linear Fit,0.8921657210884685,0.1947813378036162,0.1681015219101262,1.0,0.6197916666666666,1279757.8545016244,1.0052451743239943,,727.3623195530234,-0.00021850825064409515,0.5522015074096908,,,,,,
Camkk2,Piecewise Linear Fit,0.6142318150747396,0.3915461345058059,0.14350848789917842,1.0,0.9330357142857143,1497997.421076096,1.005304061530791,,1462.1311456730973,-0.0001633528039311366,0.9515787394548815,,,,,,
Hcar1,Michaelis-Menten Fit,0.9997223332545081,0.004305669979328663,0.8491074669288994,1.0,0.20498511904761904,260207611344.70532,1.0098265174619694,,,,,-0.04233055611415023,8.109058766109401,0.045892464759693566,,,
Pitpnm2,Michaelis-Menten Fit,0.9998343172653446,0.4999937477533213,0.46106467591303063,1.0,1.0,4.4215249215426794e+33,1.029240705695065,,,,,-22645.903719757618,74657274.80767508,0.897341833978709,,,
Mmp17,Piecewise Linear Fit,0.6491854817777234,0.03706864343413898,-0.1175216726119624,1.0,0.20498511904761904,332.1314821148471,1.0021621297683758,,138.42367688613524,0.0012497861855790286,0.6495344495399306,,,,,,
Phkg1,Constant Fit,,0,0,1.0,0.0,,,0.21032616269687626,,,,,,,,,
Galnt17,Piecewise Linear Fit,0.4660663263234032,0.15638547505411815,-0.23995581657328569,1.0,0.5074404761904762,7968859316794.067,1.0111128424924807,,583.982956737776,0.0004116703387215477,0.38073895327269736,,,,,,
Eln,Constant Fit,,0,0,1.0,0.0,,,0.04911385471544081,,,,,,,,,
Stx1a,Piecewise Linear Fit,0.9998671405895933,0.4821140635694565,0.43743969824305345,1.0,0.9977678571428571,4.323148495294954e+38,1.0336498300314934,,1800.3351586790527,-0.00047808616254933854,1.4141679245106091,,,,,,
Hspb1,Exponential Saturation Fit,0.9993891832584978,0.024333572501104492,0.22788482230084445,1.0,0.20498511904761904,817.3266640125912,1.0024979207376046,,,,,,,,-0.09869845747851144,0.015256184421104718,0.265902609651508
Orai2,Piecewise Linear Fit,0.9233269706703491,0.03646569880150382,-0.11431079214141655,1.0,0.10453869047619048,10.259252161784426,1.00086651357981,,136.17213815585467,0.0006909723553195045,0.364513025376394,,,,,,
Vgf,Piecewise Linear Fit,0.7171128665103447,0.036234423974018104,-0.05415824295196458,1.0,0.10453869047619048,6.276300584483326,1.000683559684201,,135.30849479121298,0.0009086159472329511,1.0735674594618485,,,,,,
Trim56,Piecewise Linear Fit,0.9999720875728797,0.03954332393026888,0.22745803125962338,1.0,0.20498511904761904,3.0661082610043024,1.0004169057389392,,147.66468304736588,-0.0002306617324493606,0.09190255114518793,,,,,,
Ache,Piecewise Linear Fit,0.9678826018583216,0.18944793000443433,-0.06916221213907449,1.0,0.5967261904761905,10.668289242320833,1.000881070846268,,707.4468360520204,0.00014931581448307838,0.7108447336278255,,,,,,
Pcolce,Michaelis-Menten Fit,0.9958923716951534,0.010576782973996545,0.41184167505673047,1.0,0.3835565476190476,37712639.37257224,1.0065112501669955,,,,,-0.14414683819588084,20.17496022762041,0.24443494670711988,,,
Tsc22d4,Michaelis-Menten Fit,0.9875208771371311,0.4999992442457916,-0.1615839258982306,1.0,1.0,7.630870611016859e+25,1.022419052415883,,,,,192780.4296008508,617635786.292143,1.5119390423630026,,,
Gjc3,Michaelis-Menten Fit,0.9770738329092972,0.4999991956165454,-0.6530475871875834,1.0,1.0,3.2844701326540486e+69,1.06135771283499,,,,,273692.8113955157,580296369.2220231,0.23392728745235034,,,
Gper1,Exponential Saturation Fit,0.9804583018973908,0.036220442158251875,0.2442963918620842,1.0,0.30691964285714285,2.771141424280825,1.0003792606295006,,,,,,,,-0.03201850830958278,0.010249390843785877,0.08154134786776537
4930500L23Rik,Piecewise Linear Fit,0.9955394809033997,0.06385932735049822,0.6483356037292831,1.0,0.23586309523809523,1.2941892048946135,1.000095943740128,,238.46575033591503,-2.1925030318245972e-05,0.006646331265717774,,,,,,
Elfn1,Michaelis-Menten Fit,0.7955322938834267,0.4999978750017506,0.19332315461384345,1.0,1.0,3.159552034116969,1.0004280790461955,,,,,-8163.890598919366,219661147.66070867,0.21416973174041534,,,
Gna12,Piecewise Linear Fit,0.9809485389196042,0.39153198898108577,-0.3330686935317198,1.0,0.9322916666666666,3.964420618242174e+51,1.0451912165172699,,1462.079520297618,0.00048332221963012334,0.707497728916444,,,,,,
Slc29a4,Piecewise Linear Fit,0.9996628987199017,0.35251653542545797,0.19886244869216918,1.0,0.8839285714285714,17.76160173824696,1.0010708999840479,,1316.3831691624314,-5.2598463212425956e-05,0.20870937377734627,,,,,,
Nptx2,Piecewise Linear Fit,0.9451361775143653,0.26077633888372936,0.16899825271594918,1.0,0.7622767857142857,11124.877926660703,1.0034721371411068,,973.8038855175547,-0.00012995104547500492,0.43767620162294274,,,,,,
Tmem130,Michaelis-Menten Fit,0.6269851907832426,0.49999374925650225,0.14026274722009843,1.0,1.0,1519650.6095451645,1.005309428882495,,,,,-14064.240856413182,74675228.6236696,1.429338635391657,,,
Arpc1b,Piecewise Linear Fit,0.9998667320841388,0.463213414686616,-0.27704147938070645,1.0,0.9910714285714286,1841484390.4523642,1.0079682746743721,,1729.756845522881,0.00015707528237739388,0.3545124522167287,,,,,,
Zscan25,Constant Fit,,0,0,1.0,0.0,,,0.0032180776583587345,,,,,,,,,
Flt1,Piecewise Linear Fit,0.9985129917672494,0.4294983356311807,-0.17260279324074354,1.0,0.9646577380952381,4142.759467593028,1.0031034356950406,,1603.8567463859742,9.946301664998981e-05,0.38235206255871806,,,,,,
Medag,Piecewise Linear Fit,0.7775245842923794,0.11084047281821734,-0.21346401065659396,1.0,0.40401785714285715,202.19485234802164,1.0019771125724695,,413.9064843087638,0.00020976727691376175,0.15995724269744396,,,,,,
Kl,Piecewise Linear Fit,0.8465945003693943,0.14803960301371186,-0.2118712642106901,1.0,0.5052083333333334,2.670650181254259,1.0003655139403258,,552.8177871687848,9.803773993868968e-05,0.10080229217602994,,,,,,
Calcr,Michaelis-Menten Fit,0.998526831238602,0.010496262535929075,0.4710474244393455,1.0,0.3835565476190476,9869.966732837358,1.0034274569813872,,,,,-0.05921664978427561,20.018075984507448,0.09148385285139081,,,
Gng11,Piecewise Linear Fit,0.986353274767989,0.4187372986421458,-0.39403727568627256,1.0,0.953125,5.998571977248309e+48,1.042669320841902,,1563.671059384508,0.00044385466304738445,0.533660171065824,,,,,,
Col1a2,Michaelis-Menten Fit,0.9951260170359894,0.005310727729884872,0.5393305903207806,1.0,0.20498511904761904,1.3823865630065984e+27,1.0235214776956094,,,,,-0.29122902034549386,10.022249403448338,0.4133867513734077,,,
Peg10,Michaelis-Menten Fit,0.8495255848802941,0.4999174185208357,0.488808225555068,1.0,1.0,53.111301105574604,1.0014789160805357,,,,,-182.20522637864963,5651441.967217397,0.09164357339458878,,,
Asb4,Michaelis-Menten Fit,0.9759206651351867,0.174175772817978,0.46888271174939644,1.0,1.0,172.365859979636,1.0019176172744064,,,,,-0.07273075461068577,499.0545654094937,0.0898952505407479,,,
1700019G24Rik,Piecewise Linear Fit,0.8630332283892628,0.07364371183073666,0.3857967757734874,1.0,0.28720238095238093,1.0818884634098056,1.0000292817126988,,275.00358897808576,-4.516118309937978e-05,0.0223056369131846,,,,,,
Dlx6os1,Piecewise Linear Fit,0.9999999241797981,0.500001289475033,0.41214598352785675,1.0,0.9996279761904762,49.04723833118308,1.0014492574492013,,1867.1259497645497,-3.734717951298221e-05,0.11946204680442193,,,,,,
Tac1,Piecewise Linear Fit,0.9977862463211332,0.051412099443670395,-0.16110184708575678,1.0,0.20498511904761904,3.864368160346403,1.000503027588839,,191.9857840499763,0.0005468570649346362,0.2733516008289317,,,,,,
Col28a1,Constant Fit,,0,0,1.0,0.0,,,0.0020307834696003508,,,,,,,,,
Nxph1,Piecewise Linear Fit,0.7838360622222793,0.4251074357779455,0.11532502789628452,1.0,0.9590773809523809,3.8600278751683934,1.0005026093033227,,1587.455536885221,-5.5326562935477474e-05,0.4247008645485763,,,,,,
Foxp2,Piecewise Linear Fit,0.8065370275722796,0.29746806016694377,-0.2070683713114846,1.0,0.8165922619047619,3309.437676389844,1.0030196293759477,,1110.8216600114156,0.0001259837178930179,0.267948134811654,,,,,,
Mdfic,Michaelis-Menten Fit,0.9549977314641179,0.0036010802233635265,0.26307693772577234,1.0,0.10453869047619048,3.62979155686808,1.000479718906408,,,,,-0.033823249719172645,6.772447206915956,0.0809021268639185,,,
Met,Piecewise Linear Fit,0.9999998508317061,0.5000014814599775,0.4516831517958138,1.0,0.9996279761904762,37.72576217850497,1.0013514865460529,,1867.1260958027556,-3.351958127670742e-05,0.100572717031172,,,,,,
Fezf1,Piecewise Linear Fit,0.99720589741316,0.3559513018631748,0.8305058774776027,1.0,0.8924851190476191,59869.109548795626,1.0041006152455734,,1329.2091267131636,-4.697664870620216e-05,0.06881351895445481,,,,,,
Cadps2,Exponential Saturation Fit,0.9997566082193946,0.019323431154273926,-0.20021905749334415,1.0,0.20498511904761904,19770.600108144172,1.0036868210614274,,,,,,,,0.186650045337697,0.019211777965721193,0.3727895611636116
Tmem229a,Piecewise Linear Fit,0.9938623555044058,0.42603040290342664,-0.31045666557289897,1.0,0.9620535714285714,2.389706647286145e+40,1.0351939032789839,,1590.9054537047562,0.000349276191675566,0.617083499806261,,,,,,
Gpr37,Piecewise Linear Fit,0.9751084112309382,0.40645633702549194,-0.5854876029918137,1.0,0.9397321428571429,2.6826676221204794e+89,1.079616606346403,,1517.8107202166493,0.000684024992395056,0.36751867321650494,,,,,,
Ccdc136,Michaelis-Menten Fit,0.9978373387896539,0.15780652098613904,-0.15872132744100437,1.0,1.0,391231602.7611248,1.0073875749667607,,,,,0.3920995837943478,430.52351621615816,0.8444245054537295,,,
Strip2,Michaelis-Menten Fit,0.7515108131334799,0.4999968258780311,-0.29707368241295223,1.0,1.0,3818.5831883468118,1.0030730285966556,,,,,10187.246557930765,147057542.04929626,0.15302179302680202,,,
Mest,Piecewise Linear Fit,0.6291649781625224,0.39082309488241296,0.2591270318175312,1.0,0.9308035714285714,1472.1295822093637,1.0027174002362753,,1459.4297555500063,-6.421165854680575e-05,0.22767949308562505,,,,,,
Bpgm,Piecewise Linear Fit,0.9457816617375508,0.3514636063754838,-0.12931079152952565,1.0,0.8720238095238095,86903640.2799762,1.0068238880883025,,1312.4545253849249,0.00017355729634018307,0.7668766892860723,,,,,,
Cald1,Piecewise Linear Fit,0.9422821270114204,0.06394190965332133,0.10868786439769645,1.0,0.24367559523809523,2.01691644493027,1.0002610347454477,,238.7751272538954,-0.0002543403917759171,0.30974382975221687,,,,,,
Slc13a4,Michaelis-Menten Fit,0.9772225449357229,0.012344516617585986,0.6401073456738597,1.0,0.4099702380952381,2.714069513299335e+20,1.0176578652534056,,,,,-0.2136086853669965,23.632226388282636,0.27023774141363516,,,
Fam180a,Piecewise Linear Fit,0.999999999999997,0.035148824558102226,0.7447952675373555,1.0,0.10453869047619048,203718815370037.78,1.0123327810709375,,131.25455370778408,-0.0005443797914157528,0.08369392678291145,,,,,,
Ptn,Piecewise Linear Fit,0.9997990025853328,0.35199040254775726,0.06653131812791528,1.0,0.8779761904761905,2821415333622.9956,1.0107223519910662,,1314.4203301482798,-0.00020902647952810436,2.2021812628218838,,,,,,
Hipk2,Piecewise Linear Fit,0.9992727715944929,0.4617234413855772,-0.35196679478635534,1.0,0.9906994047619048,2726891.8005458703,1.0055281231674864,,1724.1936443648635,9.389756423803276e-05,0.14904106219414295,,,,,,
Trbc1,Constant Fit,,0,0,1.0,0.0,,,0.00373380007564847,,,,,,,,,
Trbc2,Piecewise Linear Fit,0.05101042741463243,0.2890018589483639,-0.37675535784361713,1.0,0.7983630952380952,4134480359.5704107,1.0082716068877464,,1079.2064393411765,0.00018225268657903792,0.16268502849019537,,,,,,
Ephb6,Exponential Saturation Fit,0.9918483737902659,0.03303071531389784,-0.11136311912886299,1.0,0.2760416666666667,23.633311326536422,1.0011772762311046,,,,,,,,0.11466068261802788,0.011239159211401568,0.45747511414783054
Sspo,Piecewise Linear Fit,0.8466998122123128,0.3017608235280556,-0.7730152137737932,1.0,0.8195684523809523,3369.2931090891225,1.003026317939785,,1126.8544730723515,3.281967357253956e-05,0.00542976205860805,,,,,,
Rarres2,Piecewise Linear Fit,0.8575763560194399,0.15530380657682566,0.17631274801278038,1.0,0.5074404761904762,446.08599411427457,1.0022721129649375,,579.9433117151234,-0.00020697387911796207,0.40041485133702714,,,,,,
Tmem176b,Michaelis-Menten Fit,0.9861317952733684,0.1283405049855515,0.18845959456797035,1.0,1.0,125715206.0573884,1.006962193222059,,,,,-0.3013238774555495,322.3756071459123,0.8102109029046052,,,
Npy,Piecewise Linear Fit,0.9784532737191938,0.4102250923533358,0.2407160927456279,1.0,0.9415922619047619,339097169617.6402,1.0099260048825551,,1531.8834570457875,-0.0002921174606021473,1.1532422295231648,,,,,,
Npvf,Constant Fit,,0,0,1.0,0.0,,,0.009503693636775497,,,,,,,,,
0610033M10Rik,Constant Fit,,0,0,1.0,0.0,,,0.0020321276541996162,,,,,,,,,
Creb5,Piecewise Linear Fit,0.993237135726558,0.40465229083532844,-0.7181292441095523,1.0,0.9382440476190477,2.5276649377923074e+22,1.0193758606456969,,1511.074816280798,0.0001397156446747048,0.04143319442293091,,,,,,
Tril,Constant Fit,,0,0,1.0,0.0,,,0.5737455815301168,,,,,,,,,
Chn2,Piecewise Linear Fit,0.2562403888589037,0.2782186558466463,-0.2754340404018348,1.0,0.7745535714285714,3.924942158958057e+18,1.0160553072673753,,1038.9390176610793,0.0002799578523635019,0.3825718650033807,,,,,,
Wipf3,Piecewise Linear Fit,0.5419363398618737,0.33110961600380384,0.15523522382448193,1.0,0.8586309523809523,76646.78099409824,1.0041929037056088,,1236.446117169606,-0.00017237461941888217,0.7930465311971179,,,,,,
Inmt,Piecewise Linear Fit,0.5944508801100741,0.0341086513438295,0.30161374430849863,1.0,0.10453869047619048,1.3264488376481594,1.000105104230064,,127.370229718281,-0.00016139988040814974,0.04435801896465605,,,,,,
Aqp1,Piecewise Linear Fit,0.8493829912460138,0.10679834776414361,-0.5212425948268491,1.0,0.3835565476190476,4.107320719517462,1.000525722564404,,398.8124579891035,8.211965916160372e-05,0.015040471935616136,,,,,,
Neurod6,Piecewise Linear Fit,0.02186058137559563,0.13632639278363218,-0.3664670792681842,1.0,0.4880952380952381,291528698359020.25,1.012467766931991,,509.0772252142743,0.000607540531009165,0.2673395110722669,,,,,,
Ppp1r17,Constant Fit,,0,0,1.0,0.0,,,0.044440465243461715,,,,,,,,,
Nap1l5,Piecewise Linear Fit,0.9516678750498666,0.03510842826022056,-0.0316846327493086,1.0,0.10453869047619048,3.985048535016557,1.0005144736249003,,131.10374056519555,0.0010312132376707416,2.065863931041761,,,,,,
Snca,Piecewise Linear Fit,0.6306557076544566,0.47964338814996627,0.22415769924642406,1.0,0.9966517857142857,8.88294046905508e+27,1.0242300855024007,,1791.1089840042687,-0.00042048990568663985,2.0565122421759816,,,,,,
Ndnf,Piecewise Linear Fit,0.9979428078922239,0.13782425886240035,0.3345476154988708,1.0,0.4880952380952381,268235.5483724351,1.0046609852987198,,514.6702808995458,-0.00019039081786762256,0.1954434992327568,,,,,,
Gng12,Piecewise Linear Fit,0.7784765983947998,0.2813978541950038,-0.13398696610662497,1.0,0.7872023809523809,139001.4776544294,1.0044153140812795,,1050.8112425110182,0.00015746892184300535,0.534750801107741,,,,,,
Igkc,Constant Fit,,0,0,1.0,0.0,,,0.02941553627375094,,,,,,,,,
Vamp8,Piecewise Linear Fit,0.9999999999999972,0.03478076273858423,0.1690192540210836,1.0,0.10453869047619048,11407.803872870205,1.0034815125624936,,129.8801312260968,-0.0011906556890070382,0.5347913793883471,,,,,,
Dnah6,Constant Fit,,0,0,1.0,0.0,,,0.026121713961026107,,,,,,,,,
Lrrtm1,Exponential Saturation Fit,0.9383750073497553,0.05962262367521645,-0.2531766433945754,1.0,0.45200892857142855,263780119707.89764,1.0098316402627725,,,,,,,,0.2948082487106727,0.0062263728121087205,0.43481048536946265
Reg3b,Constant Fit,,0,0,1.0,0.0,,,0.0016783259603686837,,,,,,,,,
Rtkn,Piecewise Linear Fit,0.8465225989278583,0.28839844939270515,-0.24902329323395847,1.0,0.7976190476190477,4.28424679394924e+19,1.0169591887191953,,1076.9529410930868,0.0002853597613569691,0.46338925418439664,,,,,,
Slc4a5,Piecewise Linear Fit,0.6712175996916693,0.1849754423902154,-0.8028086049697699,1.0,0.5892857142857143,72.35861946155076,1.0015941392993137,,690.7462623801092,5.3251527355287384e-05,0.004517483265167794,,,,,,
Cyp26b1,Michaelis-Menten Fit,0.04117404433743218,0.4999991167989427,0.5151385998579152,1.0,1.0,160.5634026045065,1.0018911792185872,,,,,-23540.829521963176,528510148.5886797,0.12230348378723761,,,
Tgfa,Piecewise Linear Fit,0.9898524573489507,0.3672379158061522,-0.37680492289970413,1.0,0.9014136904761905,21393889666782.664,1.0114843908879332,,1371.359912422853,0.00015365705660717982,0.17425345982778084,,,,,,
Gkn3,Constant Fit,,0,0,1.0,0.0,,,0.1253229280113076,,,,,,,,,
Gata2,Constant Fit,,0,0,1.0,0.0,,,0.0511229541948076,,,,,,,,,
Podxl2,Exponential Saturation Fit,0.9648670629858732,0.001986960436310735,-0.032987808123930144,1.0,0.10453869047619048,3.3869724340835035,1.0004539484033539,,,,,,,,0.10812013596706235,0.18683686996440058,1.5847292622680074
Fbln2,Constant Fit,,0,0,1.0,0.0,,,0.06565717261834202,,,,,,,,,
4930590J08Rik,Constant Fit,,0,0,1.0,0.0,,,0.0035861142535325917,,,,,,,,,
Trh,Constant Fit,,0,0,1.0,0.0,,,0.124465833852284,,,,,,,,,
Fam19a1,Piecewise Linear Fit,0.38060315763894886,0.3629667998331715,0.33257366473969435,1.0,0.8969494047619048,8606129565722.016,1.0111417819978008,,1355.408883035034,-0.000190259870917171,0.5166434166224987,,,,,,
1700123L14Rik,Constant Fit,,0,0,1.0,0.0,,,0.0014342051940919782,,,,,,,,,
Fam19a4,Piecewise Linear Fit,0.9999715353362202,0.4632311820921917,-0.8844018632066718,1.0,0.9910714285714286,8352342741934.217,1.0111305223413987,,1729.8245746066602,6.968523999065431e-05,0.007877965046402697,,,,,,
Frmd4b,Michaelis-Menten Fit,0.9998950021234045,0.4999948420407885,-0.4545555803671507,1.0,1.0,105908094.94529982,1.0068979686929187,,,,,7806.576539757306,90496396.35679162,0.09663346386033522,,,
Lrrn1,Piecewise Linear Fit,0.9999635575071776,0.4794113086948471,-0.20382945813376674,1.0,0.9959077380952381,1489961544.4437292,1.0078888471778298,,1790.2438322000123,0.00016802382738173878,0.5874788261885728,,,,,,
Cpne9,Michaelis-Menten Fit,0.9999578433667723,0.006308293109094802,-0.15026743718419452,1.0,0.20498511904761904,15.332734864069737,1.00101613722617,,,,,0.11548892034516325,11.928880696800059,0.3244605272629368,,,
Atp2b2,Michaelis-Menten Fit,0.9999999989156632,0.0004896175571872448,-0.03787324176587251,1.0,0.10453869047619048,16.097432206376077,1.0010342620731487,,,,,0.13776308559319078,0.9150738103899461,1.7490003013504831,,,
Slc6a11,Piecewise Linear Fit,0.9999097272930578,0.4797863106979624,-0.14377122257437433,1.0,0.9977678571428571,106785.8517578391,1.0043167983556704,,1791.6441753233296,0.00016958090266006287,0.9047249418281371,,,,,,
Syn2,Michaelis-Menten Fit,0.007070513954860732,0.4999982750090174,0.08918768626744664,1.0,1.0,264135.65585322387,1.004655228440612,,,,,-46857.67976047112,270598475.49547803,1.9742126265438817,,,
Plxnd1,Piecewise Linear Fit,0.9468864360884025,0.4203588680216563,0.6337304516091495,1.0,0.9568452380952381,1.1260186709158716e+43,1.0375671182914414,,1569.7255915303567,-0.000337798027319174,0.6834813680874486,,,,,,
March8,Michaelis-Menten Fit,0.9632249086409467,0.499954144857143,-0.36614037126411825,1.0,1.0,5610984896767170.0,1.0135822990307914,,,,,1822.1670280850135,10178546.96955249,0.28927564901036457,,,
Alox5,Constant Fit,,0,0,1.0,0.0,,,0.009784099443416603,,,,,,,,,
8430408G22Rik,Constant Fit,,0,0,1.0,0.0,,,0.02495160385389994,,,,,,,,,
Tmem72,Piecewise Linear Fit,0.6135500558862371,0.14804262628714313,-0.5565117453254975,1.0,0.5074404761904762,15.065775051142973,1.0010095962110985,,552.8293691902696,6.45648283146198e-05,0.014222138319682592,,,,,,
Cxcl12,Michaelis-Menten Fit,0.962185926872933,0.024445798924705244,0.12227250505857863,1.0,0.7287946428571429,207.00781330498415,1.0019858816587977,,,,,-0.15065069063947012,47.98968221890409,0.6740455708650144,,,
Gm9946,Constant Fit,,0,0,1.0,0.0,,,0.0026513401427381567,,,,,,,,,
Rasgef1a,Michaelis-Menten Fit,0.981079846193349,0.49999914050460054,0.2978469054866654,1.0,1.0,4.667510470037261e+30,1.0266197855355361,,,,,-196199.898746948,543086962.2826512,1.4696094792532695,,,
Ret,Piecewise Linear Fit,0.998638772925193,0.45381413196822595,-0.6494467004134782,1.0,0.9851190476190477,3.349473814265235e+16,1.0142562317123984,,1694.6579056651847,0.00011653715969134852,0.053299976741700034,,,,,,
Lrtm2,Piecewise Linear Fit,0.9975062582225157,0.38852124887830025,-0.1315976460039036,1.0,0.9255952380952381,577.0829722882656,1.0023681217747227,,1450.8378275186092,9.850979507429586e-05,0.47156456315414785,,,,,,
Ninj2,Piecewise Linear Fit,0.8637540093205188,0.39153583898847427,-0.6306923377489374,1.0,0.9330357142857143,3564436912749211.0,1.0134112261421198,,1462.0948205413154,0.00011927172383536283,0.051056824738587796,,,,,,
Slc25a18,Piecewise Linear Fit,0.4913448658110333,0.1610566456936585,0.11463446135176787,1.0,0.5357142857142857,33448012.525479816,1.0064663165343273,,601.425971639419,-0.000348056192136958,1.0176977604202544,,,,,,
Slc6a13,Michaelis-Menten Fit,0.9409488868917079,0.021065108433938114,0.6173917667515848,1.0,0.6614583333333334,4.487368881426072e+20,1.0178482461700527,,,,,-0.21266345913586163,41.061128689790586,0.2725649059499717,,,
Slc6a12,Michaelis-Menten Fit,0.993506032649838,0.01029214688944042,0.7929126949696585,1.0,0.3835565476190476,1587050812.54837,1.0079125175260588,,,,,-0.04510447037583577,19.620612803472543,0.0504642020602359,,,
A2m,Piecewise Linear Fit,0.9999955741564899,0.479781185782514,-0.23561022500652087,1.0,0.9973958333333334,2.147743776065787,1.00028442209381,,1791.6298461481567,3.054738868689731e-05,0.08877958663732156,,,,,,
Cd163,Michaelis-Menten Fit,0.9564653149083879,5.814971790292194e-10,0.3793503466321649,1.0,0.10453869047619048,1.1060845979827363,1.0000375105212898,,,,,-0.013392244105633059,1.0857285648198096e-06,0.02434767315307423,,,
Lrrc23,Piecewise Linear Fit,0.9085986662269331,0.1173526317197632,0.31625347301091805,1.0,0.4099702380952381,9.829238421622572,1.0008505704051087,,438.2237198061918,-7.168347631344861e-05,0.0653716083309073,,,,,,
Cdca3,Piecewise Linear Fit,0.8955030953925897,0.19504133901770754,-0.6785017505090531,1.0,0.6235119047619048,2.5236401594290774,1.0003444426277763,,728.3378993890933,1.679412205344391e-05,0.00289792973696447,,,,,,
Vamp1,Piecewise Linear Fit,0.9975515894780628,0.470581380466573,-0.3741925053070439,1.0,0.9921875,1.9028874640477862e+40,1.0351061781000892,,1757.2700091598413,0.0004164729565383561,0.6119852889114329,,,,,,
Scnn1a,Piecewise Linear Fit,0.8708838419586075,0.127915562101308,0.4071138663894856,1.0,0.4255952380952381,1195.4533395620501,1.0026397431648741,,477.6684123139939,-8.445989891434197e-05,0.0697204902344845,,,,,,
Cd9,Piecewise Linear Fit,0.9999941308233866,0.49999985506178085,-0.3313110053036699,1.0,0.9996279761904762,6.190542898070468e+24,1.021464113374366,,1867.1261339288228,0.00034497453639765807,0.6500084689478595,,,,,,
Vwf,Exponential Saturation Fit,0.9999463922642124,0.0237028994130675,0.20243552176022903,1.0,0.20498511904761904,256.7010434913804,1.0020660868361322,,,,,,,,-0.12570001546451684,0.01566211217940973,0.37331927308462615
Kcna1,Piecewise Linear Fit,0.9996559722668059,0.4379483975151954,-0.5132979386676351,1.0,0.9683779761904762,2.0595337290963172e+22,1.0192981906854193,,1635.4107545902523,0.0001707171746869537,0.13236334495347582,,,,,,
Ccnd2,Constant Fit,,0,0,1.0,0.0,,,0.5014546661592615,,,,,,,,,
Prmt8,Piecewise Linear Fit,0.6807258239945385,0.036275375329789736,-0.1183100940096601,1.0,0.10453869047619048,45.03312734203096,1.0014174464794598,,135.46141749928765,0.0009087328345217488,0.4586864489106404,,,,,,
Tspan11,Constant Fit,,0,0,1.0,0.0,,,0.046987500087682946,,,,,,,,,
Tspan9,Piecewise Linear Fit,0.9771861455632106,0.42640455037415453,-0.4913125671813679,1.0,0.9635416666666666,8.438342663096073e+37,1.0330217621241666,,1592.302740825907,0.0002737954591437265,0.22569140673620033,,,,,,
Gm26770,Constant Fit,,0,0,1.0,0.0,,,0.002583419868385218,,,,,,,,,
Tex52,Piecewise Linear Fit,0.9748175114860352,0.3158441562616542,-0.7566241052533653,1.0,0.8303571428571429,13.511681786692698,1.0009690535405795,,1179.45014285638,1.4064335750403089e-05,0.002667879419853065,,,,,,
BC035044,Constant Fit,,0,0,1.0,0.0,,,0.012764784921469739,,,,,,,,,
Klra9,Constant Fit,,0,0,1.0,0.0,,,0.0014473503781499174,,,,,,,,,
Kap,Constant Fit,,0,0,1.0,0.0,,,0.002728743287405943,,,,,,,,,
Gucy2c,Constant Fit,,0,0,1.0,0.0,,,0.0043274041624038915,,,,,,,,,
Smco3,Piecewise Linear Fit,0.6602282124733531,0.30241716870037705,-0.588002904352723,1.0,0.8225446428571429,7.032236185773684e+17,1.0154055753758369,,1129.3026687510232,0.00016837850644291357,0.06661648210620608,,,,,,
Mgp,Michaelis-Menten Fit,0.6684881970667729,0.03556957189068943,0.3189690575225163,1.0,0.8991815476190477,48653584212403.414,1.0117936107385823,,,,,-0.4039795127077991,71.49927437570969,0.8044427736306647,,,
Mgst1,Piecewise Linear Fit,0.9536797509510808,0.10850880269642448,0.19240944118993614,1.0,0.3835565476190476,36044.573841071295,1.003911092580742,,405.19911963608104,-0.0003296565303918217,0.41390360452379976,,,,,,
Lmo3,Piecewise Linear Fit,0.6309289860822138,0.4848015260571613,0.2747703592668188,1.0,0.9992559523809523,17218321244.927982,1.0088068727006123,,1810.3703661184272,-0.0002175870761919393,0.9137609787179589,,,,,,
Slco1c1,Piecewise Linear Fit,0.674319812051005,0.11808730460211049,-0.08834073143734002,1.0,0.4099702380952381,7.890066667860706,1.0007687494229784,,440.9680055340884,0.0001999686703052267,0.454999169856551,,,,,,
Slco1a4,Constant Fit,,0,0,1.0,0.0,,,0.35832630469673915,,,,,,,,,
Kcnj8,Constant Fit,,0,0,1.0,0.0,,,0.0901398622510975,,,,,,,,,
Abcc9,Constant Fit,,0,0,1.0,0.0,,,0.09061711587944418,,,,,,,,,
Itpr2,Piecewise Linear Fit,0.999999903990749,0.49999846919545055,-0.15096305904083007,1.0,0.9996279761904762,1.3537127768250095,1.000112674138404,,1867.1261339146358,3.2662544618690295e-05,0.17149425538283108,,,,,,
Tm7sf3,Piecewise Linear Fit,0.9999994155234218,0.4999995701720775,-0.20652802481536828,1.0,0.9996279761904762,228587.37849010268,1.0046012056490419,,1867.126133928815,0.0001163255289148426,0.41722593709848116,,,,,,
Prkcg,Piecewise Linear Fit,0.8674475719373816,0.048703809981416435,-0.16690458220413196,1.0,0.20498511904761904,364052006410.4027,1.0099526848762341,,181.87232098289513,0.0022435442766012025,1.0183515858221768,,,,,,
Tnnt1,Piecewise Linear Fit,0.9995576692805228,0.4797805153267371,-0.8324488364891492,1.0,0.9973958333333334,2.2641490734062154e+49,1.0431846783425138,,1791.621889275394,0.00043502586502143026,0.07843706606473655,,,,,,
Cox6b2,Piecewise Linear Fit,0.9999788030083896,0.03959861226691401,0.15113118414834428,1.0,0.20498511904761904,1.1820647565618576,1.0000622276440463,,147.87115460589067,-0.00027870854787201323,0.15695475980551354,,,,,,
Rasl2-9,Michaelis-Menten Fit,0.9865148715838796,0.029134516931564505,0.7149338087061883,1.0,0.8102678571428571,1.1492276234986534,1.000051746162071,,,,,-0.005853924865831234,57.763648008159784,0.006810303444189083,,,
Peg3,Constant Fit,,0,0,1.0,0.0,,,1.2668760380615562,,,,,,,,,
Pla2g4c,Constant Fit,,0,0,1.0,0.0,,,0.001880382881420543,,,,,,,,,
Ehd2,Exponential Saturation Fit,0.9999999999999972,0.0016489343526895556,0.17113499165556129,1.0,0.10453869047619048,1.1084006727597164,1.000038288731868,,,,,,,,-0.032258602031470254,0.2251378111041913,0.11037829621621043
Npas1,Piecewise Linear Fit,0.9900405625713135,0.24764308372136762,-0.15384472743505248,1.0,0.7287946428571429,1.2723693718013966,1.0000896174117546,,924.7641603551207,3.8318603528812946e-05,0.09744916359099513,,,,,,
Gng8,Constant Fit,,0,0,1.0,0.0,,,0.1108729204318203,,,,,,,,,
Pglyrp1,Constant Fit,,0,0,1.0,0.0,,,0.27904028873052694,,,,,,,,,
Gpr4,Piecewise Linear Fit,0.5550062970205083,0.16913606726903568,-0.3506201641472667,1.0,0.5632440476190477,3619.9662525000103,1.003053096167277,,631.5972535726048,0.00012364935089116428,0.07232092763639633,,,,,,
Apoc1,Michaelis-Menten Fit,0.9395027377280956,0.21513242207625036,0.34547344269005786,1.0,1.0,1716802.7585661702,1.0053550515377752,,,,,-0.22445760132243106,705.0282274111061,0.31727906246204135,,,
Bcam,Piecewise Linear Fit,0.999819204597568,0.040158785211457715,0.14600678159391256,1.0,0.20498511904761904,11.410277947005644,1.0009061076350936,,149.96300463747346,-0.000498003809516834,0.29308997383598673,,,,,,
Cblc,Constant Fit,,0,0,1.0,0.0,,,0.0015279117417158056,,,,,,,,,
Kcnn4,Piecewise Linear Fit,0.9508284155049722,0.06406246785150772,0.5398273588859173,1.0,0.2537202380952381,8.399509344193806,1.0007920446375176,,239.22499880712635,-5.736106098109281e-05,0.01957090372441489,,,,,,
4732471J01Rik,Constant Fit,,0,0,1.0,0.0,,,0.01802978569273991,,,,,,,,,
Erich4,Constant Fit,,0,0,1.0,0.0,,,0.0012912888713922774,,,,,,,,,
Tmem91,Piecewise Linear Fit,0.6382126074197727,0.50000051750072,0.17673714094236714,1.0,0.9996279761904762,249.7292335009118,1.0020558220905535,,1867.1261339285297,-9.66183032982181e-05,0.6005576516642825,,,,,,
Cyp2f2,Piecewise Linear Fit,0.9999999999999973,0.0351850414479432,0.9617128797254879,1.0,0.10453869047619048,1045305520830971.6,1.012948850853377,,131.38978662880558,-0.00038426111198725226,0.05149298374054324,,,,,,
Mia,Piecewise Linear Fit,0.8417218743965447,0.06409934858075597,0.38639327470706103,1.0,0.26525297619047616,14681.004977830744,1.0035756892447052,,239.36307605563468,-0.00038763095363757605,0.16645716564094273,,,,,,
Ltbp4,Exponential Saturation Fit,0.7045656453716815,0.001907828216111005,0.10651523917264676,1.0,0.10453869047619048,23.015363457024222,1.0011674078137471,,,,,,,,-0.10179168398007456,0.19458642374084195,0.5287226992551864
Ttc9b,Piecewise Linear Fit,0.63083868284581,0.47971595137430195,0.13828374617949546,1.0,0.9973958333333334,55543828768.792465,1.009246519443349,,1791.3796442012012,-0.00024367686073557148,1.7965997235510482,,,,,,
Sirt2,Piecewise Linear Fit,0.9895093898671394,0.42603352248473175,-0.2124108672143119,1.0,0.9627976190476191,6.187492331572904e+44,1.039114750825162,,1590.9170263831113,0.0004199208966360556,1.2385342024101043,,,,,,
Spint2,Piecewise Linear Fit,0.9863001326584725,0.44676208125313227,0.5271332408391202,1.0,0.9720982142857143,1.416728311058317e+34,1.029686672827564,,1668.3217889595455,-0.00031707939899058764,0.7662568668020578,,,,,,
Ppp1r14a,Piecewise Linear Fit,0.2705978858126903,0.3900829035646558,-0.5909023856693121,1.0,0.9285714285714286,2.0522352006956635e+99,1.0887959909132503,,1456.6681558798764,0.0007723953319935451,0.38947669361309206,,,,,,
Sipa1l3,Piecewise Linear Fit,0.9458330622456845,0.05458766300804646,-0.21713422136928912,1.0,0.20498511904761904,1946.0361809826527,1.0028215138674579,,203.84413684049892,0.0006280698700315348,0.2307996903965699,,,,,,
Tyrobp,Michaelis-Menten Fit,0.9768380854931318,0.008217432804582418,-0.05789613479486002,1.0,0.30691964285714285,1.4106143323949676,1.0001279937955054,,,,,0.084969593532553,15.5993569141296,0.6855977993886205,,,
Arhgap33,Piecewise Linear Fit,0.9962391398301567,0.46061027631289897,0.39763056246242856,1.0,0.9866071428571429,6.72062374338138e+37,1.0329342952656293,,1720.0344760085857,-0.00034895412441173217,1.0548437242907907,,,,,,
Dmkn,Piecewise Linear Fit,0.5598696856510297,0.12791585681120582,0.34018569557987505,1.0,0.4255952380952381,26.993157935639275,1.00122678738881,,477.66941585557436,-7.209715534577209e-05,0.06783666657398825,,,,,,
Cd22,Constant Fit,,0,0,1.0,0.0,,,0.002198154422761838,,,,,,,,,
Mag,Piecewise Linear Fit,0.44181102132660877,0.39872002527758277,-0.4864595918031222,1.0,0.9334077380952381,1.0055644849745286e+118,1.1063682549892224,,1488.9212929645778,0.0011083937787321372,0.8710912984597176,,,,,,
Fxyd5,Michaelis-Menten Fit,0.9991139184867677,0.06232657996887442,0.3109581298746678,1.0,1.0,181446470.60911477,1.0070996640341046,,,,,-0.19305547520813912,132.9434012246846,0.37989851485076515,,,
Fxyd7,Piecewise Linear Fit,0.6308979852350217,0.47972225646034194,0.12904946212581672,1.0,0.9973958333333334,33960560565.285275,1.0090618184957465,,1791.4031174274792,-0.00022206529469226413,1.7402065135238272,,,,,,
Fxyd1,Piecewise Linear Fit,0.9974955959164582,0.045467654877799996,0.07865916463379466,1.0,0.20498511904761904,498.04941609355507,1.0023131993406882,,169.7876774501463,-0.001068421221548543,1.2438086862040783,,,,,,
Gm10640,Constant Fit,,0,0,1.0,0.0,,,0.002076348453501057,,,,,,,,,
Gm44837,Constant Fit,,0,0,1.0,0.0,,,0.0033232328864699332,,,,,,,,,
Chst8,Michaelis-Menten Fit,0.8373000546659654,0.3879540904473367,-0.421108959001777,1.0,1.0,429205873836503.94,1.0126134696600793,,,,,0.766140032816454,3232.4215334919445,0.1928068723264153,,,
Slc7a10,Piecewise Linear Fit,0.993937014931537,0.13350629667668584,-0.09486929458001465,1.0,0.4880952380952381,8.560841907756886,1.000799128113156,,498.54649092412507,0.0001663007425414867,0.3955081918756861,,,,,,
Zfp536,Piecewise Linear Fit,0.9962200082481231,0.4489879671948074,-0.41220347287295517,1.0,0.9810267857142857,33162387776.16917,1.0090528903155294,,1676.6357695345446,0.00011685520517140132,0.13969220191276277,,,,,,
Plekhf1,Piecewise Linear Fit,0.9999282097852461,0.4796470472709846,-0.5660186948051789,1.0,0.9966517857142857,42235211.07330687,1.0065536604414336,,1791.12572641069,6.752921466379132e-05,0.046369031057370516,,,,,,
Nkg7,Constant Fit,,0,0,1.0,0.0,,,0.010362134160753256,,,,,,,,,
Siglece,Constant Fit,,0,0,1.0,0.0,,,0.007173557164566085,,,,,,,,,
Klk8,Piecewise Linear Fit,0.985083770453951,0.0972175600511224,-0.4158941242386323,1.0,0.30691964285714285,3113.9288560897357,1.002996907558736,,363.03503125878115,0.00026467547697898606,0.0674747110259068,,,,,,
Klk6,Piecewise Linear Fit,0.542683443074775,0.3845552604231334,-1.1354951786917684,1.0,0.9181547619047619,1.2398299040453498e+40,1.0349412218703875,,1436.0270071858113,0.00021963162251925899,-0.018817677904898043,,,,,,
Josd2,Piecewise Linear Fit,0.5765353637623599,0.3628463494255499,-0.3029188109122927,1.0,0.8950892857142857,2.0438442916849835e+46,1.0404676678443037,,1354.9600984577944,0.00045894826129729726,0.7155127207334302,,,,,,
Kcnc3,Piecewise Linear Fit,0.9999959798292083,0.4999997539879142,-0.2598422620665334,1.0,0.9996279761904762,123638399232667.38,1.0121447262724732,,1867.1261336653815,0.0002033002691100433,0.540624982768972,,,,,,
Rcn3,Piecewise Linear Fit,0.9999999999999972,0.03305498629583722,0.2831094049226973,1.0,0.10453869047619048,2530.7877148820394,1.002919538502277,,123.43563994834949,-0.0007017021435219636,0.19627851870950683,,,,,,
Fcgrt,Piecewise Linear Fit,0.9999999999985112,0.03519302010748192,0.2055084029420765,1.0,0.10453869047619048,7774.574211521908,1.003338377709849,,131.41960094370867,-0.0009251369590116023,0.35659630385209434,,,,,,
Slc17a7,Piecewise Linear Fit,0.6037272740195789,0.3834783533488426,0.06567639978823209,1.0,0.9140625,383.40219232654715,1.002215652034345,,1432.0042133139002,-0.00020534852153466794,2.385733290407071,,,,,,
Pth2,Piecewise Linear Fit,0.883969529156793,0.1461846292875003,0.6848093788859985,1.0,0.4880952380952381,198.65489705533903,1.0019705286522909,,545.8892345079381,-5.204234310210614e-05,0.034947204935012764,,,,,,
Dkkl1,Piecewise Linear Fit,0.19607510920981502,0.12233279949756329,-0.22904816571756115,1.0,0.4099702380952381,560.684847997144,1.002357372077059,,456.8217287437222,0.0002345241707217478,0.1803037643933603,,,,,,
Gm45619,Piecewise Linear Fit,0.9999999999999972,0.03310712166724217,0.596107626668225,1.0,0.10453869047619048,1.0450812032885912,1.00001640437149,,123.63004992282657,-4.201607858786858e-05,0.006954198084914638,,,,,,
Emp3,Exponential Saturation Fit,0.99763976892009,0.02427227773943942,0.4690288382969992,1.0,0.20498511904761904,806477953.2402116,1.0076587129524441,,,,,,,,-0.1118148771216397,0.015294710847606974,0.17510573506712993
Kcnc1,Piecewise Linear Fit,0.9999424004433508,0.48337099392989125,-0.2579205160184249,1.0,0.9988839285714286,6.792586688638234e+26,1.0232509486480377,,1805.0297989927042,0.0003173994160941785,0.8241856329918041,,,,,,
Nell1,Piecewise Linear Fit,0.19021511045414136,0.1512317984043471,-0.33935966117215643,1.0,0.5074404761904762,1.9492869210989181e+18,1.0157907863092115,,564.7377962813721,0.0005128490645764729,0.28191052961950774,,,,,,
Slc17a6,Constant Fit,,0,0,1.0,0.0,,,0.7191725029123117,,,,,,,,,
Siglech,Constant Fit,,0,0,1.0,0.0,,,0.2479522080888121,,,,,,,,,
Nipa1,Piecewise Linear Fit,0.9684763053323336,0.36451123467765534,-0.27056036447256604,1.0,0.8995535714285714,430953511594.81146,1.0100160732281358,,1361.177738460922,0.00016326817143819507,0.2995791287332865,,,,,,
Gabra5,Piecewise Linear Fit,0.956905130891717,0.055790928380393734,-0.14596862911154623,1.0,0.20498511904761904,146.87304355381696,1.0018579621819803,,208.33743248849382,0.0006580853260431343,0.4010825925520069,,,,,,
Gm9801,Piecewise Linear Fit,0.9750205576252204,0.1315432897305614,0.7331526546764484,1.0,0.45200892857142855,26.049781674582526,1.0012135368519643,,491.21376920954594,-2.385946294437726e-05,0.013852992652874568,,,,,,
Ndn,Piecewise Linear Fit,0.999999999999997,0.03574502860204488,-0.03950795191246736,1.0,0.10453869047619048,13.986161575499992,1.0009819060035767,,133.48096581711337,0.00114132292822453,1.851855705255312,,,,,,
Peg12,Constant Fit,,0,0,1.0,0.0,,,0.0019054767078851658,,,,,,,,,
Mtmr10,Piecewise Linear Fit,0.8990136893950963,0.3058006379184278,-0.311879238553338,1.0,0.8251488095238095,8002395.968512063,1.0059309307710536,,1141.937749942608,0.00011148641000181879,0.1404470304413311,,,,,,
Gm20457,Constant Fit,,0,0,1.0,0.0,,,0.0014811657256007024,,,,,,,,,
Fan1,Constant Fit,,0,0,1.0,0.0,,,0.003829993508553876,,,,,,,,,
Pcsk6,Piecewise Linear Fit,0.9973060599144788,0.42640645526157134,-0.33547746336722867,1.0,0.9635416666666666,1878605.638141315,1.0053887382735802,,1592.3110874576992,8.773692172876337e-05,0.13836513781942728,,,,,,
Nr2f2,Piecewise Linear Fit,0.9015922542271166,0.0736468218455905,-0.17732465056538746,1.0,0.28720238095238093,7128.132275076764,1.0033059752388822,,275.0158550320257,0.0006317176955248042,0.4030047366210682,,,,,,
Sv2b,Piecewise Linear Fit,0.9999999999999972,0.03638261004580947,-0.0857879698283086,1.0,0.10453869047619048,311.59679333728417,1.0021383358220277,,135.86185282193227,0.0015531007422287832,1.1243142266535984,,,,,,
Isg20,Piecewise Linear Fit,0.9655670218432489,0.13316399108716756,0.35446963842991003,1.0,0.47507440476190477,19970.66294805765,1.0036905805450624,,497.26762670218756,-0.00016092184851609914,0.15288519643035564,,,,,,
Mfge8,Piecewise Linear Fit,0.9971969548530835,0.4529144517935144,0.232397640428377,1.0,0.9828869047619048,1.6451344743410137e+32,1.0279812514547173,,1691.2963424309553,-0.00035507234442057345,1.5923029712641554,,,,,,
Abhd2,Michaelis-Menten Fit,0.7660544594785434,0.49999150778191964,0.10626141474674408,1.0,1.0,3.2034000745524485,1.0004332086772167,,,,,-2873.238012592403,54964863.307643324,0.5080395608359758,,,
Rlbp1,Piecewise Linear Fit,0.945962297229177,0.1277825963146871,0.10138670104055876,1.0,0.4255952380952381,1.4306118459883994,1.0001332314255194,,477.1719722477617,-9.986173568558824e-05,0.2588230061515528,,,,,,
Kif7,Constant Fit,,0,0,1.0,0.0,,,0.01165572238931019,,,,,,,,,
Wdr93,Piecewise Linear Fit,0.9993043186311757,0.04619773943732121,0.451901031536087,1.0,0.20498511904761904,1.8897560742771833,1.0002368017531669,,172.5137777834644,-7.326049940663543e-05,0.02030286584276294,,,,,,
Anpep,Piecewise Linear Fit,0.9999640623807503,0.03695519157293616,0.6701418205943105,1.0,0.15885416666666666,32656273121288.383,1.0116435510017767,,137.999983438837,-0.0005632303688578044,0.09685493002363692,,,,,,
Prc1,Constant Fit,,0,0,1.0,0.0,,,0.010442867610788659,,,,,,,,,
Nmb,Constant Fit,,0,0,1.0,0.0,,,0.10411837053020885,,,,,,,,,
Pde8a,Michaelis-Menten Fit,0.9999711327519789,0.4999969768995185,-0.7689793478398246,1.0,1.0,3.4901175525871336e+47,1.0415666565554522,,,,,41752.42001831784,154403969.82880306,0.07583989620943231,,,
Homer2,Constant Fit,,0,0,1.0,0.0,,,0.48773600438962494,,,,,,,,,
Sh3gl3,Piecewise Linear Fit,0.9965749635799986,0.3205435737574063,-0.15657640108540485,1.0,0.8430059523809523,116768596.12684286,1.0069345377621204,,1196.9911867500375,0.00019321907116730166,0.6229172948876402,,,,,,
Il16,Piecewise Linear Fit,0.9999948482750992,0.4833678424034298,-0.3766276587361352,1.0,0.9985119047619048,8.160542368702552,1.0007812985941202,,1805.0251314455045,2.3534268961216995e-05,0.0351551768963587,,,,,,
Cfap161,Piecewise Linear Fit,0.931354424244554,0.13398706744050817,0.24141924994214528,1.0,0.4880952380952381,1.3626911213499642,1.0001151336773242,,500.340388451165,-4.459363105322452e-05,0.057366054461991785,,,,,,
Gm2115,Exponential Saturation Fit,0.9841809462628777,0.38614842802030214,-0.37027823099809193,1.0,1.0,9191.870458009871,1.0034008870237972,,,,,,,,0.20934111511003495,0.0005055379462890358,0.10874538166740362
Fah,Piecewise Linear Fit,0.995295426538596,0.42051898310230534,-0.3621120720774004,1.0,0.9568452380952381,8.2824793538135e+16,1.0145978985564392,,1570.3248689850975,0.00017396665207475003,0.24061732712858255,,,,,,
Gm26944,Constant Fit,,0,0,1.0,0.0,,,0.0026324042538571507,,,,,,,,,
Thrsp,Constant Fit,,0,0,1.0,0.0,,,0.4345033378172501,,,,,,,,,
Kctd14,Constant Fit,,0,0,1.0,0.0,,,0.03758413805755697,,,,,,,,,
Serpinh1,Piecewise Linear Fit,0.9891335950470428,0.04458078683897259,0.21229429295082156,1.0,0.20498511904761904,28237.003114674557,1.0038199219300437,,166.4758845171082,-0.0008391255639864328,0.398857744273283,,,,,,
Gdpd5,Michaelis-Menten Fit,0.9622622271927332,0.49998749507586004,-0.4286301075002924,1.0,1.0,6.356850660593869e+18,1.0162375866487274,,,,,6814.755503389654,37326884.62495483,0.22718787655835945,,,
Gm15635,Constant Fit,,0,0,1.0,0.0,,,0.001757961953159896,,,,,,,,,
Ucp2,Michaelis-Menten Fit,0.9955537328241563,0.029073060517606816,0.13873078184546178,1.0,0.8065476190476191,66.7461304210208,1.0015640553146512,,,,,-0.13108080421389834,57.63428087168297,0.5218603578215424,,,
Plekhb1,Michaelis-Menten Fit,0.9986302573221746,0.4999996221235639,-0.35338915901239,1.0,1.0,3.679252101296017e+99,1.0890324813536105,,,,,999873.1900322712,1235274733.605994,1.3826559601398178,,,
Folr2,Michaelis-Menten Fit,0.9844608564976515,0.031145173859952895,0.740267726769591,1.0,0.8296130952380952,8032.0359090812035,1.003350538536173,,,,,-0.028392066960140003,62.014897143308154,0.03230010574352031,,,
Folr1,Piecewise Linear Fit,0.645205639667907,0.1842241993445967,-0.44147115189734487,1.0,0.5803571428571429,228.5124213836554,1.0020227239671036,,687.9402574929383,0.00011037124321092645,0.048030813530449676,,,,,,
Tomt,Piecewise Linear Fit,0.9999999999999972,0.0359942422211589,0.6393979608406803,1.0,0.10453869047619048,1.3446077319136813,1.0001101631811267,,134.41126386333062,-4.2430461871553284e-05,0.007311333074603108,,,,,,
Lrrc51,Exponential Saturation Fit,0.9338940589204414,0.36911491257755263,0.2984625727734906,1.0,1.0,39.26346452039529,1.0013663695495332,,,,,,,,-0.10728287039602005,0.000588176758533378,0.15554611745893335
Rhog,Piecewise Linear Fit,0.47870632417797904,0.37147310882220685,-0.5354052304566442,1.0,0.9051339285714286,2.53022390126233e+56,1.0495021148446881,,1387.1745734499675,0.0005055623543865878,0.3042759017958022,,,,,,
Hbb-bt,Piecewise Linear Fit,0.9873563714904983,0.06837015457309589,0.07508454890320355,1.0,0.2760416666666667,374184.44272754615,1.0047854107471421,,255.31138638574348,-0.0013888729646168798,2.538602811461816,,,,,,
Hbb-bs,Michaelis-Menten Fit,0.9795677071645236,0.03016282366790196,0.06090379859699051,1.0,0.8251488095238095,16304431287.561405,1.0087864051338202,,,,,-0.5103993521460303,59.93331217456253,4.307152892409446,,,
Olfm5,Piecewise Linear Fit,0.9999999999999972,0.031837024322336566,0.8568644233503996,1.0,0.10453869047619048,48.22120622506591,1.0014429294894907,,118.88730610914182,-6.826007919481564e-05,0.008793066548122038,,,,,,
Trim12a,Piecewise Linear Fit,0.9580058171138226,0.05024855699288579,0.4426937267272883,1.0,0.20498511904761904,30827.506850924772,1.0038527012510037,,187.64073153316406,-0.00033284925909103023,0.10176899639046127,,,,,,
Syt9,Michaelis-Menten Fit,0.9963524052002323,0.4997935634486116,-0.2525349638326061,1.0,1.0,168.8692716277471,1.0019099782647554,,,,,147.99481228837934,2260204.45327569,0.18078116393104593,,,
Olfml1,Piecewise Linear Fit,0.8192443032071695,0.27822090356612056,-0.45376392193618437,1.0,0.7745535714285714,9692.686733134276,1.0034206910262002,,1038.9487682679498,6.011865896347458e-05,0.03759445896557292,,,,,,
Lmo1,Piecewise Linear Fit,0.5485158482141783,0.2958152560475309,0.13249490783428844,1.0,0.8147321428571429,305.32281386812787,1.0021307525566068,,1104.6477733642496,-0.00010857585541821267,0.512582949731129,,,,,,
BC051019,Piecewise Linear Fit,0.9402862120831561,0.14010956122509532,0.4738826812014546,1.0,0.4880952380952381,1.957670794217842,1.000249940231446,,523.2019548396916,-2.0996090236559602e-05,0.017083225370694843,,,,,,
Nrip3,Piecewise Linear Fit,0.9985057464033839,0.4717999832252739,-0.3708127162494771,1.0,0.9940476190476191,1.0797734030562788e+36,1.0313480639760817,,1761.8206512501945,0.00035670446844055556,0.5331698320743937,,,,,,
Lyve1,Exponential Saturation Fit,0.9951249995503297,0.06109726778711295,0.7314012767198533,1.0,0.45200892857142855,1864.0155647063661,1.002805448888871,,,,,,,,-0.024000451085619254,0.0060760676930583166,0.028407060029484517
Mrvi1,Piecewise Linear Fit,0.9977979093581524,0.4249806720425644,-0.5063514750974393,1.0,0.9587053571428571,48709.70538438464,1.0040235615590263,,1586.9882568231535,4.9308947726779416e-05,0.038144788886567305,,,,,,
Dkk3,Michaelis-Menten Fit,0.7542865103737132,0.4999400589843726,0.0697862107123201,1.0,1.0,1.3512588894607167,1.000111999079704,,,,,-524.1635641756048,7786414.183059364,0.9631551241175726,,,
Mical2,Piecewise Linear Fit,0.8845463349459753,0.05844793386162369,-0.1354233328993542,1.0,0.20498511904761904,4918.792797963643,1.0031675128506838,,218.25935559250658,0.0008388739182357762,0.5844529801589685,,,,,,
Parvaos,Constant Fit,,0,0,1.0,0.0,,,0.0022880366351121276,,,,,,,,,
Rassf10,Constant Fit,,0,0,1.0,0.0,,,0.019596261153417324,,,,,,,,,
Spon1,Piecewise Linear Fit,0.6984084316989231,0.1105986749616437,-0.09264170007176252,1.0,0.3958333333333333,96.72886375115512,1.0017023073444786,,413.0034903979497,0.0003001470024273549,0.607057790293764,,,,,,
4933406I18Rik,Constant Fit,,0,0,1.0,0.0,,,0.004847787507185689,,,,,,,,,
Cyp2r1,Constant Fit,,0,0,1.0,0.0,,,0.0023055006367773386,,,,,,,,,
Calcb,Constant Fit,,0,0,1.0,0.0,,,0.004225079995258079,,,,,,,,,
Insc,Piecewise Linear Fit,0.9833057544518892,0.4264178164179234,-0.7454596608576131,1.0,0.9642857142857143,1.1828441012011962e+17,1.014732418893516,,1592.3531752466097,0.00010779286085800477,0.029304335054436387,,,,,,
Syt17,Piecewise Linear Fit,0.6309297534820768,0.5000002118809669,0.5612374321040174,1.0,0.9996279761904762,9.334439439120398e+22,1.0198714154759412,,1867.1261299206199,-0.00023479219761299517,0.6097469664686155,,,,,,
Ccp110,Piecewise Linear Fit,0.5938759499676617,0.33790839604174344,-0.44719387550548395,1.0,0.8645833333333334,6.956170253188296e+53,1.0472024357056402,,1261.8354846317957,0.0004345391353670903,0.33890551425250875,,,,,,
Gprc5b,Michaelis-Menten Fit,0.9907598909553902,0.49999920029717937,-0.28655209167709356,1.0,1.0,1.2089217837336753e+25,1.021718481692989,,,,,164611.219490166,583692830.161895,0.6555050360709127,,,
Crym,Piecewise Linear Fit,0.9924009426700557,0.04594614570152331,-0.1554680397180503,1.0,0.20498511904761904,216.74810547542236,1.0020030211828266,,171.57451486711736,0.0010668810731132223,0.4971801275908964,,,,,,
Hs3st2,Piecewise Linear Fit,0.13938309551571723,0.14353913819139846,-0.4517358877657188,1.0,0.4880952380952381,4552849820290.324,1.0109022956575333,,536.0114950826674,0.0003754499108237636,0.12212408933326273,,,,,,
Scnn1g,Piecewise Linear Fit,0.9912477743804021,0.09749655598356037,0.7700911311846471,1.0,0.31994047619047616,1.0113105124757982,1.000004184170541,,364.07356325648294,-1.1477707918375277e-05,0.004802504905738646,,,,,,
Ern2,Constant Fit,,0,0,1.0,0.0,,,0.0017251114729232178,,,,,,,,,
Prkcb,Piecewise Linear Fit,0.9963795301303756,0.04140832411310213,-0.0826906899817704,1.0,0.20498511904761904,163678.49768982508,1.0044763803381573,,154.62913706571717,0.0017495599517067552,1.5005461297457885,,,,,,
Cacng3,Piecewise Linear Fit,0.6309038563298739,0.48212279703798105,0.5040180478154217,1.0,0.9977678571428571,3.715365960398625e+36,1.0318223037769476,,1800.3676407001126,-0.0003547349128308644,0.9528885231117039,,,,,,
Hs3st4,Michaelis-Menten Fit,0.7470076814525687,0.10045719915144942,-0.2879931504884401,1.0,1.0,19244827785.183773,1.008848632589705,,,,,0.3437149402020423,234.72611895582125,0.3774347652195027,,,
Atp2a1,Piecewise Linear Fit,0.9998739078592401,0.4798472007744081,-0.959321335399816,1.0,0.9977678571428571,4381649494001054.0,1.013489051857858,,1791.8727682373485,7.891893845759194e-05,0.0029982026625965676,,,,,,
Nupr1,Michaelis-Menten Fit,0.6640916546136788,0.02502437313745224,0.5156880058913192,1.0,0.7287946428571429,3.0982732148004454e+20,1.0177079905880146,,,,,-0.24113154651156252,49.185324875493954,0.3452664508145659,,,
Sult1a1,Piecewise Linear Fit,0.9983720576727806,0.08643117568255283,0.23862390845245657,1.0,0.30691964285714285,2297.658282053316,1.0028834817536454,,322.75568808360464,-0.00025672062432183565,0.21504540797829505,,,,,,
Itgal,Constant Fit,,0,0,1.0,0.0,,,0.011724834225487273,,,,,,,,,
Itgad,Piecewise Linear Fit,0.800220355001883,0.3149588959509134,-0.7176941587928097,1.0,0.8296130952380952,236046.34663912424,1.0046132062323248,,1176.1385704391294,4.525423242197998e-05,0.010468106935494442,,,,,,
Cox6a2,Piecewise Linear Fit,0.6455061303957497,0.484898283330587,0.17151787755971742,1.0,0.9992559523809523,32.22409655840177,1.0012927673867948,,1810.7300096341494,-7.229704114680323e-05,0.4470784675950607,,,,,,
Gm45121,Constant Fit,,0,0,1.0,0.0,,,0.0025759974737800772,,,,,,,,,
Fgfr2,Piecewise Linear Fit,0.9080524460412431,0.39016843868890244,-0.5327340864386059,1.0,0.9285714285714286,2.989327248329925e+43,1.0379440614820552,,1456.9877773328078,0.0003639627555835139,0.23256077850500712,,,,,,
Btbd16,Piecewise Linear Fit,0.995919476070274,0.28900260801647004,-0.6992226212608148,1.0,0.8005952380952381,12901907.767211003,1.0061096918208097,,1079.210356770383,6.302433909454658e-05,0.014628982063808605,,,,,,
Plekha1,Exponential Saturation Fit,0.9998724557343572,0.4549174668513505,-0.25693728355298884,1.0,1.0,13480577368.597036,1.008715031895095,,,,,,,,0.9036581005177405,0.0001942182311179798,0.39743767480776065
Fam24b,Constant Fit,,0,0,1.0,0.0,,,0.0025614827109807143,,,,,,,,,
Gpr26,Michaelis-Menten Fit,0.9999998513088967,0.49999374795548923,0.37002574307410363,1.0,1.0,14133903626.039654,1.0087327920735552,,,,,-10980.028938345473,74659688.94789924,0.5083313540138491,,,
Fam53b,Piecewise Linear Fit,0.9611138190520055,0.3277362929631324,-0.39183770764435777,1.0,0.8545386904761905,4.893450970764834e+18,1.0161386764227456,,1223.8506012756923,0.00020194918290061782,0.19180228303839486,,,,,,
D7Ertd443e,Piecewise Linear Fit,0.8978987375864564,0.3915377360452171,-0.7223169944710165,1.0,0.9330357142857143,3341485989.8018613,1.0081917337709017,,1462.1028689277778,6.675804615160303e-05,0.0187617358981378,,,,,,
Mki67,Piecewise Linear Fit,0.9999935420558995,0.47907388740230256,-0.7876030440788161,1.0,0.9940476190476191,16.084418414761107,1.0010339608818193,,1788.9984789144878,1.137421163953853e-05,0.002743735072283166,,,,,,
6330420H09Rik,Piecewise Linear Fit,0.9784078560343299,0.14791375124305695,-1.234955148987085,1.0,0.5052083333333334,28.143104665184723,1.0012423269926731,,552.3489519601766,3.2665228059027575e-05,-0.001716338828828173,,,,,,
C030029H02Rik,Piecewise Linear Fit,0.9943122645237612,0.4357571209631764,-0.8325592109507285,1.0,0.9680059523809523,2.4140386697291848e+20,1.0176135147999747,,1627.2284621054964,0.00011261760401712272,0.018427692234833155,,,,,,
Ebf3,Constant Fit,,0,0,1.0,0.0,,,0.0335142387136245,,,,,,,,,
Stk32c,Piecewise Linear Fit,0.6679078844679844,0.03569032524566598,-0.16305927223031694,1.0,0.10453869047619048,5866777.198425326,1.0058147631076895,,133.27668522497788,0.0018419153822090192,0.6300036483235624,,,,,,
Nkx6-2,Piecewise Linear Fit,0.08633792717842782,0.3379605256008476,-0.5539017660818464,1.0,0.8653273809523809,1.6485494469699722e+51,1.0448500826144866,,1262.0301359938155,0.0004558987178079504,0.2316892344605814,,,,,,
Kndc1,Piecewise Linear Fit,0.9999944493280322,0.4984537363615089,-0.3656930369110741,1.0,0.9996279761904762,9.590161177866895e+38,1.0339562609977853,,1861.352571021255,0.0003233809706820191,0.5220305218453553,,,,,,
Caly,Piecewise Linear Fit,0.6193555260100329,0.40543469355133177,0.14874133384034147,1.0,0.9389880952380952,1.3907182940762336e+38,1.03321378810213,,1513.9950315973456,-0.00038596243584683833,2.256472625684431,,,,,,
Syce1,Constant Fit,,0,0,1.0,0.0,,,0.0026021464720293297,,,,,,,,,
Urah,Constant Fit,,0,0,1.0,0.0,,,0.02597240332744057,,,,,,,,,
Cox8b,Piecewise Linear Fit,0.8324766196170292,0.19508532126180025,-0.47262656605162007,1.0,0.6235119047619048,12.037899396439762,1.0009260460592488,,728.4993688116247,4.653558417529973e-05,0.01891404737297018,,,,,,
Ifitm2,Piecewise Linear Fit,0.9969181778281846,0.0410607704291123,0.24695522217366575,1.0,0.20498511904761904,28955672.12471956,1.0064123154280087,,153.3312623754473,-0.001205486122529367,0.46665462532752167,,,,,,
Ifitm1,Michaelis-Menten Fit,0.787039848010328,0.0923548175339017,0.4108407780992996,1.0,1.0,36095372.4629277,1.0064948380903005,,,,,-0.16787416470902541,211.5051282341833,0.25891340295384885,,,
Ifitm3,Exponential Saturation Fit,0.9539184766373677,0.03745613002336548,0.1943209031919983,1.0,0.30691964285714285,43033562.44134386,1.00656067266776,,,,,,,,-0.26394791013928476,0.009911260565631533,0.8111286494136805
Pkp3,Constant Fit,,0,0,1.0,0.0,,,0.002208920750850367,,,,,,,,,
Eps8l2,Piecewise Linear Fit,0.9963452795442541,0.44391664445202994,-0.8534636860513276,1.0,0.9709821428571429,7.071598777872495e+25,1.0223901012682293,,1657.6978144838206,0.0001537468282835254,0.0218797194643706,,,,,,
Taldo1,Piecewise Linear Fit,0.6528781154514038,0.36848096207284736,-0.2019340223710187,1.0,0.9032738095238095,1.0587878376021901e+43,1.0375433551087092,,1376.001199251617,0.0004157496162114025,1.1304463978547257,,,,,,
Lsp1,Constant Fit,,0,0,1.0,0.0,,,0.07724082114199791,,,,,,,,,
Igf2,Piecewise Linear Fit,0.999999999999997,0.03364442916496749,0.4375003590346539,1.0,0.10453869047619048,68767.57703442659,1.004152379945657,,125.63676454458566,-0.0005880364210226902,0.1213725626276918,,,,,,
Igf2os,Constant Fit,,0,0,1.0,0.0,,,0.0021286430247825067,,,,,,,,,
Ins2,Piecewise Linear Fit,0.7820971784192187,0.14804827984467228,-0.7744553790390373,1.0,0.5074404761904762,4.660521877516066,1.0005727560129958,,552.8515297320552,2.902144028218363e-05,0.0023363265591809586,,,,,,
Th,Michaelis-Menten Fit,0.9974614613218733,0.266699924431991,0.737490687152055,1.0,1.0,63772.482381657646,1.0041242093153169,,,,,-0.12171976078522334,1067.2143940065375,0.09123472871268849,,,
Cd81,Michaelis-Menten Fit,0.9998020146268558,0.49999884025812635,-0.09531610115677557,1.0,1.0,4.016440026952375e+31,1.027442157310827,,,,,109840.3634766919,402486512.2795881,2.4181479506115404,,,
Cdkn1c,Constant Fit,,0,0,1.0,0.0,,,0.15883108889360636,,,,,,,,,
Slc22a18,Michaelis-Menten Fit,0.9998172876398107,0.007736810461348592,0.5299672537756823,1.0,0.30691964285714285,136.37088657297832,1.0018303107309958,,,,,-0.027018066404883273,14.672639763501161,0.03869526676028191,,,
Osbpl5,Piecewise Linear Fit,0.42748344264325594,0.2310903056883142,-0.31530109904674,1.0,0.7087053571428571,23829609453.96177,1.0089288357024038,,862.949934846299,0.00019758442964567526,0.18513241582247003,,,,,,
Ano1,Piecewise Linear Fit,0.8763246845974574,0.11083969422086465,0.27584566499139274,1.0,0.3958333333333333,4.575903799376079,1.0005659354646348,,413.9027712538889,-6.804722140530095e-05,0.06513444448078724,,,,,,
Bc1,Piecewise Linear Fit,0.9999968471576063,0.5000005083985107,0.012404272274282428,1.0,0.9996279761904762,36586.34720329887,1.0039166644554336,,1867.1261339056155,-9.83469387770175e-05,7.493542712554128,,,,,,
Mrgprf,Constant Fit,,0,0,1.0,0.0,,,0.0014228172393445388,,,,,,,,,
Plekhg1,Piecewise Linear Fit,0.9966751428115609,0.46028046995117744,-0.6678791976436556,1.0,0.9858630952380952,1.6511189651982272e+40,1.035051528696969,,1718.803878771394,0.00035077224077984757,0.1499062389214507,,,,,,
Akap12,Piecewise Linear Fit,0.9999174979597689,0.03894630223616538,0.1871416321785516,1.0,0.20498511904761904,557.3567595770442,1.002355152035973,,145.43529672326676,-0.0007016772486553541,0.32367513917512725,,,,,,
Vip,Piecewise Linear Fit,0.833813862794457,0.3492300045153714,0.5518470261342728,1.0,0.8705357142857143,2.974632713230647e+16,1.0142114504623925,,1304.1123764334925,-0.00023290557472222093,0.4270661071948699,,,,,,
Ipcef1,Piecewise Linear Fit,0.6313179955300302,0.47895694014286,0.1999387713551423,1.0,0.9940476190476191,1263.1920872617893,1.002660302131624,,1788.5443058347303,-0.000103139728878079,0.5535511531390909,,,,,,
Cnksr3,Piecewise Linear Fit,0.9999976181968847,0.4999994017737902,-0.6215610424425706,1.0,0.9996279761904762,13193390608.88412,1.008706950970499,,1867.1261339287798,8.358032898394757e-05,0.047507238776049364,,,,,,
Samd5,Piecewise Linear Fit,0.9882555839908496,0.4480443078337816,-0.3556407778751649,1.0,0.9773065476190477,20029384585.799854,1.0088636295988145,,1673.1117863712811,0.0001273545521793818,0.19303049883926432,,,,,,
Grm1,Piecewise Linear Fit,0.998612743069751,0.44804562314336377,-0.25165657262765956,1.0,0.9773065476190477,1486696694.2265375,1.0078880246555795,,1673.116334507374,0.00017608395597114383,0.4380347864492786,,,,,,
Abracl,Piecewise Linear Fit,0.7693897610342282,0.1696276565609559,-0.27898554213419496,1.0,0.5773809523809523,101798740.68305047,1.0068831447932707,,633.4327152917549,0.00024929688752102795,0.20405612086294017,,,,,,
Perp,Exponential Saturation Fit,0.9999999999999972,0.0012248742085800449,0.34160696816951214,1.0,0.10453869047619048,66053.83392640573,1.004137339329481,,,,,,,,-0.08634225286783957,0.3030821182931266,0.16954772421870815
Map7,Piecewise Linear Fit,0.7466595371154243,0.2585049980675227,-0.15348447217796596,1.0,0.7503720238095238,1503839.4762798704,1.0053055172499445,,965.3234214934727,0.00017673198218243557,0.470466256875796,,,,,,
Ahi1,Piecewise Linear Fit,0.9999809738337301,0.48212084024265656,0.1833842388320948,1.0,0.9977678571428571,627670589291.7345,1.0101573708575293,,1800.3601235971864,-0.00025093519095399034,1.4576549570913637,,,,,,
Myb,Constant Fit,,0,0,1.0,0.0,,,0.00879995979814264,,,,,,,,,
Slc2a12,Constant Fit,,0,0,1.0,0.0,,,0.0769075522903866,,,,,,,,,
Ctgf,Piecewise Linear Fit,0.8158305536317287,0.19162361145027496,-0.17385723514261472,1.0,0.6052827380952381,4.509973026930929,1.0005605332204108,,715.5716893379322,9.130619838367683e-05,0.15523360744086553,,,,,,
Gm49353,Constant Fit,,0,0,1.0,0.0,,,0.004736919237789194,,,,,,,,,
Wasf1,Piecewise Linear Fit,0.8612766109318084,0.03317852396694302,-0.1019603455116226,1.0,0.10453869047619048,43176.36538732331,1.0039785215600678,,123.89698477089495,0.0019349343251155349,1.0557502334531539,,,,,,
Cd24a,Piecewise Linear Fit,0.9282379553605942,0.09747505044590017,0.15288706572046648,1.0,0.30691964285714285,7.084887055958485,1.0007286745551975,,363.9962340357637,-0.00018748071504828476,0.2572998406087363,,,,,,
Gm35552,Piecewise Linear Fit,0.9850206460765885,0.11029979659573959,0.6642349418161505,1.0,0.3835565476190476,1.1678983529935552,1.000057741940094,,411.88456511900256,-1.52524689737622e-05,0.007870069865165497,,,,,,
Lilr4b,Constant Fit,,0,0,1.0,0.0,,,0.0016037752245362277,,,,,,,,,
Pln,Exponential Saturation Fit,0.920525125217328,0.40763858063583236,-0.46412130113182254,1.0,1.0,2.603013699669818,1.000355967317908,,,,,,,,0.0518410094634201,0.0004050365262172131,0.015879182053049418
Gm20597,Constant Fit,,0,0,1.0,0.0,,,0.003011170006533776,,,,,,,,,
Man1a,Michaelis-Menten Fit,0.5427961777219037,0.49999728862848486,0.124586727121743,1.0,1.0,1.2895265654857064,1.000094600883426,,,,,-6878.014045740556,172156048.3189085,0.3366672730861494,,,
Fabp7,Piecewise Linear Fit,0.22724808338358388,0.16069772151582307,0.1562592199547539,1.0,0.5197172619047619,915536686.2475687,1.0077062606735645,,600.0856663411707,-0.0003644196938581871,0.8090859384557505,,,,,,
Gm17455,Piecewise Linear Fit,0.6391219873917315,0.14791129936086161,0.4268102542652699,1.0,0.5052083333333334,108.52333601759423,1.0017451837230396,,552.3371128220468,-5.5664764225364985e-05,0.05139087121420604,,,,,,
Slc29a3,Piecewise Linear Fit,0.9999972072683246,0.43439460670909813,-0.4092840869231965,1.0,0.9646577380952381,602088145.716713,1.00754915375353,,1622.1407270352804,9.645332133792761e-05,0.1129092519845675,,,,,,
Unc5b,Piecewise Linear Fit,0.9432546035271473,0.38631950022171724,-0.6029506987417057,1.0,0.9226190476190477,8.820027409172708e+33,1.029505148970129,,1442.614987828622,0.00027849272057298965,0.1322808342358098,,,,,,
Pcbd1,Piecewise Linear Fit,0.9998892275731589,0.46155170306237325,0.1547720068799744,1.0,0.9884672619047619,12.277970045024547,1.0009333991121705,,1723.5477757121428,-6.340820376103971e-05,0.40770178667646223,,,,,,
Sgpl1,Piecewise Linear Fit,0.9991527136368523,0.16059022443363624,0.08738915461838603,1.0,0.5074404761904762,1.2653583398272898,1.0000875616289266,,599.6836104729449,-7.502486986097583e-05,0.27991417611413405,,,,,,
Prf1,Constant Fit,,0,0,1.0,0.0,,,0.0027593698526015478,,,,,,,,,
Tspan15,Michaelis-Menten Fit,0.9999356475472787,0.4999968257489789,-0.38465826515966584,1.0,1.0,991603798002200.0,1.0129289761267626,,,,,28164.232430382533,147051563.0964277,0.2860274572752138,,,
Srgn,Exponential Saturation Fit,0.9999547059075172,0.02008861752587425,0.25924787640448116,1.0,0.20498511904761904,1706817.61389542,1.0053528698644811,,,,,,,,-0.1448810908153334,0.018479990922733704,0.35186634591714416
Reep3,Piecewise Linear Fit,0.9777162389785442,0.38500897221726044,-0.29281279790936454,1.0,0.9192708333333334,3062531589417.671,1.0107531867277493,,1437.7214802948274,0.0001686185246077449,0.2927483047603116,,,,,,
Ado,Piecewise Linear Fit,0.9976051503875862,0.4120321132058363,-0.4057567584693782,1.0,0.9445684523809523,1.1937532250274525e+52,1.0456199291255017,,1538.6322442858666,0.00039339455810690827,0.4432325744372955,,,,,,
A930033H14Rik,Michaelis-Menten Fit,0.9105226549277725,0.4999499769458667,0.9058583920814735,1.0,1.0,3.343411302651943,1.0004491304545882,,,,,-97.15705097730253,9330394.501902174,0.020448497194057405,,,
Cdk1,Piecewise Linear Fit,0.9703491511319008,0.33265253136543327,-0.7016445690896121,1.0,0.8619791666666666,14.141581051389025,1.0009860213161925,,1242.2159019685748,1.6713628896480036e-05,0.004414226549772779,,,,,,
Gm33979,Piecewise Linear Fit,0.9999919490796663,0.47907290491329774,-1.037110654579828,1.0,0.9940476190476191,60.47469125958917,1.0015272904758086,,1788.9962238818007,1.0436086965714616e-05,-0.0003340340210487292,,,,,,
Bicc1,Michaelis-Menten Fit,0.7202002181505331,0.4999948505661614,-0.2812627349561084,1.0,1.0,4.004212792509218,1.0005162593339427,,,,,2319.2414397489383,90646223.4837946,0.061036402831714826,,,
A330049N07Rik,Constant Fit,,0,0,1.0,0.0,,,0.005829201824249743,,,,,,,,,
Adora2a,Piecewise Linear Fit,0.9999994491720324,0.49940705395607954,0.9784918576220101,1.0,0.9996279761904762,59383.48810394726,1.0040975728917836,,1864.909186913358,-6.813941335294083e-05,0.12847041704040463,,,,,,
S100b,Piecewise Linear Fit,0.9999841782982419,0.49999984205439624,-0.1724102463565262,1.0,0.9996279761904762,7.279117854820128e+28,1.0250318981462685,,1867.1261339280363,0.00031656506049057006,1.4185958156027045,,,,,,
Dip2a,Piecewise Linear Fit,0.7585689104157743,0.38489845986921317,-0.3594274059087741,1.0,0.9192708333333334,2.6578368378857337e+28,1.0246477749471012,,1437.308488782836,0.0002651266649092121,0.3395709809365596,,,,,,
Col6a2,Michaelis-Menten Fit,0.8123476633612325,0.038584917612287196,0.4665267097885202,1.0,0.9330357142857143,1004661.300187998,1.005154668780506,,,,,-0.08559752761400977,78.06735261147494,0.12913844124456625,,,
Col6a1,Michaelis-Menten Fit,0.40361217814632727,0.039414708554312415,0.4901666737854918,1.0,0.9397321428571429,22230775225.840656,1.0089027678021634,,,,,-0.13548017517534905,79.88990709914965,0.1974881074983895,,,
Adarb1,Piecewise Linear Fit,0.9993566728439417,0.47157519741036014,-0.24001793868372745,1.0,0.9933035714285714,1.7879667802760193e+21,1.0183718447224674,,1760.981283041544,0.000330609720337167,0.9217221032919266,,,,,,
Tspear,Piecewise Linear Fit,0.9802907332192694,0.1331476580045279,-1.1405234218332008,1.0,0.47470238095238093,2.49040692345342,1.000339509301863,,497.2093963091225,2.0273922198320224e-05,-0.0006210000718606092,,,,,,
Plpp2,Piecewise Linear Fit,0.9990086109790679,0.42664870696305324,-0.4749534215210358,1.0,0.9646577380952381,313224083.8034908,1.0073042362574371,,1593.2157475811932,8.630507267314712e-05,0.0760024739318393,,,,,,
Hcn2,Piecewise Linear Fit,0.996731326936187,0.44883142764033923,-0.31354629085612956,1.0,0.9806547619047619,6.824449451764591e+78,1.0698629555609458,,1676.0500893517412,0.0005358216640555394,0.9830754597372194,,,,,,
Cnn2,Piecewise Linear Fit,0.999999999999997,0.03577518666302908,0.23498459802428498,1.0,0.10453869047619048,584.1088772181988,1.0023726344340136,,133.59355124117454,-0.0006457451942282509,0.22669337351446928,,,,,,
Gamt,Piecewise Linear Fit,0.9997014516291359,0.44716731679009625,-0.39193529352398726,1.0,0.9735863095238095,4.453368597059399e+32,1.0283621640789693,,1669.8360787685808,0.00032618228093621527,0.42251256939023807,,,,,,
Plk5,Piecewise Linear Fit,0.1565311277201535,0.2829852543741859,0.6250706260584145,1.0,0.7872023809523809,2.811182757296488e+27,1.0237917847024256,,1056.7378295238977,-0.00021202902652836785,0.29125656826958446,,,,,,
Gm26541,Constant Fit,,0,0,1.0,0.0,,,0.0016768764176512767,,,,,,,,,
Gng7,Michaelis-Menten Fit,0.6304547974507896,0.49954162602383434,0.28831060317624674,1.0,1.0,2458491186.328598,1.0080766430296855,,,,,-163.16382835728422,1017408.5712359934,0.667783748790766,,,
Eid3,Piecewise Linear Fit,0.9999014109120623,0.46035223812311965,-1.386175754493193,1.0,0.9866071428571429,5.49394256031207,1.0006339978160528,,1719.1087431300118,4.602119576846794e-06,-0.0011020415710975267,,,,,,
Timp3,Piecewise Linear Fit,0.9260421978777119,0.06569460498334186,0.15672947181528143,1.0,0.2760416666666667,1317294113.7262821,1.0078426643573346,,245.32020593945566,-0.0011302155535267684,1.0231651409783087,,,,,,
Nt5dc3,Michaelis-Menten Fit,0.7842138438615566,0.04211418594641442,-0.10322641177155086,1.0,0.9683779761904762,126.94255312201788,1.0018036091654492,,,,,0.16199874650105459,85.86474496241222,0.6727397336248032,,,
Ascl1,Piecewise Linear Fit,0.9314023291139837,0.28790339426739336,-0.2271285656196351,1.0,0.7879464285714286,7.37928065255823,1.0007438316251704,,1075.1065918818729,3.9982816432284494e-05,0.07313586620411316,,,,,,
Igf1,Michaelis-Menten Fit,0.9551734439056364,0.49291930036305087,0.2098224621345838,1.0,1.0,1.0924584894596834,1.0000328988489484,,,,,-1.6270453459272176,64989.51733355168,0.13099913091941756,,,
Pmch,Piecewise Linear Fit,0.053726506402296946,0.2472099327020463,-0.24704799085323534,1.0,0.7287946428571429,224625376.11668423,1.0071796482094009,,923.144442801998,0.000483391461015912,0.6800245763862108,,,,,,
Parpbp,Piecewise Linear Fit,0.7802170695080233,0.13348885812130826,-0.5831711338293812,1.0,0.48214285714285715,2.684707568971444,1.000367467726355,,498.48216605385966,4.552834956123024e-05,0.008110792712710925,,,,,,
Slc17a8,Constant Fit,,0,0,1.0,0.0,,,0.04139438286150708,,,,,,,,,
Cfap54,Piecewise Linear Fit,0.9644037692389181,0.3315397798023301,0.29351049597218126,1.0,0.8601190476190477,7.115947789178717,1.000730303160889,,1238.048711605807,-2.7740342200542864e-05,0.07567734226375256,,,,,,
Gm32468,Piecewise Linear Fit,0.7525892163204615,0.1693667249432082,-0.7774593123822485,1.0,0.5643601190476191,1.5669713671597627,1.0001671064796365,,632.4619168530512,1.6469686750230025e-05,0.0014908071415642918,,,,,,
Tmcc3,Piecewise Linear Fit,0.9514886411846876,0.398721050888744,-0.4507434936635961,1.0,0.9334077380952381,4.1598684109159875e+30,1.0265758104864102,,1488.9255481840428,0.0002660409465491572,0.24134439331832797,,,,,,
Gm48657,Constant Fit,,0,0,1.0,0.0,,,0.0021236391564025633,,,,,,,,,
Gm33543,Michaelis-Menten Fit,0.794739797485666,0.4999970129826741,-0.9454982210742574,1.0,1.0,1.511721302980899,1.000153750262312,,,,,708.5230865015084,156269184.0015121,0.00024398830350326505,,,
Dcn,Michaelis-Menten Fit,0.9385190605707133,0.02396159039814476,0.4713603749149359,1.0,0.7116815476190477,41328423728985.0,1.0117321916904212,,,,,-0.24926405271329874,46.99128337511118,0.37949033890906153,,,
Lum,Michaelis-Menten Fit,0.8282886041243159,0.0392446094688906,0.5366674298170603,1.0,0.9382440476190477,15811.384185549012,1.0036033834319327,,,,,-0.06119736312029833,79.51576607825372,0.08403591863586776,,,
Gm10754,Constant Fit,,0,0,1.0,0.0,,,0.002195134559739147,,,,,,,,,
Atp2b1,Michaelis-Menten Fit,0.9588188843276582,0.04161617335162218,-0.0934433173151818,1.0,0.9646577380952381,6625516972.08475,1.0084485075850542,,,,,0.3642001013855937,84.75718424849993,1.689960632430927,,,
Kitl,Exponential Saturation Fit,0.9999999999999972,0.0015937144181016598,-0.09049734146571525,1.0,0.10453869047619048,2.0771989066058256,1.0002719939429503,,,,,,,,0.08701106173452837,0.2329385141570206,0.43723268926289605
1700017N19Rik,Piecewise Linear Fit,0.9987598739472554,0.461699692431393,-1.4383833401150892,1.0,0.9895833333333334,290374.7129653072,1.004690627232873,,1724.1144223713277,1.5259116017272277e-05,-0.00400908132977155,,,,,,
Nts,Piecewise Linear Fit,0.9160864849198521,0.20496987770891706,-0.20952257688018486,1.0,0.6409970238095238,13.40200999819155,1.0009660186378313,,765.4101012051277,8.792470543427624e-05,0.12695030812872987,,,,,,
Tmtc2,Piecewise Linear Fit,0.9999914215890031,0.4796427093970322,-0.21523458241083251,1.0,0.9966517857142857,4.124459776947414,1.0005272725337402,,1791.1123392587529,3.278055201377684e-05,0.10703773172555887,,,,,,
Csrp2,Constant Fit,,0,0,1.0,0.0,,,0.17590323883623896,,,,,,,,,
Kcnc2,Piecewise Linear Fit,0.9999899869791044,0.48478685910782365,-0.3166054808719029,1.0,0.9992559523809523,6.701678239147803e+23,1.0206196077612408,,1810.317051369125,0.0002904322161419765,0.567443332873741,,,,,,
Tspan8,Piecewise Linear Fit,0.9999999999999972,0.03629893767309144,0.897271289544901,1.0,0.10453869047619048,11747104404569.357,1.0112588269608744,,135.54933769757343,-0.0002575564667021061,0.03691012580324334,,,,,,
Ptprb,Constant Fit,,0,0,1.0,0.0,,,0.2352333913601156,,,,,,,,,
Lyz2,Michaelis-Menten Fit,0.9990707638174415,0.021011044465851038,0.29248493382734425,1.0,0.6614583333333334,9233.48329943761,1.003402573141359,,,,,-0.11688340584986635,40.951121838483516,0.25271007371477006,,,
Cpm,Michaelis-Menten Fit,0.9999974875798663,0.49999856733063097,-0.7803995970373008,1.0,1.0,4.6048452044305995e+30,1.0266146231232696,,,,,53687.61538429141,325811534.1094556,0.043287741631814626,,,
Irak3,Constant Fit,,0,0,1.0,0.0,,,0.010747905312994918,,,,,,,,,
Wif1,Piecewise Linear Fit,0.999781511575389,0.3376370860752504,0.8416309851227247,1.0,0.8630952380952381,19734.80458501104,1.0036861444004617,,1260.817921165576,-3.050456742811025e-05,0.04207926498728841,,,,,,
Fam19a2,Piecewise Linear Fit,0.5853734331104768,0.32054333603164986,0.26624249064570654,1.0,0.8430059523809523,18940947182387.242,1.0114385668455699,,1196.989136824516,-0.00022056259876999267,0.6278148715503695,,,,,,
Agap2,Piecewise Linear Fit,0.9801413144518623,0.39872556000778575,0.19666116517609059,1.0,0.9356398809523809,43329452094317.74,1.0117499882845427,,1488.9411314855417,-0.00021416646074972658,0.9701783539277041,,,,,,
F420014N23Rik,Constant Fit,,0,0,1.0,0.0,,,0.00532325926598144,,,,,,,,,
Ndufa4l2,Constant Fit,,0,0,1.0,0.0,,,0.17302310811614827,,,,,,,,,
Nxph4,Michaelis-Menten Fit,0.995315786365235,0.44836143896591235,-0.39037920351766675,1.0,1.0,37.95107547359454,1.0013537048082886,,,,,0.340371030770782,8105.835503572887,0.04975597070212824,,,
Myo1a,Constant Fit,,0,0,1.0,0.0,,,0.00349167725914479,,,,,,,,,
Tac2,Michaelis-Menten Fit,0.6830648903548587,0.26797235442708967,0.5488512731158964,1.0,1.0,242237821375.2078,1.0097996342539524,,,,,-0.4488948184819777,1078.1865767207587,0.4015243465574854,,,
Erbb3,Piecewise Linear Fit,0.9784411301465384,0.38969437114551697,-0.7113764078697065,1.0,0.9281994047619048,7.776696513678674e+19,1.01718477092306,,1455.2181203822117,0.00014112419073079188,0.04166121501320341,,,,,,
Gdf11,Piecewise Linear Fit,0.999835735098858,0.43449406622343734,-0.19049844259924642,1.0,0.9657738095238095,27.36500376829695,1.0012318835039147,,1622.5134641578,5.3868349304623095e-05,0.18570270949735737,,,,,,
Cd63,Michaelis-Menten Fit,0.9999906140733307,0.4999975779609162,-0.05135557679550384,1.0,1.0,3.2379329766052347,1.0004371993964996,,,,,13389.737532960495,192721612.69978333,1.1981106924888558,,,
Rdh5,Constant Fit,,0,0,1.0,0.0,,,0.15686132854983864,,,,,,,,,
Cd209f,Piecewise Linear Fit,0.999999999999997,0.03420109349729526,0.8462362921513611,1.0,0.10453869047619048,216.40594743414024,1.002002432265823,,127.7153664763937,-8.839722243745135e-05,0.012315368536555554,,,,,,
Ctxn1,Piecewise Linear Fit,0.6304611844845714,0.4821067133864342,0.27921155066317066,1.0,0.9977678571428571,4.016703136168673e+41,1.0362812256865575,,1800.307763646126,-0.0005553649744391569,2.290362564672397,,,,,,
Col4a1,Constant Fit,,0,0,1.0,0.0,,,0.3212794810997347,,,,,,,,,
F10,Constant Fit,,0,0,1.0,0.0,,,0.0021549492434525105,,,,,,,,,
Lamp1,Piecewise Linear Fit,0.9588429687804066,0.4216650250643204,-0.12308276790777735,1.0,0.9568452380952381,6.235304508471225e+42,1.0373389998918734,,1574.6040639283244,0.000322793288326994,1.8106196053675585,,,,,,
Arhgef10,Piecewise Linear Fit,0.8509055650343644,0.3970675029547666,-0.5296654400565908,1.0,0.9330357142857143,1.211982733240163e+31,1.026984291429161,,1482.7507780987671,0.0002673080049321812,0.1759767870919191,,,,,,
Angpt2,Piecewise Linear Fit,0.8868771784640792,0.035469439041662824,0.2958913914106024,1.0,0.10453869047619048,2.197006447665278,1.0002928612267272,,132.4517597680602,-0.00018042034322131182,0.052329853162111264,,,,,,
Defb11,Piecewise Linear Fit,0.5761753153577454,0.16837390877279496,-0.8686197509783686,1.0,0.5528273809523809,38.09224660493063,1.0013550879728486,,628.7521308878786,4.2477269018441075e-05,0.0020197909917043996,,,,,,
Plat,Michaelis-Menten Fit,0.9885491734323485,0.49998786370248177,-0.12892675160804465,1.0,1.0,2.8217782555001,1.0003859998036364,,,,,1809.913298143502,38460675.908213966,0.29680763856322007,,,
1700041G16Rik,Piecewise Linear Fit,0.9999999999999966,0.03544459933663938,0.5439952454277716,1.0,0.10453869047619048,1.6786674512171296,1.0001927270125002,,132.35888887164788,-7.093786886641043e-05,0.013324536389569425,,,,,,
Golga7,Piecewise Linear Fit,0.8670217194601795,0.35547885884475106,-0.19383021670536968,1.0,0.8909970238095238,1.8685052877606637e+20,1.017516542389164,,1327.448208271209,0.00028037482759626307,0.7739833962732627,,,,,,
Zmat4,Michaelis-Menten Fit,0.8933488906163773,0.38882271705190874,-0.244974072571241,1.0,1.0,798660.4161644632,1.0050688641298333,,,,,0.5833412840383305,3264.9703154560866,0.3270493640184149,,,
Plekha2,Constant Fit,,0,0,1.0,0.0,,,0.14732728098513279,,,,,,,,,
Got1l1,Constant Fit,,0,0,1.0,0.0,,,0.01784916594205252,,,,,,,,,
Chrnb3,Constant Fit,,0,0,1.0,0.0,,,0.017477785217474378,,,,,,,,,
Rnf122,Michaelis-Menten Fit,0.8882043186595585,0.4999871544083528,-0.5161004500304532,1.0,1.0,30478636.018733695,1.006431507784022,,,,,2821.6773540604026,36336943.89088488,0.06796749775338537,,,
B930018H19Rik,Constant Fit,,0,0,1.0,0.0,,,0.0028207389623105743,,,,,,,,,
Ppp1r3b,Piecewise Linear Fit,0.9536551063210563,0.06384242463325325,0.662895977585517,1.0,0.23586309523809523,1403.3264108826907,1.0026995452282044,,238.40347110785143,-9.618311514533925e-05,0.028760810176202953,,,,,,
Gm30931,Constant Fit,,0,0,1.0,0.0,,,0.0012870874035530156,,,,,,,,,
Enpp6,Piecewise Linear Fit,0.8346897790055015,0.39214436970337385,-0.8148031995424484,1.0,0.9330357142857143,3.16598412022763e+36,1.0317608825298823,,1464.3665731503118,0.0002563406573819163,0.04265972563292277,,,,,,
Hmgb2,Piecewise Linear Fit,0.999999224855603,0.4999991493314089,-0.283777323707267,1.0,0.9996279761904762,281.6836093634806,1.0021007095391163,,1867.1261339288212,5.877719840633054e-05,0.1384914371920571,,,,,,
Spock3,Michaelis-Menten Fit,0.6039460712928809,0.22887484294651556,-0.26166722751130445,1.0,1.0,1.646587984577398e+30,1.0262219250443287,,,,,0.7711304329654854,788.0829013916464,0.7650249531454104,,,
Tll1,Constant Fit,,0,0,1.0,0.0,,,0.004548979353607944,,,,,,,,,
Apela,Constant Fit,,0,0,1.0,0.0,,,0.0022881488531614168,,,,,,,,,
Gm32568,Constant Fit,,0,0,1.0,0.0,,,0.0015730708644728338,,,,,,,,,
Lpl,Exponential Saturation Fit,0.3046526593565514,0.0010818894089298107,-0.22474749501821736,1.0,0.10453869047619048,12.849310115976643,1.0009503360015315,,,,,,,,0.07457950663955334,0.3431380928369028,0.12862868463886085
Slc18a1,Constant Fit,,0,0,1.0,0.0,,,0.0028470703638237434,,,,,,,,,
Yjefn3,Piecewise Linear Fit,0.9377611081905245,0.35227557655482233,0.1344243562211912,1.0,0.8835565476190477,11.543572656164141,1.0009104323476923,,1315.4834990537727,-5.546812216134537e-05,0.3078906138489372,,,,,,
Homer3,Piecewise Linear Fit,0.9998783364787057,0.47175263598072864,-0.6062070803078229,1.0,0.9940476190476191,2.8381171039135568e+19,1.0168034016279788,,1761.6445621878413,0.00014542103575494131,0.08320749050245622,,,,,,
Crlf1,Constant Fit,,0,0,1.0,0.0,,,0.10414781855583145,,,,,,,,,
Il12rb1,Piecewise Linear Fit,0.9999896948583131,0.479662701654571,-0.8246847843778002,1.0,0.9973958333333334,184.78971795159867,1.0019435598248683,,1791.1925254145158,1.629242321176548e-05,0.003101912742021006,,,,,,
Bst2,Piecewise Linear Fit,0.9999785068314377,0.036955426263429354,0.2665700490440763,1.0,0.18377976190476192,352737.8146621812,1.0047633476541795,,138.00087098474782,-0.0010337828813892413,0.33892142994395785,,,,,,
Gm10282,Constant Fit,,0,0,1.0,0.0,,,0.002620646928406346,,,,,,,,,
Klf2,Piecewise Linear Fit,0.9583734772997915,0.3149403408831859,0.29132058165362607,1.0,0.8284970238095238,7099.104873709187,1.0033044521614247,,1176.0651223408972,-7.53965230988828e-05,0.1965240015110452,,,,,,
Nr3c2,Piecewise Linear Fit,0.8384278336202305,0.033026165619825285,-0.11851394544235404,1.0,0.10453869047619048,1.838478380587444,1.000226565194169,,123.3280559524305,0.0005583498661961654,0.25608509148631425,,,,,,
Hhip,Piecewise Linear Fit,0.404747082061423,0.3079089046211062,-0.5480531080469069,1.0,0.8251488095238095,66399259147.33148,1.0093135470078352,,1149.8104964026518,0.00011841161413135059,0.05613779279506692,,,,,,
Gypa,Michaelis-Menten Fit,0.9457242058788898,0.004425118684810968,0.3085904042821481,1.0,0.20498511904761904,2.282864164944957,1.0003071270896164,,,,,-0.025713680494328175,8.336030526477082,0.05427763444698417,,,
Gab1,Michaelis-Menten Fit,0.9801304571752765,0.499997437012509,-0.5043305513462149,1.0,1.0,1.3422089988835383e+32,1.0279034271315204,,,,,54266.78738849003,182123068.2866161,0.27339164419900186,,,
G430095P16Rik,Constant Fit,,0,0,1.0,0.0,,,0.005966430766706731,,,,,,,,,
Gm5741,Piecewise Linear Fit,0.7143591733792102,0.1980758674541292,0.8053172935556188,1.0,0.6395089285714286,306516000.8296635,1.0072961235569422,,739.6647316977319,-0.00014074097350035166,0.1166841812785495,,,,,,
Gm2694,Michaelis-Menten Fit,0.02506864986204384,0.4999985231408519,0.26938724864718483,1.0,1.0,96.77073117630358,1.0017024686078146,,,,,-19012.9406645347,316062749.11771363,0.26462701179556886,,,
Cbln1,Piecewise Linear Fit,0.9988736717816006,0.4248962618150306,0.3946603698667279,1.0,0.9583333333333334,42810428.18312329,1.0065587259741537,,1586.6689392977285,-0.0001782796378584324,0.49980777687145,,,,,,
Zfp423,Constant Fit,,0,0,1.0,0.0,,,0.26666681515291013,,,,,,,,,
Nkd1,Piecewise Linear Fit,0.9999988797164248,0.4999994860955443,-0.33734298120629536,1.0,0.9996279761904762,2327453.429549744,1.0054688751766343,,1867.1261338724291,9.729711443234241e-05,0.1784270709338938,,,,,,
Nod2,Constant Fit,,0,0,1.0,0.0,,,0.00341918811270331,,,,,,,,,
Gm19935,Piecewise Linear Fit,0.9934090710286898,0.09308772139967596,0.1622460814317851,1.0,0.30691964285714285,1.0090566895681026,1.0000033541439086,,347.61274099513207,-0.00011833581739221806,0.14733494979610268,,,,,,
Ces1d,Michaelis-Menten Fit,0.8343823362190042,0.03646069984232674,0.9799826795709512,1.0,0.9051339285714286,792351285.0328739,1.007652088320821,,,,,-0.046760728917423056,73.43144929800842,0.04545078525485489,,,
Pllp,Piecewise Linear Fit,0.9807131094113539,0.3727572855739419,-0.4905554605190864,1.0,0.9051339285714286,6.696740121277548e+78,1.0698554367702267,,1391.969930263237,0.0007278341338906203,0.5260670180225461,,,,,,
Cx3cl1,Michaelis-Menten Fit,0.00440039119278686,0.4999995006265866,0.0870589320782965,1.0,1.0,4816032.434782441,1.005740918131213,,,,,-170609.22000090103,934733566.6085945,2.1276353959315504,,,
Drc7,Constant Fit,,0,0,1.0,0.0,,,0.02693489298559065,,,,,,,,,
Gm32122,Piecewise Linear Fit,0.9999980149754246,0.4790697843143984,-0.9639790617786159,1.0,0.9940476190476191,2.417006442003702,1.0003283759895352,,1788.99942671517,5.590841725054722e-06,0.00018687220361795223,,,,,,
Cdh5,Piecewise Linear Fit,0.9999999999999972,0.03568799510335628,0.1842497272738968,1.0,0.10453869047619048,3.503893265399298,1.0004665800615888,,133.26793799130087,-0.00034472952296823073,0.1476422314189999,,,,,,
B3gnt9,Piecewise Linear Fit,0.9958779246128655,0.43638006906003235,-0.4738495904030447,1.0,0.9680059523809523,14512785.654048884,1.0061537306103427,,1629.5555167524517,7.228910165668543e-05,0.06540054928941266,,,,,,
Lrrc36,Constant Fit,,0,0,1.0,0.0,,,0.015443100198431396,,,,,,,,,
Tppp3,Piecewise Linear Fit,0.9844965046547135,0.36296719125209065,-0.1306179346993384,1.0,0.8969494047619048,283054.29028147866,1.0046810836573083,,1355.4117821983818,0.0001869255923120869,0.843175328618323,,,,,,
Agrp,Piecewise Linear Fit,0.8687576026717218,0.06914923543582245,0.8811796382725822,1.0,0.2760416666666667,1.4199571942618898e+25,1.0217796413763862,,258.22065711038226,-0.000803512821146268,0.22147240067190438,,,,,,
Lcat,Michaelis-Menten Fit,0.81546493966388,0.4999985171168817,-0.13371599514277155,1.0,1.0,4.55691988587326,1.0005643879762176,,,,,17461.993154654287,314778793.26634693,0.33551069476257195,,,
Slc12a4,Constant Fit,,0,0,1.0,0.0,,,0.2513869246847077,,,,,,,,,
Cdh3,Constant Fit,,0,0,1.0,0.0,,,0.0068921744485328715,,,,,,,,,
Cdh1,Michaelis-Menten Fit,0.9993482834879517,0.003934947079054411,0.9800602586683916,1.0,0.20498511904761904,1.981293941264189e+23,1.0201570135739304,,,,,-0.05286693371472807,7.405321596193874,0.05319375877512154,,,
Nqo1,Exponential Saturation Fit,0.9999999999999972,0.0016293985762471153,0.21864975259142344,1.0,0.10453869047619048,4.79528894058664,1.000583367252217,,,,,,,,-0.041302774338428765,0.2278371147902462,0.11510101225921752
Zfhx3,Piecewise Linear Fit,0.9990486244921529,0.4796429561618212,-0.5006013382321256,1.0,0.9966517857142857,6.35067068220397e+26,1.023225340515396,,1791.1084760544218,0.0002636909420506134,0.23558219997083,,,,,,
Hp,Constant Fit,,0,0,1.0,0.0,,,0.012648911089200873,,,,,,,,,
Calb2,Michaelis-Menten Fit,0.9998476587426672,0.49999365208427116,0.45182850414701653,1.0,1.0,13114065095192.2,1.0113002407197138,,,,,-20829.357929312348,73532105.50344029,0.849714851861551,,,
Fa2h,Piecewise Linear Fit,0.7491668034033943,0.3915369099241255,-0.6251210010496716,1.0,0.9330357142857143,3.493054731707038e+76,1.0677655254976233,,1462.097823191944,0.000637474758629602,0.2794708077449834,,,,,,
Gm45904,Constant Fit,,0,0,1.0,0.0,,,0.001832562019992681,,,,,,,,,
Adamts18,Piecewise Linear Fit,0.9986964804842026,0.22436421116137165,0.3997714101198139,1.0,0.6848958333333334,1.429487206046235,1.0001329388142977,,837.8263299475618,-1.3438847345993992e-05,0.019712032904833865,,,,,,
Vat1l,Piecewise Linear Fit,0.9999959768155575,0.4935993307269402,0.30682276542635795,1.0,0.9992559523809523,250304998.21707347,1.0072202082957487,,1843.223298964493,-0.00016439516678867373,0.6453066080384247,,,,,,
Dynlrb2,Piecewise Linear Fit,0.9839594735328772,0.11987193707642546,0.2846882319994202,1.0,0.4099702380952381,12.457301743988905,1.0009387986311167,,447.6316842188233,-0.00012142093951463707,0.12263449382221941,,,,,,
Cdh13,Piecewise Linear Fit,0.6309297534749645,0.5000002528514841,0.30602545767492534,1.0,0.9996279761904762,1910598829759.329,1.0105757845901167,,1867.1261339288144,-0.00019774461540105596,0.7878479601645161,,,,,,
Necab2,Piecewise Linear Fit,0.8152961175465564,0.184217382824686,0.06207252664395671,1.0,0.5803571428571429,5.208050583284483,1.0006141042651713,,687.9137304927461,-0.0001531764515044303,0.901468877879699,,,,,,
Kcng4,Piecewise Linear Fit,0.999282774769516,0.45032185167021643,-0.4458680005057018,1.0,0.9821428571428571,295.46833453717784,1.00211852128584,,1681.6197577110304,3.8552841128378475e-05,0.04028664663849297,,,,,,
Wfdc1,Piecewise Linear Fit,0.999999999999997,0.03512614939212564,0.2007063348844899,1.0,0.10453869047619048,44.116983546798465,1.0014097892569096,,131.16987843996733,-0.0005334562150908499,0.2093045267760009,,,,,,
Crispld2,Michaelis-Menten Fit,0.9999648591047019,0.006236023453837334,0.4067537043893181,1.0,0.20498511904761904,607.2172470711921,1.0023871030232907,,,,,-0.05338524294300342,11.790493911688745,0.09173687166317972,,,
Foxc2,Michaelis-Menten Fit,0.998553404922159,0.004222236477951038,0.9101855529609285,1.0,0.20498511904761904,4.205315295058063e+23,1.0204426820179473,,,,,-0.07553205300435134,7.950586563869223,0.07892262603478926,,,
Car5a,Exponential Saturation Fit,0.9996821174754533,0.1271839657224193,0.7501117852133146,1.0,0.7723214285714286,8.507526882566243,1.000796802132181,,,,,,,,-0.013202411063291028,0.0029002075535611033,0.01533297837157691
Cyba,Constant Fit,,0,0,1.0,0.0,,,0.29877106199548015,,,,,,,,,
Cpne7,Piecewise Linear Fit,0.9408048781221392,0.0736375434184374,-0.15080818983751304,1.0,0.2760416666666667,532.6826823733686,1.0023382674040013,,274.9812140739636,0.0005438259823810329,0.42103078553832907,,,,,,
Dbndd1,Piecewise Linear Fit,0.9993785178862211,0.4617060465412622,-0.273910842265209,1.0,0.9895833333333334,168331642.8175825,1.0070715553363887,,1724.1281062173473,0.00013739847571699867,0.31398014019286824,,,,,,
Rhou,Piecewise Linear Fit,0.8661864013973593,0.36295688886304656,-0.3174419305910719,1.0,0.8950892857142857,6.153896170400582e+26,1.0232133591719277,,1355.3730617678395,0.00028450522419971505,0.4145666986858358,,,,,,
Agt,Piecewise Linear Fit,0.996716553625537,0.42031231544008046,-0.20525706542962419,1.0,0.9564732142857143,92743538424.85478,1.0094390251473606,,1569.5527166262868,0.00031423373822750937,0.9548326990461299,,,,,,
Itgb1,Piecewise Linear Fit,0.9999964386369379,0.49999969236710284,-0.26116772450778863,1.0,0.9996279761904762,138097673155.82364,1.0095885455478595,,1867.1261339288244,0.0001625312964398119,0.4292467498978296,,,,,,
Gm3411,Constant Fit,,0,0,1.0,0.0,,,0.005275669669433522,,,,,,,,,
Fezf2,Piecewise Linear Fit,0.14608536833716237,0.1614687154374973,-0.3160968081160896,1.0,0.5528273809523809,738819.4563956981,1.005039743630628,,602.9652091323669,0.00020626751715501718,0.13454501753783382,,,,,,
Synpr,Piecewise Linear Fit,0.6309297547431079,0.5000002258336037,0.2692135611511266,1.0,0.9996279761904762,4347009050.806471,1.0082904095214051,,1867.1261339285277,-0.0002214019444770825,0.9744574128305875,,,,,,
Sntn,Constant Fit,,0,0,1.0,0.0,,,0.020826872097452816,,,,,,,,,
Dnah12,Piecewise Linear Fit,0.7720429991933946,0.09202103336472248,0.7093868457937856,1.0,0.30691964285714285,79.30241027240238,1.0016282842333226,,343.628979663829,-4.446157740012465e-05,0.018407799646050018,,,,,,
Gm47414,Constant Fit,,0,0,1.0,0.0,,,0.001812536280492714,,,,,,,,,
Prkcd,Piecewise Linear Fit,0.9986231936497582,0.4796453242584839,-0.6209307173717921,1.0,0.9966517857142857,1.6046528188509922e+45,1.0394832080698189,,1791.1169284352763,0.0006207179903862506,0.3393624012487372,,,,,,
Mustn1,Piecewise Linear Fit,0.9999999999999953,0.03653941289617058,0.2814107333432285,1.0,0.10453869047619048,12.575601007392105,1.000942318148219,,136.44733963987466,-0.0002977000651603409,0.09248295669975655,,,,,,
Itih3,Constant Fit,,0,0,1.0,0.0,,,0.5456089536027755,,,,,,,,,
Nt5dc2,Constant Fit,,0,0,1.0,0.0,,,0.18153122955008585,,,,,,,,,
Stab1,Michaelis-Menten Fit,0.9999957573295732,0.49994920491426914,0.28351129231952443,1.0,1.0,2.5018200503816894,1.000341210910197,,,,,-247.3961928805035,9188568.239194192,0.11377056666983333,,,
Tnnc1,Michaelis-Menten Fit,0.7189092017888946,0.49999682646224763,0.25699092387911404,1.0,1.0,3.0973699302929147,1.0004206812226253,,,,,-4233.079179604247,147084613.26874357,0.13141400592411173,,,
Sema3g,Constant Fit,,0,0,1.0,0.0,,,0.02709913319380885,,,,,,,,,
1700024G13Rik,Piecewise Linear Fit,0.5223058855992533,0.09344008099034688,0.5287806749350873,1.0,0.30691964285714285,814.2095186572274,1.0024964956394546,,348.9285224016657,-0.00011185575457512612,0.05642017340354497,,,,,,
Slc18a3,Piecewise Linear Fit,0.9090637081106309,0.13352318638958705,0.8221314955366701,1.0,0.4880952380952381,703639.6071857748,1.0050215022950446,,498.6084509834835,-6.151087424870823e-05,0.03398755843591324,,,,,,
Anxa8,Michaelis-Menten Fit,0.9534673875902684,0.49999875998685145,-0.6084708303627364,1.0,1.0,1.3137435032391884,1.0001015232699515,,,,,3324.073055474999,376431808.1296327,0.005304569087836332,,,
Sncg,Exponential Saturation Fit,0.9956697521121505,0.18871812242746916,0.24957089753716338,1.0,0.9616815476190477,89.48600853044864,1.0016733040249464,,,,,,,,-0.0994319652626277,0.0018842107130880123,0.24153957176308224
A530076I17Rik,Constant Fit,,0,0,1.0,0.0,,,0.012027881733007924,,,,,,,,,
Bmp4,Piecewise Linear Fit,0.999999999999997,0.029833063753362858,0.35663121479376053,1.0,0.10453869047619048,254.12525286474272,1.0020623272739315,,111.40416340409908,-0.0004935056653391702,0.10456973827283399,,,,,,
Lgals3,Constant Fit,,0,0,1.0,0.0,,,0.043749929623528014,,,,,,,,,
Otx2,Piecewise Linear Fit,0.8532792735312622,0.18499853927921664,-0.2767980338766521,1.0,0.5963541666666666,1.7218459844844332,1.0002021770429486,,690.8327318696068,4.5538827849057944e-05,0.041098063161473165,,,,,,
Rnase4,Piecewise Linear Fit,0.944166503507526,0.14382389702074963,0.15148132501412967,1.0,0.4880952380952381,455.59470549825863,1.0022799775003735,,537.074429561042,-0.00018907030704772194,0.38594517267049694,,,,,,
Trdc,Constant Fit,,0,0,1.0,0.0,,,0.008185076264385461,,,,,,,,,
Abhd4,Michaelis-Menten Fit,0.9999306348058061,0.4999970609168091,-0.17765288571408247,1.0,1.0,240487.6962643618,1.0046201730545141,,,,,20040.305947436776,158817823.10826802,0.545288792113841,,,
Cmtm5,Piecewise Linear Fit,0.5821155287611041,0.39872151626821334,-0.3657603769799934,1.0,0.9334077380952381,9.0417468633168e+58,1.0517999106694609,,1488.926996393487,0.0005514028967102902,0.7118183277820076,,,,,,
Myh7,Piecewise Linear Fit,0.9993185931698294,0.47929579544285184,0.6848385696825632,1.0,0.9951636904761905,2.994278814343661e+30,1.0264502535701328,,1789.8107927585963,-0.00028945022201927646,0.6372665136728305,,,,,,
Zfhx2os,Piecewise Linear Fit,0.9999695327714764,0.04243051099891522,0.6156882672044939,1.0,0.20498511904761904,430.23945810125014,1.0022586264506692,,158.446116177879,-0.00013689110218914407,0.02845925425975339,,,,,,
Cpne6,Piecewise Linear Fit,0.41809240987823365,0.3634802077209519,0.1873892206340319,1.0,0.8976934523809523,154195347351988.0,1.0122278924090373,,1357.3263146143431,-0.00028551914524467753,1.2278293345287006,,,,,,
Ripk3,Exponential Saturation Fit,0.9913416390659389,0.04958648033221503,0.7845937201160178,1.0,0.3835565476190476,2.3743404842987785,1.0003217480697886,,,,,,,,-0.007419991404637032,0.007486658034100927,0.008438544941374231
Cma1,Piecewise Linear Fit,0.9927744756933015,0.2626098725680055,0.9999999886390335,1.0,0.7622767857142857,3.0744205064003136,1.0004179133544011,,980.6405868170541,-8.975901463597022e-06,0.00880213327847421,,,,,,
Gzmb,Constant Fit,,0,0,1.0,0.0,,,0.003964762027831871,,,,,,,,,
Gjb2,Exponential Saturation Fit,0.8335462046342024,0.05235611347692441,0.6076904494087707,1.0,0.4099702380952381,8.511336229651995e+21,1.0189631568798916,,,,,,,,-0.19238972295716134,0.0070906049283832135,0.25449023423802786
Gjb6,Piecewise Linear Fit,0.9738315247952806,0.08582499302738975,0.08854407782379718,1.0,0.30691964285714285,93.885912230152,1.0016911904856143,,320.49209536829443,-0.00040322042760905773,0.7943581448727219,,,,,,
Zdhhc20,Piecewise Linear Fit,0.9999993442865633,0.49836060200989607,-0.278253084981718,1.0,0.9996279761904762,1840002805787.08,1.0105616300039328,,1861.0053397618026,0.00016447298841485247,0.3969695136282874,,,,,,
Rcbtb1,Piecewise Linear Fit,0.9913153940864373,0.44927012530695876,-0.4493292992224414,1.0,0.9821428571428571,1.447625367602655e+33,1.0288132613274155,,1677.6886192585387,0.00026422353404236795,0.2716314745666402,,,,,,
Cab39l,Constant Fit,,0,0,1.0,0.0,,,0.333639691584498,,,,,,,,,
Gm27010,Constant Fit,,0,0,1.0,0.0,,,0.004392285774931174,,,,,,,,,
Defb42,Michaelis-Menten Fit,0.8159661903911002,0.4999932385375853,-0.8552994276399069,1.0,1.0,16.799141824652136,1.0010501521412971,,,,,748.4616798984532,69034655.38655508,0.0017123257193973106,,,
Kif13b,Piecewise Linear Fit,0.9897191359308416,0.3697213585343714,-0.5535293482246042,1.0,0.9032738095238095,4.876574678715686e+25,1.0222487551384234,,1380.6335209572653,0.00019740957411409554,0.10991801918483088,,,,,,
Pnoc,Piecewise Linear Fit,0.9995038840947345,0.3696781035716,-0.1507011465976725,1.0,0.9032738095238095,6.067207289516373,1.0006709461202894,,1380.4738727212798,5.3588025842762645e-05,0.20845385687047818,,,,,,
Scara5,Michaelis-Menten Fit,0.9406528928445792,0.4999759022192048,0.7560344330406471,1.0,1.0,1.0965155195714305,1.000034277909837,,,,,-159.62977282215996,19369378.24704727,0.01786863863641811,,,
Pbk,Piecewise Linear Fit,0.9157817649981791,0.3158444962835783,-1.0186159116870328,1.0,0.8303571428571429,236.24052282560467,1.0020351225396085,,1179.4489595644031,1.9879279505844024e-05,-0.00021425144090269675,,,,,,
Scara3,Michaelis-Menten Fit,0.6281038357725997,0.09337990780704862,0.3342133400691292,1.0,1.0,2116695.7305868226,1.0054333707576333,,,,,-0.1577746671145483,214.39184800697222,0.28248947104630145,,,
Ptk2b,Michaelis-Menten Fit,0.0002518339879936577,0.4999989530223004,0.14721187569173455,1.0,1.0,5263845.366397791,1.0057741857230944,,,,,-90980.96184593964,445836208.447369,1.4846285852919254,,,
Dock5,Piecewise Linear Fit,0.9998945031573048,0.47927971834291266,-0.6736226135783406,1.0,0.9947916666666666,73357564.09323303,1.0067604188699864,,1789.7545450322318,5.646131483395081e-05,0.024480363781962732,,,,,,
Nefm,Piecewise Linear Fit,0.9973827490048376,0.417074129607995,-0.25654814104069934,1.0,0.9512648809523809,2.3188003856882517e+32,1.0281125216633011,,1557.4604228860378,0.00038123278989561486,0.86032243976403,,,,,,
Egr3,Piecewise Linear Fit,0.6309297534886891,0.5000002194235916,0.40114193944240717,1.0,0.9996279761904762,1.9768479567924508e+16,1.0140572865933348,,1867.126133923965,-0.00022786847533116922,0.7430396195383737,,,,,,
Pdlim2,Piecewise Linear Fit,0.9210375329057634,0.42513001115202403,-0.6465625728462747,1.0,0.9601934523809523,2.2903567485581734e+87,1.0777051642693873,,1587.542955466575,0.000642241800103764,0.2786737317576962,,,,,,
Lgi3,Piecewise Linear Fit,0.9461605968786315,0.4203256166556992,-0.29284981487431294,1.0,0.9568452380952381,4.144036423203847e+74,1.0660055313078771,,1569.6021754750361,0.0005445473524176894,1.0319578349971181,,,,,,
Gfra2,Piecewise Linear Fit,0.7565730236309526,0.12361662075007002,-0.10938878290926411,1.0,0.4099702380952381,28.519327075791875,1.001247273479309,,461.6158529442497,0.00022347409973452262,0.41994584259996276,,,,,,
Kctd4,Exponential Saturation Fit,0.9087490885255647,0.0017541808510723312,-0.1408771803458482,1.0,0.10453869047619048,7.498430286207742,1.0007497949824136,,,,,,,,0.08749096928397436,0.21163009978113737,0.2667766632853762
2900040C04Rik,Piecewise Linear Fit,0.4826933663983201,0.13334205108911915,-0.6136812203711038,1.0,0.47805059523809523,1102.3909066356175,1.0026095136949327,,497.9331448369344,0.0001727994090395923,0.027082345826838376,,,,,,
Fam216b,Constant Fit,,0,0,1.0,0.0,,,0.010799516778758591,,,,,,,,,
Dgkh,Piecewise Linear Fit,0.6172620790006935,0.38458135698203244,0.13941872862302387,1.0,0.9181547619047619,2499.9047878361494,1.0029149574845688,,1436.1224241450843,-0.00010404123972349548,0.6105612276319197,,,,,,
4930452G13Rik,Piecewise Linear Fit,0.8027114400549621,0.2579892581173198,-0.538393210158086,1.0,0.7466517857142857,11.066118883997733,1.0008947036127185,,963.4010795530944,2.3455464496526906e-05,0.00968709999239189,,,,,,
Pcdh8,Piecewise Linear Fit,0.6308914412724207,0.4833094667839005,0.37062715537124497,1.0,0.9985119047619048,12345718856488.379,1.0112775258568925,,1804.7985176120217,-0.00018902324456924598,0.6308063246524739,,,,,,
9630013A20Rik,Piecewise Linear Fit,0.9904083353772446,0.38500496735631573,-0.4930340165148166,1.0,0.9192708333333334,6136.44113407737,1.003250061788713,,1437.7079921268348,6.197969028213324e-05,0.04581334773745833,,,,,,
Pcdh20,Piecewise Linear Fit,0.7993502599933664,0.24740939022654812,0.0954048565794037,1.0,0.7287946428571429,1.2129799338695195,1.0000718329694702,,923.8873983832478,-5.50537084969958e-05,0.29199795225255787,,,,,,
Kctd12,Piecewise Linear Fit,0.9540828441476261,0.19579388633804418,0.05388047075918801,1.0,0.6357886904761905,1.5196656005309281,1.00015570047981,,731.1429640811122,-9.139189300931457e-05,0.6534915218575427,,,,,,
Slain1,Piecewise Linear Fit,0.9869653176487977,0.36995585942571335,-0.35861100758270514,1.0,0.9051339285714286,5.19150625408211e+39,1.034606100178778,,1381.5088488761173,0.00040417635088815703,0.49933551941385224,,,,,,
Ednrb,Piecewise Linear Fit,0.9981939131156645,0.37294558551476337,-0.0923591660584247,1.0,0.9051339285714286,27.67862039111717,1.0012361280678073,,1392.6745905235193,8.230793807760947e-05,0.5632424795301842,,,,,,
Pou4f1,Piecewise Linear Fit,0.8584890434381481,0.16485768300445816,0.810565432184749,1.0,0.5528273809523809,1011.0728529886748,1.0025772616029016,,615.6187071602781,-4.1893945258050246e-05,0.02880442557164575,,,,,,
Slitrk6,Michaelis-Menten Fit,0.9991116812041757,0.4999898117774731,-0.4434767446104156,1.0,1.0,3337.450431313803,1.0030227745947957,,,,,2362.686654757159,45814863.495657556,0.0604140791611474,,,
AC154683.1,Michaelis-Menten Fit,0.7085161887933997,0.014358536549368037,0.4372346020315655,1.0,0.4880952380952381,1830493439.257045,1.007966029843446,,,,,-0.12667048107147388,27.601842934555435,0.2051565346121436,,,
Tmem123,Piecewise Linear Fit,0.9315243969142111,0.2959513429583567,-0.24678685101671394,1.0,0.8165922619047619,15260.444940961941,1.0035901417731796,,1105.1581555789526,9.350197253036594e-05,0.15769251749506866,,,,,,
Trpc6,Piecewise Linear Fit,0.6025239841909796,0.30910517125729803,0.5010634934331591,1.0,0.8251488095238095,1481132.4930055393,1.0052998270814257,,1154.2750135213023,-6.898399637466376e-05,0.11927074991687839,,,,,,
Endod1,Piecewise Linear Fit,0.7641374852012637,0.311303316518988,-0.21142832447889448,1.0,0.8251488095238095,1.5038943246495016e+27,1.0235535571286878,,1162.485440151648,0.0003582952339691809,0.7767415963999004,,,,,,
Amotl1,Piecewise Linear Fit,0.9996387624273496,0.47927845927889123,-0.3927765705010739,1.0,0.9947916666666666,2.1830964492501615e+19,1.0167041483857022,,1789.7473263416264,0.000274146142736097,0.37926853383742204,,,,,,
1700012B09Rik,Piecewise Linear Fit,0.7950308366278953,0.11293261292684338,0.4433678202007816,1.0,0.4099702380952381,662.9926189147208,1.0024198740200239,,421.718466536719,-0.00010558797738299213,0.07248029349184118,,,,,,
Gpr83,Piecewise Linear Fit,0.6309503941664126,0.4627451426418886,0.3694936215345983,1.0,0.9910714285714286,731572.63727154,1.0050360580921451,,1728.0053366652971,-9.808829196137997e-05,0.3141125756454901,,,,,,
Icam1,Michaelis-Menten Fit,0.9751849067877483,0.026322078485509708,0.4317709408483597,1.0,0.7622767857142857,140.07349624213444,1.00184029515913,,,,,-0.040874254749375116,51.877698073121294,0.06593830832005326,,,
Icam5,Piecewise Linear Fit,0.6309275636959303,0.48217335720803245,0.3360521192664743,1.0,0.9985119047619048,9.966809455719815e+18,1.0164076268890037,,1800.5563628870589,-0.0003052993654428259,1.0927464097968147,,,,,,
S1pr5,Piecewise Linear Fit,0.9961362708651285,0.3968762293136786,-0.6684339969219311,1.0,0.9330357142857143,7.919218280443338e+37,1.032997361337902,,1482.0365170309728,0.00026576096757193477,0.09768582954524087,,,,,,
Gm39302,Constant Fit,,0,0,1.0,0.0,,,0.003679388368309341,,,,,,,,,
Dnm2,Piecewise Linear Fit,0.9417259234998071,0.38632053753184287,-0.2342792561723345,1.0,0.9229910714285714,197002257424.21594,1.0097219845535015,,1442.6191937098406,0.00016965763196972767,0.39997393194467423,,,,,,
Anln,Piecewise Linear Fit,0.3840554621634107,0.3915355419835153,-0.7591393069762737,1.0,0.9322916666666666,6.079069508693888e+48,1.0426744916124069,,1462.092937030685,0.0003238789371784028,0.07512286477798985,,,,,,
Jam3,Piecewise Linear Fit,0.7966251422948549,0.39008312361423747,-0.4234008382965793,1.0,0.9285714285714286,2.9317666670017336e+30,1.0264421969575555,,1456.6692794437715,0.0002970161332285825,0.2946003770991279,,,,,,
Adamts15,Piecewise Linear Fit,0.9937096978784227,0.32748839160523185,-0.3805368853234544,1.0,0.8526785714285714,3497.809327730017,1.0030402864859405,,1222.9264532555985,5.5989403458932864e-05,0.05573074854421392,,,,,,
Slc37a2,Constant Fit,,0,0,1.0,0.0,,,0.03263279570315716,,,,,,,,,
Hepacam,Piecewise Linear Fit,0.9999909429806635,0.4999998162529503,-0.2267626148561955,1.0,0.9996279761904762,3.842154794692784e+22,1.0195346716850653,,1867.1261339286502,0.0002721132213844921,0.8662329369516969,,,,,,
Robo3,Piecewise Linear Fit,0.8222007631676195,0.2300120358957699,0.5010482284798901,1.0,0.6986607142857143,34146684.768672474,1.006474057194037,,858.9219914031751,-8.806980453728979e-05,0.11330938288870467,,,,,,
Esam,Exponential Saturation Fit,0.9377864316778229,0.03307371920239435,0.13103423290917118,1.0,0.2760416666666667,7.501102393148942,1.0007499276309253,,,,,,,,-0.07753885654626863,0.011224545602326077,0.33464194472285125
Nrgn,Michaelis-Menten Fit,0.630906619392395,0.4999994268633717,0.21287418088652363,1.0,1.0,2.3719385736329115e+33,1.0290022707066122,,,,,-537391.7843896784,814432365.6436262,3.5097115596956865,,,
AW551984,Piecewise Linear Fit,0.9999994923798639,0.500000511487953,0.37982371482525984,1.0,0.9996279761904762,6532.4784252578775,1.0032734045919234,,1867.1261339287819,-9.7754105676276e-05,0.3315279870063998,,,,,,
Scn3b,Piecewise Linear Fit,0.6306792329268138,0.47964906838868776,0.3829971966991234,1.0,0.9973958333333334,4.0442620332869805e+29,1.0256860506409136,,1791.1300519889426,-0.0003145549396486081,1.0172304198954552,,,,,,
Bsx,Piecewise Linear Fit,0.9999998436648782,0.5000029829203828,0.838024755332873,1.0,0.9996279761904762,9.953467713696252,1.0008552468412297,,1867.1258051038233,-1.6281561393739322e-05,0.03333758565735269,,,,,,
Ubash3b,Piecewise Linear Fit,0.9971998216706665,0.39943292379104356,-0.34007197654406474,1.0,0.9356398809523809,285726434.6771661,1.0072698041194625,,1491.584674685645,0.00010862399814931249,0.15720611162807624,,,,,,
Oaf,Michaelis-Menten Fit,0.9507050463610947,0.15850768649821462,0.20624806833725634,1.0,1.0,39.85611043229413,1.0013719505802572,,,,,-0.10337586823521937,433.32431138662645,0.24535600453639875,,,
D630033O11Rik,Michaelis-Menten Fit,0.8937446485157733,0.05072372014420044,0.48763441540721314,1.0,1.0,21.21908045596689,1.001137141888854,,,,,-0.030868290264168534,105.4001591998899,0.04456924775676052,,,
Gm10687,Piecewise Linear Fit,0.9947296116319639,0.42524052264639467,-0.5576048775199095,1.0,0.9601934523809523,394.4436623984898,1.0022262379087248,,1587.9609465168853,2.8558091099233083e-05,0.017989651961288877,,,,,,
Mcam,Exponential Saturation Fit,0.9954553798699334,0.49060499442135874,-0.5969551949993215,1.0,1.0,1.378169597346053e+24,1.0208933981047021,,,,,,,,5.2774678790425344,4.0263879293091745e-05,0.12902506741046385
Ccdc153,Piecewise Linear Fit,0.8415941605767189,0.12777988474899937,0.20194653393343878,1.0,0.4133184523809524,1.260239310587368,1.0000860534166562,,477.1617849161869,-8.844620877418692e-05,0.12559247706390597,,,,,,
Phldb1,Piecewise Linear Fit,0.9331176673129836,0.3987221802649726,-0.4479867103295282,1.0,0.9356398809523809,2.5699472227186853e+50,1.0441278793216027,,1488.9295275132126,0.00046295604850473754,0.4246863595939231,,,,,,
Mpzl2,Michaelis-Menten Fit,0.8980505794699367,0.01617220775520036,0.9305914251321381,1.0,0.5074404761904762,8.654475241246302e+18,1.0163542427046852,,,,,-0.07727923698792341,31.204854441611076,0.07884349662060322,,,
Jaml,Constant Fit,,0,0,1.0,0.0,,,0.007517923323198198,,,,,,,,,
Scn4b,Piecewise Linear Fit,0.9951988156675531,0.43551988713975476,-0.6042638765595814,1.0,0.9665178571428571,1.3698667772777048e+23,1.0200169654045417,,1626.3420781658,0.00017084905168314972,0.09098578322101664,,,,,,
Fxyd6,Piecewise Linear Fit,0.9976710305541586,0.4553509212848178,0.25334063544851054,1.0,0.9854910714285714,5.210938947853973e+20,1.0179048555278074,,1700.3947049051756,-0.0003363297611088375,1.414651003382794,,,,,,
Tagln,Piecewise Linear Fit,0.9093198736399426,0.19465047639686497,0.3317349552621253,1.0,0.6197916666666666,6708.449650573995,1.003283325946723,,726.873453530574,-0.00013730301861233763,0.20032514273490637,,,,,,
Apoc3,Michaelis-Menten Fit,0.9989456747063785,0.00779388192378681,0.5400128815536354,1.0,0.30691964285714285,1287998.9760013313,1.005247574854127,,,,,-0.06399164009701101,14.782588070719404,0.09052917901109893,,,
Gm31614,Constant Fit,,0,0,1.0,0.0,,,0.004097010004100478,,,,,,,,,
2900052N01Rik,Piecewise Linear Fit,0.9999990037338183,0.5000004477149265,0.17638092411649986,1.0,0.9996279761904762,8592.10876105159,1.003375699569413,,1867.1261339273742,-0.0001116782029249668,0.6953579731226667,,,,,,
Htr3a,Michaelis-Menten Fit,0.977618491071348,0.49994997481230835,0.33883302022172557,1.0,1.0,1.635919266509544,1.0001831287038354,,,,,-219.67068785769123,9329996.577254038,0.08683365321494022,,,
Htr3b,Constant Fit,,0,0,1.0,0.0,,,0.0019076717313274306,,,,,,,,,
Drd2,Piecewise Linear Fit,0.9984854272819899,0.04651846852133997,-0.3276480625105463,1.0,0.20498511904761904,3.0668193112205318,1.000416992039618,,173.71177410481857,0.00022405239072741752,0.03993354804426188,,,,,,
Cryab,Piecewise Linear Fit,0.1692166129224963,0.37544838216319965,-0.3531438131909134,1.0,0.9095982142857143,1.415636369387368e+102,1.0914468359415608,,1402.0191305483377,0.0008873995628437579,1.1394605361468222,,,,,,
Rdx,Piecewise Linear Fit,0.9999979411906432,0.49999980761871604,-0.3003774988722953,1.0,0.9996279761904762,2.08638458268112e+23,1.0201766284695393,,1867.1261339286086,0.0002599005566468262,0.5651285441318561,,,,,,
AI593442,Piecewise Linear Fit,0.9451379847908888,0.05161330307786224,-0.10601939526923886,1.0,0.20498511904761904,6374.725230625681,1.0032642805833878,,192.73711156323427,0.0011017897138530118,0.8953170149024459,,,,,,
Atm,Constant Fit,,0,0,1.0,0.0,,,0.024161609125767782,,,,,,,,,
Crabp1,Michaelis-Menten Fit,0.658546733064344,0.07607047020560569,0.6966888283482467,1.0,1.0,121409221.9547536,1.0069491371726946,,,,,-0.11751457364757534,167.51977946266078,0.1313136594688218,,,
Chrna3,Piecewise Linear Fit,0.8865994283157621,0.2063711192653383,0.30740816562754764,1.0,0.6614583333333334,2.989909712707088,1.0004075395657883,,770.6393500754186,-3.119929644015489e-05,0.05112835019590679,,,,,,
Chrnb4,Michaelis-Menten Fit,0.9951431571338639,0.16407049204997778,0.8487735238717392,1.0,1.0,46.25846979307033,1.0014274481100625,,,,,-0.030853284197237735,455.95920244069623,0.02700671655659905,,,
Peak1,Piecewise Linear Fit,0.9999996286659998,0.4490190495730774,-0.31409296854488983,1.0,0.9821428571428571,42206230.13278733,1.0065534034051318,,1676.7519710685617,0.00010701144038148209,0.19591878567086327,,,,,,
Lingo1,Piecewise Linear Fit,0.9999999999999966,0.03473316662803352,-0.06530865041795847,1.0,0.10453869047619048,253.7187550024232,1.0020617304814223,,129.7024149687979,0.0014877235369342202,1.380822371754211,,,,,,
Cspg4,Constant Fit,,0,0,1.0,0.0,,,0.20190740806385626,,,,,,,,,
Snx33,Piecewise Linear Fit,0.9997604488281424,0.43441634758122555,-0.5813389720436388,1.0,0.9654017857142857,7780779439.161045,1.0085088092496926,,1622.2222640260882,7.979925649558643e-05,0.04661356333492147,,,,,,
Cplx3,Piecewise Linear Fit,0.7429490440009429,0.30241620140642156,-0.3697414026926257,1.0,0.8225446428571429,605964.1452367755,1.0049656273876373,,1129.299317969053,0.00012116543280059137,0.11662146749705518,,,,,,
Sema7a,Piecewise Linear Fit,0.9999293274148108,0.479750953738143,-0.3234022175134518,1.0,0.9973958333333334,1.0388727846793076e+16,1.0138146030740587,,1791.5120307632342,0.00018982705699786522,0.3557422311363602,,,,,,
Ccdc33,Piecewise Linear Fit,0.8679443652285306,0.09760766596619119,0.31999457557136657,1.0,0.3523065476190476,1.144137597813504,1.000050094693512,,364.4908710925999,-4.691604169464627e-05,0.03527017000628964,,,,,,
Islr,Exponential Saturation Fit,0.999999999999997,0.0015243288785208055,0.596093579188556,1.0,0.10453869047619048,1.2565013552867968e+31,1.0269980738630986,,,,,,,,-0.24660758627058754,0.24354158384520058,0.3301568736085624
Celf6,Piecewise Linear Fit,0.9999986389218168,0.50000043427006,0.42927631892035173,1.0,0.9996279761904762,170252780.84448454,1.0070758069934975,,1867.1261339287014,-0.00011513581327827482,0.3578766488270435,,,,,,
Thsd4,Piecewise Linear Fit,0.9959881709636044,0.161469625284858,-0.1863213564220691,1.0,0.5528273809523809,1.1309461029763803,1.0000457802672629,,602.9696191564515,4.621345224559408e-05,0.06084489236589312,,,,,,
Uaca,Michaelis-Menten Fit,0.9999999908276754,0.0005164465337838913,0.313531313887535,1.0,0.10453869047619048,719.2883145129235,1.002450267200167,,,,,-0.06479059017984004,0.9652678354824114,0.13564912120258002,,,
Calml4,Piecewise Linear Fit,0.974987273935172,0.06669899162339561,0.21295674724099614,1.0,0.2760416666666667,1.0320652498049756,1.0000117418440897,,249.07072117186698,-0.0001784665750630516,0.1265911897744947,,,,,,
Megf11,Piecewise Linear Fit,0.978703968870704,0.19254264058444975,0.1801274716509875,1.0,0.6197916666666666,29.648820334431857,1.0012617411367977,,719.0019019013647,-8.075412464536129e-05,0.19020140660265647,,,,,,
Cilp,Piecewise Linear Fit,0.9977845400114437,0.044989354844937025,0.8892523711818375,1.0,0.20498511904761904,175.51085941773115,1.0019243569849317,,168.001290293861,-5.4182650154697803e-05,0.009669584358872947,,,,,,
Pclaf,Piecewise Linear Fit,0.9999795578455187,0.47940678845322227,-1.0858427174429857,1.0,0.9951636904761905,6607.97349982982,1.0032776933747438,,1790.2354947952008,1.863307158891258e-05,-0.0013185638692406203,,,,,,
Car12,Piecewise Linear Fit,0.9998258813765455,0.04267081756097511,-0.28226355117637925,1.0,0.20498511904761904,1.4656176542721182,1.0001422261699646,,159.3436590185764,0.0002579621067451118,0.052260180472657965,,,,,,
Rora,Piecewise Linear Fit,0.9994775671358684,0.4796460539515185,-0.29482593009257685,1.0,0.9966517857142857,3.994896984800037e+20,1.0178042279336232,,1791.1199074743204,0.00033001620419991797,0.7069042408766119,,,,,,
Anxa2,Piecewise Linear Fit,0.5584328524596823,0.05826695018999493,0.3781153862584538,1.0,0.20498511904761904,5137453624968.983,1.0109477286817603,,217.58346624099815,-0.0008827936891519225,0.35003892924364505,,,,,,
Myo1e,Michaelis-Menten Fit,0.8121693375260517,0.4999939342815781,-0.3786014669650304,1.0,1.0,1461.8645646695934,1.0027147899932616,,,,,3784.9836590892305,76953106.1892736,0.07536312698571579,,,
Aldh1a2,Michaelis-Menten Fit,0.9946730391763473,0.00921715447762629,0.7617268213376664,1.0,0.30691964285714285,1.329956894706841e+33,1.0287808136488004,,,,,-0.20422953357608922,17.5327949475366,0.23397462479643694,,,
Cgnl1,Constant Fit,,0,0,1.0,0.0,,,0.09355993868525339,,,,,,,,,
Mns1,Piecewise Linear Fit,0.8824416517995504,0.13301243686266437,0.23405264769543857,1.0,0.46130952380952384,1.0283853910329281,1.000010412997213,,496.70066510786273,-3.737693231734894e-05,0.04894276819183941,,,,,,
Unc13c,Piecewise Linear Fit,0.9996319457798326,0.4797715328843924,-0.3423039983279086,1.0,0.9973958333333334,3161466030835.073,1.0107651420996129,,1791.5889581613446,0.000175056490709357,0.30130048389808745,,,,,,
Arpp19,Piecewise Linear Fit,0.6307840865267246,0.4820392621897294,0.10672090396033737,1.0,0.9977678571428571,83592452743.39117,1.0094000134883305,,1800.0553463592355,-0.00020890337377309212,1.9497994099131188,,,,,,
Mlip,Piecewise Linear Fit,0.9568079912850288,0.38281168363707774,0.48202144135108743,1.0,0.9107142857142857,6.814170487859235e+18,1.0162638516121156,,1429.5146175998752,-0.00018322789639291242,0.40265985273161387,,,,,,
Elovl5,Piecewise Linear Fit,0.9999778673692785,0.4606140565520164,-0.25547291476374223,1.0,0.9869791666666666,7788959635828.185,1.0111042533131707,,1720.0500481942638,0.0001786307346257302,0.44771630504153875,,,,,,
Ick,Piecewise Linear Fit,0.9996459210762692,0.39154509853245517,-0.355055963787259,1.0,0.9330357142857143,1888016797931.2422,1.0105713145498123,,1462.1291410709375,0.00015090482679516458,0.20039371096882097,,,,,,
Ddx43,Constant Fit,,0,0,1.0,0.0,,,0.0019066507333276778,,,,,,,,,
Myo6,Piecewise Linear Fit,0.9985446107569781,0.42626146539432497,-0.2129956572389433,1.0,0.9635416666666666,8563281484593611.0,1.0137417234784953,,1591.7685700646884,0.00021918670166285711,0.6445706272023028,,,,,,
9430037G07Rik,Constant Fit,,0,0,1.0,0.0,,,0.007249645992651842,,,,,,,,,
Ctsh,Piecewise Linear Fit,0.880800354418838,0.06940078229824845,0.1987997360318879,1.0,0.2760416666666667,510.0884549853775,1.002322105667848,,259.15995847884244,-0.0003691238732520042,0.2884302958918968,,,,,,
Adamts7,Constant Fit,,0,0,1.0,0.0,,,0.0015943038540116173,,,,,,,,,
Gm28703,Piecewise Linear Fit,0.9999761072624469,0.4717474158797905,-0.7576627489558527,1.0,0.9940476190476191,3.262358107575677,1.0004399964276969,,1761.6456045014138,8.100576005457544e-06,0.0022821736274000323,,,,,,
Zic1,Piecewise Linear Fit,0.9999278584741278,0.4811522429638557,-0.4390777853280398,1.0,0.9977678571428571,952709703583289.8,1.0129138978467151,,1796.7446055312137,0.00023922820238031966,0.27455534686445054,,,,,,
Zic4,Piecewise Linear Fit,0.7977499981577887,0.0640744778589022,0.3603845388529626,1.0,0.26525297619047616,1062.7082664873903,1.002595839524357,,239.27016919135582,-0.00025169107442367,0.11366373221047718,,,,,,
Plscr2,Piecewise Linear Fit,0.9999999999999972,0.034931782343617136,0.48995731240291124,1.0,0.10453869047619048,12251.433964826456,1.0035081474794543,,130.4440481779723,-0.00033226546294905435,0.06590146295692005,,,,,,
Pcolce2,Piecewise Linear Fit,0.8590539230529176,0.24333057814070866,-0.40886020218092983,1.0,0.7287946428571429,1579524.4417908418,1.0053238815695118,,908.6586430377171,0.00010328278213185047,0.06784440743122618,,,,,,
Pls1,Michaelis-Menten Fit,0.9999953292420887,0.4999992064432426,-0.7073542174900362,1.0,1.0,1.3350963609889841e+25,1.0217562170210324,,,,,91101.89452716307,588213513.8818164,0.05981911948288532,,,
Rbp1,Michaelis-Menten Fit,0.35599806944728496,0.09220899883979873,0.33202131789958306,1.0,1.0,61113057664423.22,1.0118794361856835,,,,,-0.34944747843860563,211.09567268246337,0.6297655240209773,,,
Rbp2,Piecewise Linear Fit,0.9868390549261429,0.050509688715219776,0.7894886715689289,1.0,0.20498511904761904,584.6378747165983,1.002372972003542,,188.61567546808638,-7.724920449756991e-05,0.01651295710758423,,,,,,
Nme9,Piecewise Linear Fit,0.7797325527748215,0.11963718206809014,0.4925936756515768,1.0,0.4099702380952381,52.41964917095313,1.0014740323077704,,446.75456908152813,-5.259805188069265e-05,0.035600937210433434,,,,,,
Ephb1,Piecewise Linear Fit,0.9417925128264467,0.36321749266287,-0.33299576416092036,1.0,0.8973214285714286,29311427895936.42,1.0116028830337507,,1356.346550918262,0.00016844489479652576,0.22881706325419762,,,,,,
Trf,Piecewise Linear Fit,0.4099106614781756,0.39715832640885373,-0.4615135195859873,1.0,0.9330357142857143,1.849947243644135e+138,1.125741497092655,,1483.0895041613992,0.0012050729184178218,1.0426560527500495,,,,,,
Bfsp2,Piecewise Linear Fit,0.9998336120820164,0.3125510939420819,-0.567801267131783,1.0,0.8251488095238095,36286257720.60663,1.009086684677988,,1167.145726610739,0.00010656557664558802,0.047336828706028684,,,,,,
Cpne4,Exponential Saturation Fit,0.460016477791526,0.0010642149428823054,-0.10600435997164113,1.0,0.10453869047619048,23.19325386065333,1.001170275553581,,,,,,,,0.12012019525501559,0.34883692546867384,0.5065212924047058
Col6a6,Exponential Saturation Fit,0.9822480093227368,0.02851670595513356,0.7868533768770976,1.0,0.20498511904761904,13.240673342884024,1.0009615086073014,,,,,,,,-0.009555419092883714,0.013018245351793856,0.010849627958769243
Col6a5,Constant Fit,,0,0,1.0,0.0,,,0.014809375989392956,,,,,,,,,
Gpr62,Piecewise Linear Fit,0.9577042503061024,0.39872127364822735,-0.5344170055073912,1.0,0.9334077380952381,1.8814294391236845e+33,1.0289135859572556,,1488.9263936932925,0.00025969822300300283,0.1684337239731504,,,,,,
Grm2,Piecewise Linear Fit,0.6309297533022932,0.5000003053613612,0.5670399536699462,1.0,0.9996279761904762,418008895971248.1,1.012603511596726,,1867.1261339248867,-0.0001637399482107788,0.42243969446536933,,,,,,
Hemk1,Constant Fit,,0,0,1.0,0.0,,,0.2004436509280095,,,,,,,,,
Gm38150,Constant Fit,,0,0,1.0,0.0,,,0.0035316341875007993,,,,,,,,,
Sema3b,Piecewise Linear Fit,0.9999999999999972,0.033680225629633125,0.27656782844154887,1.0,0.10453869047619048,8.230770348534127,1.0007844889541961,,125.77041861751898,-0.00031191598343440055,0.09053747450401231,,,,,,
Slc38a3,Piecewise Linear Fit,0.031194870960601424,0.03482217979432201,0.11922325029972511,1.0,0.10453869047619048,1492.3828899683976,1.0027224974145545,,130.0347929797524,-0.001194190664137365,0.7288849994466519,,,,,,
Camkv,Michaelis-Menten Fit,0.6308381989473671,0.49999970924554205,0.24086083230966313,1.0,1.0,2.299287152774996e+31,1.0272289711159548,,,,,-607335.9987484748,1605414094.2667127,1.819457866589847,,,
Cdhr4,Piecewise Linear Fit,0.4936126939702907,0.07412537200981026,0.5728589034735995,1.0,0.30171130952380953,9836.282683678297,1.0034261808153695,,276.80268204578834,-0.0001768847792363693,0.06721603022656752,,,,,,
Lamb2,Piecewise Linear Fit,0.9963858021259181,0.042692543950584146,0.2000907767944549,1.0,0.20498511904761904,6509.009781272266,1.0032720612670603,,159.42470942195777,-0.0008114815115105318,0.38796388141503657,,,,,,
Wdr6,Piecewise Linear Fit,0.6309311516246195,0.49832711486485975,0.17455131677253813,1.0,0.9996279761904762,3514425033.193574,1.0082106601684278,,1860.8782772066822,-0.00021107677153532322,1.3215307719768337,,,,,,
Gm7628,Constant Fit,,0,0,1.0,0.0,,,0.009542609215443042,,,,,,,,,
Spink8,Piecewise Linear Fit,0.4356660211970849,0.1331092205717867,-0.4831780349027693,1.0,0.46651785714285715,264246.1805009177,1.0046553848018425,,497.06357830840165,0.00029322607875687055,0.07795039469294854,,,,,,
Camp,Piecewise Linear Fit,0.9892111736614447,0.22616451488688763,0.7808319259405581,1.0,0.6971726190476191,4.494947564769618,1.0005592910185235,,844.5482985105059,-1.197252062966065e-05,0.011530428806612392,,,,,,
Ngp,Piecewise Linear Fit,0.9947526179715211,0.13744223917941678,0.663781923095415,1.0,0.4880952380952381,4.060120139479731,1.0005214203284225,,513.2410504405395,-1.7439989021190625e-05,0.011217822791638589,,,,,,
Tdgf1,Constant Fit,,0,0,1.0,0.0,,,0.011158658322252693,,,,,,,,,
Arpp21,Piecewise Linear Fit,0.6307180043078766,0.4833683914768191,0.39391077861585516,1.0,0.9985119047619048,3.857062358879362e+40,1.0353782886681535,,1805.0191327682996,-0.00047586317476338506,1.5197460506034353,,,,,,
Gm36251,Piecewise Linear Fit,0.7294926999363852,0.11084067659904515,-0.4942199102439685,1.0,0.40401785714285715,2.9528516548925507,1.0004028978700166,,413.907972079088,4.478940525699715e-05,0.009486162950588165,,,,,,
Rbms3,Michaelis-Menten Fit,0.997670879090188,0.4999937479791401,-0.28151303649491327,1.0,1.0,64957.34460531657,1.0041310861817436,,,,,7082.183355647922,74659971.52461469,0.22601253621495487,,,
Oxsr1,Piecewise Linear Fit,0.9711595936785001,0.36157539005300365,-0.36714317303684724,1.0,0.8950892857142857,6.208747216673194e+19,1.0170995654018944,,1350.2143826447282,0.00020385578157373823,0.23722790828234935,,,,,,
Cx3cr1,Constant Fit,,0,0,1.0,0.0,,,0.3007732634297483,,,,,,,,,
Mobp,Piecewise Linear Fit,0.3054373379438529,0.3829021869268924,-0.41998586519907116,1.0,0.9107142857142857,7.928875925314144e+170,1.1576534643257095,,1429.8534551899245,0.0015005212066868002,1.4815201893566132,,,,,,
Cck,Piecewise Linear Fit,0.9817785437709716,0.05487026689512378,-0.0335040760231889,1.0,0.20498511904761904,3.0118789170343705,1.0004102642354131,,204.89944306198248,0.0008373186464982357,2.4745938336298483,,,,,,
Hhatl,Piecewise Linear Fit,0.999998877878616,0.4999994245488349,-0.32124131889359514,1.0,0.9996279761904762,126259.44242130406,1.0043793883025238,,1867.1261339288246,8.688825011102622e-05,0.1713912750243945,,,,,,
9530059O14Rik,Constant Fit,,0,0,1.0,0.0,,,0.03024704477874512,,,,,,,,,
Clec3b,Michaelis-Menten Fit,0.7240995870950726,0.03878856718424568,0.7272422884749855,1.0,0.9363839285714286,920470640.8991423,1.007708275589405,,,,,-0.06854566224966131,78.51404162404575,0.07811514633640049,,,
Tmem158,Michaelis-Menten Fit,0.6309293343387202,0.49999998226007525,0.38350866233243136,1.0,1.0,4.168923569157826e+25,1.0221891313292422,,,,,-7765085.7269981075,26312525299.12184,0.9938802488684328,,,
Lars2,Piecewise Linear Fit,0.05029452830535945,0.034396296726842426,0.06634990989751335,1.0,0.10453869047619048,20747.090476194673,1.0037048226251537,,128.44444087545133,-0.001569712869018945,1.6201862227524428,,,,,,
Slc6a20a,Michaelis-Menten Fit,0.9124688800043574,0.021232091745939617,0.5750291157813222,1.0,0.6614583333333334,2.929534981470277e+22,1.0194318170322878,,,,,-0.25063303258852726,41.40105535587413,0.33580129837631606,,,
Ccr1,Constant Fit,,0,0,1.0,0.0,,,0.0054298346578420765,,,,,,,,,
Ccr5,Constant Fit,,0,0,1.0,0.0,,,0.04089793627872651,,,,,,,,,
Tcn2,Piecewise Linear Fit,0.9425380172517902,0.23029781466059543,-0.0851687040251609,1.0,0.7008928571428571,1.0596090590246436,1.0000215404209258,,859.9915891777051,5.920763673399826e-05,0.27346572976040256,,,,,,
Gal3st1,Piecewise Linear Fit,0.9926844139671597,0.33856017786071513,-0.532149947752496,1.0,0.8668154761904762,2.3880032734582887e+39,1.034307244450936,,1264.2694684077285,0.0003547083192248275,0.1971304381213598,,,,,,
Gm11961,Constant Fit,,0,0,1.0,0.0,,,0.0013815932805756044,,,,,,,,,
Cabp7,Piecewise Linear Fit,0.9990327411833501,0.45331583103980716,-0.38764225908120836,1.0,0.9840029761904762,13074779100639.828,1.0112991119578045,,1692.7965280734904,0.00019730536909076345,0.2638078798825693,,,,,,
Nefh,Piecewise Linear Fit,0.9780581980240699,0.4346928563215078,-0.45054184922058044,1.0,0.9661458333333334,2.2407475680631317e+41,1.0360562398784297,,1623.2532187185502,0.0003738677370349326,0.3700613673550979,,,,,,
Rasl10a,Piecewise Linear Fit,0.9329427289050976,0.23180607322318025,0.24858278843633225,1.0,0.7116815476190477,2237850719.2144094,1.0080413789961153,,865.6219672567947,-0.000223455561909668,0.4857756381753394,,,,,,
Aebp1,Piecewise Linear Fit,0.9626377065647586,0.04225017065385694,0.4943388469772004,1.0,0.20498511904761904,1.786630356541672e+20,1.017499581106472,,157.77278533792355,-0.001540205034843334,0.3672865137858109,,,,,,
Camk2b,Piecewise Linear Fit,0.9580481012889358,0.037070204435538656,-0.029001501258017676,1.0,0.20498511904761904,3.808488354691243,1.000497606039052,,138.4295126185189,0.0007849633258088666,1.8190562949804197,,,,,,
Myo1g,Constant Fit,,0,0,1.0,0.0,,,0.007329339712857092,,,,,,,,,
Ramp3,Michaelis-Menten Fit,0.9757412973200816,0.4997935744273467,-0.39992651125953566,1.0,1.0,9.518894692724824e+16,1.0146504175773616,,,,,642.6029164974002,2260324.7089551017,0.3979066242328848,,,
Adcy1,Piecewise Linear Fit,0.9994825326593403,0.042778288768787885,-0.04667824418599739,1.0,0.20498511904761904,5.073089879799617,1.000604330627861,,159.74494048137552,0.0008573938752231908,1.3986288605316712,,,,,,
Tns3,Piecewise Linear Fit,0.9999970202242934,0.49999961392766185,-0.2706843605034801,1.0,0.9996279761904762,52522644.939187616,1.0066352927631745,,1867.1261339287876,0.000129509320397144,0.32575946955561136,,,,,,
Fignl1,Piecewise Linear Fit,0.9999289192765156,0.4540157062047546,-0.5350683184525648,1.0,0.9854910714285714,1.1570824663468586,1.000054280387444,,1695.4300758117895,8.113840540577985e-06,0.005976628425862915,,,,,,
Ddc,Piecewise Linear Fit,0.9567535691403296,0.36280892508366747,-0.2398321398691704,1.0,0.8950892857142857,2027.9310175545875,1.0028368926316105,,1354.8217635001279,7.912710061088201e-05,0.16989458715270764,,,,,,
Ppp3r1,Piecewise Linear Fit,0.9748059618299315,0.03517319276724254,-0.05694363278359576,1.0,0.10453869047619048,179614.99321189363,1.004511100959405,,131.3455818268592,0.0018849872562242498,2.0501534721107233,,,,,,
Gm26829,Constant Fit,,0,0,1.0,0.0,,,0.003997696904080373,,,,,,,,,
Bcl11a,Michaelis-Menten Fit,0.06579195370993719,0.49999903047144933,0.14715249796409427,1.0,1.0,467.30536438223066,1.0022894407827263,,,,,-50321.13161728118,481451155.2336799,0.7606653961438874,,,
Efemp1,Michaelis-Menten Fit,0.9114966167477612,0.023994600367076332,0.5401426741814278,1.0,0.7116815476190477,1.1036204575234802e+17,1.014706248461423,,,,,-0.19967678809807216,47.059282738276885,0.27767686995410246,,,
Hba-a1,Exponential Saturation Fit,0.9954772743211198,0.034004656546507334,0.07788343827080763,1.0,0.2760416666666667,23264568.93457062,1.0063303850604508,,,,,,,,-0.47002819874009966,0.010917253877067493,3.252524679646623
Hbq1b,Piecewise Linear Fit,0.9934246630732433,0.05742389617776005,0.4449920312004067,1.0,0.20498511904761904,1.6845357860517598,1.000194025527347,,214.4349272365841,-5.5367515458162184e-05,0.0192767485267816,,,,,,
Hba-a2,Piecewise Linear Fit,0.9831267034681731,0.0504803069475732,0.07965882428400436,1.0,0.20498511904761904,7046209.213697275,1.0058833106411522,,188.5061925799398,-0.0023211630820299776,2.965199560230416,,,,,,
Kcnip1,Piecewise Linear Fit,0.6313485057942038,0.4473283752390431,0.22753446540390132,1.0,0.9773065476190477,1406.569117903788,1.0027004062010754,,1670.4349709001146,-8.233566278485235e-05,0.37100013546002875,,,,,,
Kcnmb1,Constant Fit,,0,0,1.0,0.0,,,0.025743211132046716,,,,,,,,,
Atp10b,Piecewise Linear Fit,0.9996586211176006,0.470510636183949,-0.7676045018850297,1.0,0.9918154761904762,11285.510881084303,1.003477488941426,,1757.011737362058,2.7769342207789654e-05,0.0073858495056016915,,,,,,
Adra1b,Piecewise Linear Fit,0.9987559385175832,0.4395580278484051,-0.449915925897065,1.0,0.9683779761904762,6.120063877791154e+17,1.0153530943869662,,1641.4214964973733,0.000175712863917028,0.17631586148134404,,,,,,
Nipal4,Piecewise Linear Fit,0.8558552286767589,0.3805272555172295,-0.8610030890727494,1.0,0.9107142857142857,5.175326076573521e+19,1.0170306801290332,,1420.9860596436674,0.00010991981137655517,0.012607710659706338,,,,,,
9930111J21Rik2,Constant Fit,,0,0,1.0,0.0,,,0.01551743966222833,,,,,,,,,
Ifi47,Constant Fit,,0,0,1.0,0.0,,,0.042834309532366346,,,,,,,,,
Olfr1393,Constant Fit,,0,0,1.0,0.0,,,0.0018397920484747106,,,,,,,,,
Rasgef1c,Piecewise Linear Fit,0.9998969680702355,0.46220277770936163,0.74282056377832,1.0,0.9906994047619048,3.1770646351106943e+25,1.0220858147664906,,1725.980885562722,-0.00019495819372429533,0.39474463498963264,,,,,,
Rnf130,Piecewise Linear Fit,0.7709725640975483,0.3672472051790118,-0.32812516811109793,1.0,0.9014136904761905,1.7751747470434978e+25,1.0218645165263123,,1371.3941535463455,0.0003083570259987047,0.4329472406239268,,,,,,
Ltc4s,Constant Fit,,0,0,1.0,0.0,,,0.17384661010514782,,,,,,,,,
Col23a1,Michaelis-Menten Fit,0.8830077563854769,0.04419828602051489,0.4483561048513786,1.0,0.9866071428571429,5768974.0961280875,1.0058084725984024,,,,,-0.11051492660816441,90.52595922324515,0.17024773990039926,,,
9430098F02Rik,Constant Fit,,0,0,1.0,0.0,,,0.0021532684676837496,,,,,,,,,
Sowaha,Piecewise Linear Fit,0.02846181080089733,0.3060814716694743,0.34543013460772454,1.0,0.8251488095238095,2.296791562260383e+36,1.0316376962648022,,1142.9851535933658,-0.00041391874115969985,0.9213541853984841,,,,,,
Gpx3,Piecewise Linear Fit,0.999998776214781,0.5000003126089869,0.37536647918975535,1.0,0.9996279761904762,512857.01866045763,1.0049032587455557,,1867.1261339269272,-0.00015994404446403074,0.5471100396663533,,,,,,
Slc36a2,Exponential Saturation Fit,0.8463134027273262,0.0016606134909842184,0.5498893220718425,1.0,0.10453869047619048,12.715251942506432,1.0009464305492557,,,,,,,,-0.01723770038672207,0.22355441183713998,0.024292640936183506
Fat2,Piecewise Linear Fit,0.9999999999999972,0.03660647853703304,0.970717454256835,1.0,0.10453869047619048,7706841.819097777,1.0059168476455114,,136.69772419830295,-0.00013494768574969353,0.018725277093640875,,,,,,
Sparc,Piecewise Linear Fit,0.9999973739732458,0.49999976021243403,-0.09280001968901537,1.0,0.9996279761904762,86084347.9235975,1.0068203401204219,,1867.1260318478548,0.00023534810584789528,2.1478765149610646,,,,,,
Gria1,Michaelis-Menten Fit,0.0003775000172341951,0.49999840075352225,0.10458950454347025,1.0,1.0,219097.5418816865,1.0045853588215277,,,,,-42711.123549354255,291874988.9488416,1.442772331629594,,,
Fam183b,Piecewise Linear Fit,0.2515457795733469,0.14859236820227006,0.3844396012810654,1.0,0.5074404761904762,1935275963107.791,1.0105806093553116,,554.8812097421923,-0.0003113751285510898,0.31109987589509014,,,,,,
Gjc2,Piecewise Linear Fit,0.544220869351709,0.40013614921903273,-0.7160974743555056,1.0,0.9371279761904762,5.88516639109275e+56,1.0498317474405943,,1494.2096708795707,0.000429115872949871,0.12710225056263239,,,,,,
Rasd1,Piecewise Linear Fit,0.9999099113676,0.47978401432908646,-0.6332915989474455,1.0,0.9973958333333334,1.6425387495049144e+25,1.0218349954829316,,1791.6353903647787,0.00021158344526273773,0.10975351901283949,,,,,,
Srebf1,Piecewise Linear Fit,0.9999997572495474,0.4999994869841382,-0.14678997457429754,1.0,0.9996279761904762,787.3406022020805,1.0024839806279633,,1867.1261339287837,9.746278051907457e-05,0.5288615748242964,,,,,,
Llgl1,Piecewise Linear Fit,0.9492322831807288,0.3805258167153969,-0.26191769560488787,1.0,0.9107142857142857,73386551225714.55,1.011948333343856,,1420.9801417193262,0.0001900540000670927,0.38051780221431514,,,,,,
Slc47a1,Michaelis-Menten Fit,0.991845802827774,0.006595347810773056,0.9773370619492325,1.0,0.20498511904761904,1.4651502446713829e+26,1.0226672096881853,,,,,-0.08263947476399128,12.478952291192462,0.08304259977816827,,,
Pmp22,Piecewise Linear Fit,0.9709555772157868,0.395066586729676,-0.36659142523228644,1.0,0.9330357142857143,2.1250053143880832e+18,1.0158234034967633,,1475.2789750074026,0.00021773485526777625,0.27750687720951217,,,,,,
Dnah9,Piecewise Linear Fit,0.9999999999999972,0.03459185878482904,-0.3865818165585228,1.0,0.10453869047619048,3.0429266351963515,1.0004140811548385,,129.1747758164133,0.00026524722417378135,0.027184026867890298,,,,,,
Shisa6,Michaelis-Menten Fit,0.6505304964564157,0.2302364753993066,-0.6461678771190789,1.0,1.0,2.814237076896216e+21,1.018543714059523,,,,,0.4452251469109771,796.7729164155452,0.08543926007308851,,,
Tmem107,Piecewise Linear Fit,0.9253982134295873,0.38360876489739165,0.21980464951713183,1.0,0.9148065476190477,3696.5877930828296,1.003060912202685,,1432.490103945381,-7.974490493767028e-05,0.31696987529118603,,,,,,
Kcnab3,Piecewise Linear Fit,0.9996568532599671,0.44211836065122395,-0.3414315508320813,1.0,0.9683779761904762,11534617461.009562,1.0086565306684108,,1650.9826091526115,0.0001476424972068792,0.23508296244725918,,,,,,
Dnah2,Piecewise Linear Fit,0.9012304117252297,0.12791736171363988,0.5667007850572242,1.0,0.43563988095238093,3144.3926296334207,1.003000540265742,,477.6749369608948,-6.27598533261611e-05,0.04143970217421756,,,,,,
Efnb3,Piecewise Linear Fit,0.9703668243355401,0.39903693457107353,-0.26799643009501506,1.0,0.9356398809523809,5.0727977798242395e+28,1.024894200314849,,1490.1049745960347,0.00037561088682158206,0.7643798508978182,,,,,,
Slc2a4,Constant Fit,,0,0,1.0,0.0,,,0.027799260583814576,,,,,,,,,
Asgr1,Michaelis-Menten Fit,0.7803228307864338,0.040262685641534623,0.798216046004243,1.0,0.9512648809523809,1133544313.8426344,1.0077863383120256,,,,,-0.06044472162066125,81.7592024575423,0.06522846678244709,,,
Camta2,Michaelis-Menten Fit,0.9997297048925455,0.4999935533031254,0.06953107066893367,1.0,1.0,39.99846034964394,1.0013732787523209,,,,,-6750.992876642036,72405376.81620723,1.338886564389728,,,
6330403K07Rik,Piecewise Linear Fit,0.6309211453147945,0.4847669146654425,0.15579722929561174,1.0,0.9988839285714286,3.8789896098172974e+18,1.0160508556452463,,1810.2414079425243,-0.0003336670960536107,2.2404837581354324,,,,,,
Gm12326,Piecewise Linear Fit,0.9999996206792356,0.498324258075573,-0.6595291996893893,1.0,0.9996279761904762,8523.46296135039,1.0033727053160308,,1860.874141848685,3.292988906874596e-05,0.01581696360437152,,,,,,
Wscd1,Piecewise Linear Fit,0.9962394192673212,0.4272075897253508,-0.2668412729828423,1.0,0.9646577380952381,5.212073400975065e+33,1.0293036923675,,1595.3013471464901,0.00036558570668575796,0.8012110839304835,,,,,,
Tekt1,Constant Fit,,0,0,1.0,0.0,,,0.06502054483059223,,,,,,,,,
Haspin,Constant Fit,,0,0,1.0,0.0,,,0.002733968216420104,,,,,,,,,
Trpv3,Constant Fit,,0,0,1.0,0.0,,,0.005629033265861097,,,,,,,,,
Aspa,Michaelis-Menten Fit,0.9998110471434918,0.49999872639109466,-0.6940479047535068,1.0,1.0,2.2387345156469647e+62,1.0548620917141955,,,,,158290.60400079598,366502112.5877627,0.17773955464939792,,,
Serpinf1,Piecewise Linear Fit,0.9991728820711177,0.04084730498253557,0.2881382155465002,1.0,0.20498511904761904,3983.598741686669,1.0030888159844769,,152.53411658227643,-0.0006179314420853292,0.210687559144652,,,,,,
Serpinf2,Constant Fit,,0,0,1.0,0.0,,,0.003792129011899773,,,,,,,,,
1700016K19Rik,Piecewise Linear Fit,0.9405646137961902,0.3140291663780759,0.37957366309506824,1.0,0.8251488095238095,1526.051511286342,1.0027308197438565,,1172.66179994219,-5.039861126755071e-05,0.10740145762847386,,,,,,
Rflnb,Constant Fit,,0,0,1.0,0.0,,,0.24343732418258388,,,,,,,,,
Fam57a,Michaelis-Menten Fit,0.8885524030610362,0.49995414469461,-0.524838371408598,1.0,1.0,2.5034458560154616e+20,1.0176272825769466,,,,,1726.5096387835106,10178510.889000561,0.14333905858363055,,,
Nxn,Constant Fit,,0,0,1.0,0.0,,,0.20315872823942305,,,,,,,,,
Abhd15,Constant Fit,,0,0,1.0,0.0,,,0.0055693637025595365,,,,,,,,,
Sez6,Exponential Saturation Fit,0.9040969513652198,0.0414670427841116,-0.1544079037861949,1.0,0.30691964285714285,2536689831.631139,1.0080883860630105,,,,,,,,0.3083587464034921,0.008952590167845744,0.844340535693134
Vtn,Piecewise Linear Fit,0.9996234631114005,0.040113843901029296,0.11756771374954951,1.0,0.20498511904761904,2281.8510858933114,1.0028809060952222,,149.79520188039032,-0.0014026393959594217,0.9986187439412795,,,,,,
Nos2,Constant Fit,,0,0,1.0,0.0,,,0.0044305430326261564,,,,,,,,,
Evi2,Constant Fit,,0,0,1.0,0.0,,,0.005607118606487932,,,,,,,,,
Evi2a,Piecewise Linear Fit,0.9685399468861167,0.3986730256910671,-0.5743207439136242,1.0,0.9334077380952381,1.3175133835379601e+62,1.054654057715292,,1488.7459509498838,0.0004952098217623706,0.2732170710853491,,,,,,
Myo1d,Piecewise Linear Fit,0.9809637135603959,0.40504849151452826,-0.7142279078173597,1.0,0.9382440476190477,3.5323690033863587e+28,1.0247562134936503,,1512.5540603451293,0.00018620288816899498,0.0563443432620025,,,,,,
Tmem98,Piecewise Linear Fit,0.9990415332556988,0.3987186376733845,-0.5714594832671199,1.0,0.9334077380952381,9.699176576196653e+23,1.0207599841302533,,1488.9167329894894,0.00019694122767228623,0.10994702955385305,,,,,,
Ccl12,Michaelis-Menten Fit,0.9467051644151571,0.03056021895592171,0.5645165287306149,1.0,0.8251488095238095,10896.512709765928,1.0034643942142374,,,,,-0.044952800968439156,60.7743373198548,0.06032805212478174,,,
Ccl8,Piecewise Linear Fit,0.9984904545228601,0.0446293136957594,0.808101992078125,1.0,0.20498511904761904,25.401304753242194,1.0012041472240925,,166.6568296020381,-5.821486960564261e-05,0.010853849477549618,,,,,,
Rffl,Piecewise Linear Fit,0.9828661616052489,0.362984640297739,-0.5623356936887581,1.0,0.8969494047619048,1.1790819332578558e+16,1.0138623529988102,,1355.4772153108356,0.0001356722450277989,0.07156467704226233,,,,,,
Mmp28,Constant Fit,,0,0,1.0,0.0,,,0.0033359616803473953,,,,,,,,,
Ccl5,Piecewise Linear Fit,0.9999999999999973,0.03462448436275242,0.2556044779535304,1.0,0.10453869047619048,1.3850949470734608,1.0001212010537532,,129.29651003440748,-0.00026268784702911184,0.08342211294943118,,,,,,
Ccl3,Piecewise Linear Fit,0.9939386271978506,0.16936690541366783,-0.837029993886878,1.0,0.5643601190476191,1.335878262653317,1.0001077397879614,,632.4627161681633,1.594892011453074e-05,0.0009819804802378073,,,,,,
Ccl4,Piecewise Linear Fit,0.9473271381425848,0.35198877318663874,-0.9526489978119662,1.0,0.8813244047619048,5.625047369144575,1.0006427769424826,,1314.4262534892239,1.1551277770420202e-05,0.00037733966483387965,,,,,,
Wfdc17,Constant Fit,,0,0,1.0,0.0,,,0.02586233188371217,,,,,,,,,
Wfdc18,Piecewise Linear Fit,0.7679018446911099,0.13269587869548188,-0.34171524178409657,1.0,0.45535714285714285,1334.8350840830847,1.0026808799430735,,495.5202286774885,0.00014458299270454422,0.0690077792631312,,,,,,
Lhx1os,Piecewise Linear Fit,0.9998831385105369,0.47175492907233024,-0.8923353818688659,1.0,0.9940476190476191,334363046741.7687,1.009920722572556,,1761.6548038646624,6.095463709837307e-05,0.0064780225326231565,,,,,,
Car4,Constant Fit,,0,0,1.0,0.0,,,0.43674066057478944,,,,,,,,,
Tbx4,Constant Fit,,0,0,1.0,0.0,,,0.0015099660879011022,,,,,,,,,
Brip1,Constant Fit,,0,0,1.0,0.0,,,0.0027455650655559723,,,,,,,,,
Ppm1e,Michaelis-Menten Fit,0.9937518093037968,0.011995121503098354,-0.16461825267762498,1.0,0.4099702380952381,49617214.37402678,1.006613981916203,,,,,0.26247144949261153,22.946906723910438,0.6578912927019027,,,
Sept4,Piecewise Linear Fit,0.21503018620047756,0.36540497023065244,-0.41744555521648835,1.0,0.9014136904761905,3.6331543456159056e+116,1.105002347973498,,1364.5144856279833,0.0009291408648509106,0.8846396384565255,,,,,,
Rnf43,Piecewise Linear Fit,0.9600322937930882,0.23151109602402611,-0.36647743198948846,1.0,0.7116815476190477,2.309969487009437,1.0003115196116237,,864.5247653244259,2.1998195820729117e-05,0.016438014537322788,,,,,,
Gm38534,Exponential Saturation Fit,0.9998719309037017,0.1144427651589359,0.9877515455472557,1.0,0.7287946428571429,4319.409518925341,1.0031190184769938,,,,,,,,-0.02536876640391895,0.00323269160150706,0.02546501196331687
Mmd,Michaelis-Menten Fit,0.5561907444362555,0.49999915503984743,0.12132812229010725,1.0,1.0,434547.9503452227,1.0048413174928204,,,,,-89312.84446707343,552429316.0700727,1.3949242865556475,,,
Hlf,Constant Fit,,0,0,1.0,0.0,,,1.0838713476059314,,,,,,,,,
Cacna1g,Piecewise Linear Fit,0.6540797865641765,0.14896443153359734,-0.2537334495122112,1.0,0.5074404761904762,503289784024.876,1.0100743784995025,,556.2708983635905,0.0004211648698532339,0.34452816838017963,,,,,,
Epn3,Michaelis-Menten Fit,0.9967343372447153,0.27815676976214093,-0.7699770445066672,1.0,1.0,66915775019814.84,1.011913583622062,,,,,0.2881725795379715,1170.542310851111,0.026457533041720098,,,
Xylt2,Piecewise Linear Fit,0.9960952735478645,0.41941291189597374,-0.25735502503182417,1.0,0.9564732142857143,244265274.4056852,1.0072110559198146,,1566.1948021763967,0.00013219501234387336,0.2987304179779915,,,,,,
Col1a1,Michaelis-Menten Fit,0.9694261263995506,0.016982819075504127,0.6456132438820948,1.0,0.5528273809523809,1.0112706116312047e+18,1.0155428184954878,,,,,-0.16451044080736746,32.82395175233931,0.20603940145933383,,,
Gm11513,Piecewise Linear Fit,0.9868644390020649,0.05991315352530812,0.8110310628209902,1.0,0.20498511904761904,83.54304632642803,1.0016476960004324,,223.73037841262013,-4.960620732951208e-05,0.01239137199960996,,,,,,
Nxph3,Piecewise Linear Fit,0.7348684559909092,0.1697136819077788,-0.21852526454000318,1.0,0.5773809523809523,195.4606860654209,1.0019644863302068,,633.7541552308974,0.0001396917047570746,0.15829774523462964,,,,,,
Arhgap23,Piecewise Linear Fit,0.9995556623970306,0.43460812228284545,-0.31102997376173724,1.0,0.9657738095238095,2.156018049722124e+28,1.0245680135115038,,1622.9369369470805,0.0002843849537875218,0.5111829365403394,,,,,,
Epop,Piecewise Linear Fit,0.9992936459766886,0.47057166890317687,0.5022891841439625,1.0,0.9921875,3.423438176323477e+25,1.0221142144165694,,1757.2327175279092,-0.00029080583532842865,0.7641913470177064,,,,,,
Gm11630,Constant Fit,,0,0,1.0,0.0,,,0.002253614325339726,,,,,,,,,
Plxdc1,Piecewise Linear Fit,0.958370008272469,0.37502646784478283,-0.34146560170345164,1.0,0.9084821428571429,280577575402981.3,1.0124533453188926,,1400.4442158937766,0.00018004314759005634,0.2431330061238611,,,,,,
Stac2,Piecewise Linear Fit,0.9966946787551872,0.2959622419146017,-0.09903675639164074,1.0,0.8165922619047619,2.6042280113234577,1.0003561408891495,,1105.1994941238186,6.069000260838595e-05,0.30509739765477795,,,,,,
Neurod2,Michaelis-Menten Fit,0.9849741584566482,0.4999991339035379,0.15792688509091354,1.0,1.0,37.36397164421365,1.0013478967771134,,,,,-46738.03649470089,538947749.2307802,0.5935960828655925,,,
Ppp1r1b,Piecewise Linear Fit,0.6309762068630388,0.4717598027819019,0.18502476497888215,1.0,0.9940476190476191,13580.51221961003,1.003546598426548,,1761.6688829821608,-0.00014317395766572086,0.8077107868821437,,,,,,
Tcap,Michaelis-Menten Fit,0.023424659817656065,0.4999990849866895,0.5005048693689391,1.0,1.0,214.23106967399818,1.0019986669979632,,,,,-21206.10681872967,510135411.5699409,0.11634471164045761,,,
Top2a,Piecewise Linear Fit,0.9713525085137766,0.328889126883344,-1.0133669857063359,1.0,0.8567708333333334,9996.88887370848,1.0034322268004656,,1228.1598128351623,2.5349453360481667e-05,-0.00020533374278600532,,,,,,
Igfbp4,Constant Fit,,0,0,1.0,0.0,,,0.6260778850629419,,,,,,,,,
Krt12,Piecewise Linear Fit,0.599380826590586,0.39278719118424776,0.314516763548743,1.0,0.9330357142857143,80918436.04609002,1.0067971603264398,,1466.7653823645092,-0.00013617727171401,0.4174049696822486,,,,,,
Krt15,Michaelis-Menten Fit,0.645100720673099,0.49999910033989853,-0.9867596458791918,1.0,1.0,38.500051442432316,1.0013590549625901,,,,,6582.969564785339,518841183.02220386,0.00015893428378217778,,,
Hap1,Piecewise Linear Fit,0.9999958487168509,0.4983279622481216,0.35238797015132545,1.0,0.9996279761904762,7.126034492198976e+17,1.015410580703183,,1860.881757223077,-0.00032881326081993494,1.174135804198014,,,,,,
Jup,Piecewise Linear Fit,0.9791474393880791,0.33539859844152276,-0.33756934243933423,1.0,0.8630952380952381,3.3051706949085323e+22,1.0194775728056291,,1252.4634735431719,0.00025216872479045036,0.30988725957401797,,,,,,
P3h4,Piecewise Linear Fit,0.8978496941015554,0.36602885757067677,-0.24391144512655719,1.0,0.9014136904761905,3097509.8249911643,1.0055757956378628,,1366.8452313188009,0.0001199160572175997,0.2540429642778795,,,,,,
Cnp,Piecewise Linear Fit,0.7732806595550213,0.39902412845843965,-0.36212507791110354,1.0,0.9356398809523809,1.566733498377416e+116,1.104656633199606,,1490.0568932473113,0.0010906468275767146,1.4313107145350428,,,,,,
Hcrt,Piecewise Linear Fit,0.010551261427959112,0.24150254331587162,-0.445094372364437,1.0,0.7116815476190477,160159957953.63763,1.0096442141129913,,901.8316788646633,0.00034847471738092245,0.19589970934008527,,,,,,
Cavin1,Piecewise Linear Fit,0.9960995837179302,0.0425112931770581,0.22857923422341417,1.0,0.20498511904761904,3441.3600593177307,1.003034215234736,,158.74787105651845,-0.0007248934134362052,0.3092562352920128,,,,,,
Ramp2,Michaelis-Menten Fit,0.8824948557581404,0.029181459210403667,0.11769995779651256,1.0,0.8106398809523809,37.03298969593379,1.001344582132449,,,,,-0.12194010340381616,57.86248873548617,0.5615791580546863,,,
Aoc3,Exponential Saturation Fit,0.7574481919254585,0.025020150138194065,0.5493807281569557,1.0,0.20498511904761904,508.2303453728176,1.0023207448631646,,,,,,,,-0.03074225016788593,0.014837539697002933,0.04335012811162164
Vat1,Piecewise Linear Fit,0.9360878235605367,0.14791265959396716,0.08264370900214552,1.0,0.5052083333333334,5.537702442540205,1.0006369511650546,,552.3428329096325,-0.00015708346005273432,0.5683095355118867,,,,,,
Etv4,Michaelis-Menten Fit,0.9946499441856586,0.0976333138369074,-0.29346313523822093,1.0,1.0,8.474790557172767,1.0007953667093783,,,,,0.05700992750805338,226.526845776431,0.06120272014592315,,,
Slc4a1,Piecewise Linear Fit,0.9180416276823022,0.13275643391167358,0.27442193284059196,1.0,0.4583333333333333,2.372439158131894,1.0003214499450916,,495.7450199531337,-4.985106275972884e-05,0.057384843775048044,,,,,,
Gjc1,Piecewise Linear Fit,0.8845113606277863,0.3740366139814966,-0.569313030253777,1.0,0.9066220238095238,167097780201.6529,1.0096601424647185,,1396.748562961166,9.380822023342776e-05,0.04956096366116536,,,,,,
Higd1b,Constant Fit,,0,0,1.0,0.0,,,0.1681097436662854,,,,,,,,,
Gfap,Piecewise Linear Fit,0.9999916095302638,0.4999998093655616,-0.27246469468916357,1.0,0.9996279761904762,4180791716.3189855,1.0082757851404187,,1867.1261338200957,0.00026232209868611906,0.653916623822763,,,,,,
C1ql1,Piecewise Linear Fit,0.9971755427203194,0.37520628395176814,-0.2044603248314443,1.0,0.9095982142857143,2809.784261087707,1.0029585580179328,,1401.1165199361174,8.73962710847715e-05,0.23822643860028897,,,,,,
Rprml,Michaelis-Menten Fit,0.5084922335731886,0.49999887440097807,0.13672825406726838,1.0,1.0,226.63288511772117,1.0020196451723014,,,,,-49229.886805458475,414695183.72512937,0.9213824568555603,,,
Wnt9b,Piecewise Linear Fit,0.9992192014340883,0.4346678790795411,-0.5129424556911513,1.0,0.9657738095238095,5769.220412750388,1.00322703059917,,1623.163332892924,4.249470004760605e-05,0.03274753563118826,,,,,,
Myl4,Piecewise Linear Fit,0.04942873668363687,0.19499601134287295,-0.3121153122838449,1.0,0.6197916666666666,499566748.7782684,1.0074791890025416,,728.1645726454885,0.0002647243205537651,0.2124192927800187,,,,,,
Mrc2,Piecewise Linear Fit,0.9842589896992795,0.04100202747079052,0.6335171898346061,1.0,0.20498511904761904,2.9074010112374284e+19,1.0168125251788116,,153.11189624688848,-0.0008590846419247143,0.16958217456314859,,,,,,
Ace,Piecewise Linear Fit,0.9933657058095874,0.38829232747833403,0.15423045252091033,1.0,0.9255952380952381,1.6408043857622312,1.0001842381753911,,1449.9777219295113,-3.833345683094737e-05,0.20798485611685313,,,,,,
Prr29,Piecewise Linear Fit,0.8220901691432531,0.11097384030024252,0.4783592361138429,1.0,0.40811011904761907,6.881894976016892,1.000717852043916,,414.4034208384445,-4.635521377659863e-05,0.029683679847601976,,,,,,
Pitpnc1,Piecewise Linear Fit,0.9997306002155546,0.48209401926231366,-0.28170361081407275,1.0,0.9977678571428571,4.2495574630312827e+18,1.0160853445578215,,1800.261405732604,0.0002496957861907325,0.5730968987658579,,,,,,
Cacng4,Michaelis-Menten Fit,0.7674184264891427,0.04279120923974766,-0.20423028775951388,1.0,0.9709821428571429,56797.158855541624,1.0040809389633876,,,,,0.21385703001686712,87.37428803514194,0.39801430461536835,,,
Cacng5,Michaelis-Menten Fit,0.9049696077955767,0.30757678807171496,-0.3295535674597037,1.0,1.0,7567.31328456148,1.00332829189392,,,,,0.22111095949227647,1492.2437225175072,0.12500695516070764,,,
Prkca,Piecewise Linear Fit,0.7145992936240225,0.22699164298757482,0.09168197499429556,1.0,0.6971726190476191,128.1660776287302,1.0018071841564171,,847.6434572988646,-0.00014120052303599414,0.7125768407148306,,,,,,
Rgs9,Piecewise Linear Fit,0.9999988165072028,0.5000007238911004,0.5222229600473176,1.0,0.9996279761904762,106995.6313441332,1.0043175316273214,,1867.126132063556,-6.902363218358289e-05,0.18782948892442153,,,,,,
Arsg,Piecewise Linear Fit,0.24736326861454777,0.38930553289235825,-0.6349059773950169,1.0,0.9259672619047619,6.363267375642702e+42,1.0373468396137815,,1453.765548646881,0.00030314940953813453,0.12671161037854564,,,,,,
Abca8a,Michaelis-Menten Fit,0.9875331647162576,0.49995898659548793,-0.25222769644485,1.0,1.0,1.1784620749812291,1.0000610919933173,,,,,223.19651735727862,11380260.997355027,0.0542730473736964,,,
Sox9,Exponential Saturation Fit,0.9984125914208537,0.09694290856903615,0.08761108369082428,1.0,0.6614583333333334,4.798918677832123,1.00058364890897,,,,,,,,-0.09112189041736601,0.0038250746057137655,0.5651497324654313
Gm11681,Constant Fit,,0,0,1.0,0.0,,,0.02902825203739002,,,,,,,,,
4932435O22Rik,Constant Fit,,0,0,1.0,0.0,,,0.0024781962692124178,,,,,,,,,
Ttyh2,Piecewise Linear Fit,0.9631134482070453,0.4203107401702711,-0.5833436415234426,1.0,0.9564732142857143,6.127470874262284e+55,1.0489485740092628,,1569.5466969167821,0.0004332999137427101,0.2428770020737933,,,,,,
Dnaic2,Constant Fit,,0,0,1.0,0.0,,,0.036182750558883904,,,,,,,,,
Btbd17,Piecewise Linear Fit,0.9980092112605723,0.4528954910898252,-0.17308959141072375,1.0,0.9825148809523809,2472.282921527508,1.0029108120132664,,1691.2278908960795,9.01414482654885e-05,0.3641532360880576,,,,,,
Rab37,Piecewise Linear Fit,0.9947392466370473,0.46172293689405136,-1.027651168163674,1.0,0.9906994047619048,1.5318430089781637e+51,1.0448215423541591,,1724.1906295504043,0.00024445089661931927,-0.005670412932872275,,,,,,
Slc9a3r1,Constant Fit,,0,0,1.0,0.0,,,0.5860428759777074,,,,,,,,,
Grin2c,Michaelis-Menten Fit,0.7744749155917229,0.4999935647942342,-0.13239335260335464,1.0,1.0,7.862413230574082,1.0007674422447188,,,,,4150.2940009245585,72534670.31634349,0.3500438041473535,,,
Myo15b,Constant Fit,,0,0,1.0,0.0,,,0.0021775105070199557,,,,,,,,,
Smim5,Piecewise Linear Fit,0.5712649409540916,0.08902426867525041,0.42874191199825035,1.0,0.30691964285714285,66.06011448861523,1.001560205868983,,332.438766532798,-0.00010700984501178593,0.0592738648781372,,,,,,
Sap30bpos,Constant Fit,,0,0,1.0,0.0,,,0.005467142473632532,,,,,,,,,
Itgb4,Piecewise Linear Fit,0.41506904840437325,0.35213006751277925,-0.7640924740330282,1.0,0.8824404761904762,1.9056488630358534e+37,1.0324500831154209,,1314.9430076205665,0.0002606788686588433,0.05291497988607364,,,,,,
Foxj1,Piecewise Linear Fit,0.9999973710843485,0.4999994018396283,-0.4719362288748488,1.0,0.9996279761904762,731455.7416738024,1.0050359983435404,,1867.1261339288228,8.35895268797273e-05,0.08731695535738619,,,,,,
Sphk1,Piecewise Linear Fit,0.9911524191732087,0.039500962126866074,0.8660950664023135,1.0,0.20498511904761904,6.2157225387688066e+35,1.0311361934688723,,147.50654017598342,-0.0008561610367489923,0.13605200308930812,,,,,,
Cygb,Piecewise Linear Fit,0.9942142113926421,0.3281374352291898,0.06424744774191045,1.0,0.8549107142857143,2.3947755039861267,1.000324937264006,,1225.346153973833,-6.778492445149651e-05,0.6879369714858687,,,,,,
Prcd,Piecewise Linear Fit,0.634109777122836,0.5000007721470674,0.38440434929963024,1.0,0.9996279761904762,5327.2076397584315,1.0031972814194097,,1867.126125122511,-6.455743315218641e-05,0.2170523920416468,,,,,,
Syngr2,Piecewise Linear Fit,0.8738896675130915,0.35977258515447463,-0.3759208889860955,1.0,0.8950892857142857,727606623781.6945,1.0102128953604208,,1343.4825319498984,0.0001429351726434515,0.15939853517799982,,,,,,
Cep295nl,Constant Fit,,0,0,1.0,0.0,,,0.002333832634870557,,,,,,,,,
Lgals3bp,Constant Fit,,0,0,1.0,0.0,,,0.344830588075759,,,,,,,,,
Gaa,Piecewise Linear Fit,0.63099140611868,0.5000003387882985,0.07208569240339889,1.0,0.9996279761904762,125536.86759422382,1.0043772437696024,,1867.1261338738407,-0.00014757846464825085,2.049024143406752,,,,,,
Nptx1,Piecewise Linear Fit,0.6311030458322912,0.49832834045480345,0.15599087680534654,1.0,0.9996279761904762,46350.78179362631,1.0040050201117223,,1860.882621898314,-0.00016710779044552874,1.1522345374671217,,,,,,
Baiap2,Piecewise Linear Fit,0.6304193013725082,0.47938275680006437,0.3126454559673588,1.0,0.9951636904761905,1.0749334822264269e+24,1.0207990239649678,,1790.135651934806,-0.0003617768422972725,1.3595401214096539,,,,,,
Rab40b,Michaelis-Menten Fit,0.994343564756957,0.49999919482727306,0.5487273571483657,1.0,1.0,9.233055727128097e+18,1.016378711690694,,,,,-115339.62032499143,579727531.1283734,0.5242219632191281,,,
Zfp750,Constant Fit,,0,0,1.0,0.0,,,0.004785101834717265,,,,,,,,,
Ucn3,Constant Fit,,0,0,1.0,0.0,,,0.005257997676702787,,,,,,,,,
Akr1c18,Piecewise Linear Fit,0.783183089870445,0.1749211253134162,-0.5903476025074772,1.0,0.5803571428571429,7.321292352281676,1.000740894439611,,653.2016643731299,3.1778519651712184e-05,0.007202091647533147,,,,,,
Adarb2,Piecewise Linear Fit,0.9999167161566278,0.39852032958034134,-0.33831619660497003,1.0,0.9330357142857143,1678531.012664499,1.0053466194994853,,1488.1769945476838,9.600978058018489e-05,0.13972296155192893,,,,,,
Gm26601,Constant Fit,,0,0,1.0,0.0,,,0.006300906775581504,,,,,,,,,
Nid1,Piecewise Linear Fit,0.999897296048976,0.038157285367643706,0.3710027991785006,1.0,0.20498511904761904,22101.400930096755,1.0037284349760185,,142.48890207580163,-0.0005211048288473705,0.13719468820641526,,,,,,
Gng4,Piecewise Linear Fit,0.6312690121528742,0.5000005220373009,0.20485612081664206,1.0,0.9996279761904762,2420.6945298565997,1.0029029441607888,,1867.1261339277305,-9.577863782777157e-05,0.5258944189524757,,,,,,
9330199G10Rik,Constant Fit,,0,0,1.0,0.0,,,0.0032655929584103098,,,,,,,,,
Elmo1,Michaelis-Menten Fit,0.8286849802995735,0.2529507758836818,-0.3052298921591573,1.0,1.0,2.1741391261403445e+39,1.0342711425311526,,,,,0.946220131886485,955.8641725962484,0.71226322323239,,,
Hist1h2bj,Constant Fit,,0,0,1.0,0.0,,,0.005293483207696521,,,,,,,,,
Hist1h4f,Constant Fit,,0,0,1.0,0.0,,,0.002075828369179041,,,,,,,,,
Hist1h1d,Constant Fit,,0,0,1.0,0.0,,,0.006512975076782375,,,,,,,,,
Hist1h1c,Piecewise Linear Fit,0.9999982254417756,0.4999995951681772,-0.22127297817008962,1.0,0.9996279761904762,830276.1122014333,1.0050833803255148,,1867.126133928799,0.00012350798749525107,0.40578460930995636,,,,,,
Hist1h3a,Piecewise Linear Fit,0.9905337932078654,0.1277767449934819,0.7881411879101818,1.0,0.4133184523809524,9.312425716217538,1.0008304598220996,,477.14772322280237,-1.658760778457387e-05,0.008978512638944244,,,,,,
Nrsn1,Michaelis-Menten Fit,0.5077819780002291,0.4999974235488437,0.03996869028610665,1.0,1.0,13.59362502871392,1.0009713050927194,,,,,-14988.506036769511,181171349.32181436,2.0095941683083116,,,
Sox4,Constant Fit,,0,0,1.0,0.0,,,0.29852889360513873,,,,,,,,,
Mboat1,Piecewise Linear Fit,0.9999719616785958,0.4797789987821158,-0.6546753306618993,1.0,0.9973958333333334,7913.528972896909,1.0033449901832774,,1791.621516836806,3.1417723257673804e-05,0.01484542416182037,,,,,,
Foxc1,Exponential Saturation Fit,0.999999999999997,0.0015759996060615504,0.43641866395168155,1.0,0.10453869047619048,70000521557.07637,1.0093333793103896,,,,,,,,-0.13582064077013237,0.23555682890100121,0.22351851493002722
Serpinb1a,Piecewise Linear Fit,0.8323753839066593,0.38154217770167104,-0.7522726718051643,1.0,0.9107142857142857,1.1772674350151189e+52,1.0456145196534137,,1424.7751569441014,0.0003436685033456516,0.08062221079106399,,,,,,
Serpinb6c,Piecewise Linear Fit,0.9999999999999972,0.03568976641348121,0.8736563780555044,1.0,0.10453869047619048,2358.617747878022,1.0028932514389304,,133.27443720293346,-8.656109498131092e-05,0.012370546763605416,,,,,,
Nrn1,Michaelis-Menten Fit,0.55992682549735,0.4999989509952372,0.09065845957223251,1.0,1.0,113.59451449870772,1.001762203842115,,,,,-53872.22889632129,444974686.6068038,1.359727606305073,,,
F13a1,Michaelis-Menten Fit,0.9999786382705712,0.0014639703847452448,0.6382046067768923,1.0,0.10453869047619048,51511996.35069439,1.0066280165204762,,,,,-0.05550285276183394,2.741444140859023,0.07113057579762487,,,
Dsp,Piecewise Linear Fit,0.999024291774757,0.4156181568600121,0.6775158586996683,1.0,0.9449404761904762,25.266201874882597,1.001202160859165,,1552.0169060684473,-2.5282399668425314e-05,0.04857713679895096,,,,,,
Bmp6,Piecewise Linear Fit,0.999999999999997,0.03638155908595441,0.5009051047757701,1.0,0.10453869047619048,2086801991670.084,1.0106089506789708,,135.8579054242724,-0.0009634864330505285,0.1961093497052816,,,,,,
Cd83,Constant Fit,,0,0,1.0,0.0,,,0.4270942833529816,,,,,,,,,
Gm34466,Michaelis-Menten Fit,0.6695303458506671,0.4999968012751368,0.550721631868708,1.0,1.0,26.21051998104078,1.001215828124696,,,,,-4211.306525716962,145926445.50954866,0.07586171629326824,,,
Id4,Piecewise Linear Fit,0.9797442552309547,0.05495104605872588,0.07043569665141527,1.0,0.20498511904761904,47.04662843754962,1.001433742304945,,205.20103803972887,-0.000676645504329829,1.0550633264727982,,,,,,
Card19,Michaelis-Menten Fit,0.9962410995925307,0.49999365181587696,-0.43797635923998063,1.0,1.0,20501860132326.367,1.01146836465753,,,,,10245.821613919483,73528996.69236937,0.1669262738513293,,,
Fgd3,Michaelis-Menten Fit,0.888351522191806,0.4999749891223162,-0.4526792671341547,1.0,1.0,248.8316956556676,1.0020544798592779,,,,,637.417200399693,18662207.38489896,0.0385489254103326,,,
Omd,Piecewise Linear Fit,0.9311798358603236,0.04283727717286674,0.8439380691086477,1.0,0.20498511904761904,9.401464011322522e+20,1.0181283440147597,,159.96516909323392,-0.0005272697464548561,0.09214335889781416,,,,,,
Ogn,Michaelis-Menten Fit,0.9911604983040372,0.008646348717693791,0.7240486993961376,1.0,0.30691964285714285,1.9960984035312553e+30,1.026295416015004,,,,,-0.19287465187737896,16.427906452765964,0.22762632340336,,,
Sema4d,Piecewise Linear Fit,0.9842478406904691,0.42524033487087565,-0.3964775224921161,1.0,0.9601934523809523,1.5099829680827417e+26,1.0226786769328522,,1587.9552225871103,0.0002953175492642128,0.35692123792287467,,,,,,
Diras2,Piecewise Linear Fit,0.9998546029995553,0.037973696982457165,-0.09393502107714953,1.0,0.20498511904761904,5099.78164897657,1.0031809984500835,,141.8033734547868,0.0015119081207215434,1.0339838941269925,,,,,,
Syk,Constant Fit,,0,0,1.0,0.0,,,0.026660612307507756,,,,,,,,,
Msx2,Piecewise Linear Fit,0.9999999999999968,0.033828545774153215,0.6095650482653,1.0,0.10453869047619048,6.4566754244985365,1.0006941077996918,,126.32417132211661,-8.286097046801712e-05,0.013819583421826665,,,,,,
Drd1,Piecewise Linear Fit,0.9921132384163361,0.06137319538494425,-0.23325974202118052,1.0,0.20498511904761904,1.5646287162068302,1.0001665497881906,,229.183145417308,0.00015141042713096443,0.05703178176100388,,,,,,
Cplx2,Piecewise Linear Fit,0.02290288286882051,0.24589365466458618,0.1743734876543169,1.0,0.7287946428571429,1.2342696486313034e+40,1.0349394912797274,,918.2288081973547,-0.0007096833081308839,2.194377255624571,,,,,,
5330429C05Rik,Constant Fit,,0,0,1.0,0.0,,,0.0054532221451933345,,,,,,,,,
Rgs14,Piecewise Linear Fit,0.5118519473241756,0.321618043491724,0.30652702013129335,1.0,0.8474702380952381,881059666065.3845,1.0102848172611159,,1201.002276847129,-0.0001901988770687397,0.48682336734421855,,,,,,
Catsper3,Constant Fit,,0,0,1.0,0.0,,,0.005619201737482853,,,,,,,,,
Pitx1,Piecewise Linear Fit,0.9999999999999972,0.03660448190433091,0.9683002427719556,1.0,0.10453869047619048,20881.448044205266,1.0037072329731105,,136.69026095518868,-0.0001258545210401967,0.01748468055799623,,,,,,
Cxcl14,Exponential Saturation Fit,0.9988252033693742,0.28684093238484965,0.18552633669682236,1.0,1.0,1721457475428738.5,1.013136860034575,,,,,,,,-0.4296962857865743,0.001046976494731553,1.1785099664229286
Slc25a48,Piecewise Linear Fit,0.999992930000583,0.4821291497080419,-1.485601578090009,1.0,0.9985119047619048,344.566904663771,1.002175834040951,,1800.4162815722038,7.3753681598057815e-06,-0.002170223128271661,,,,,,
Tgfbi,Constant Fit,,0,0,1.0,0.0,,,0.07200803875757174,,,,,,,,,
Ctla2a,Constant Fit,,0,0,1.0,0.0,,,0.3341308739244074,,,,,,,,,
Zfp738,Constant Fit,,0,0,1.0,0.0,,,0.15399228026014686,,,,,,,,,
Irx2,Piecewise Linear Fit,0.7652052636948953,0.1472876216418065,0.3539740782335643,1.0,0.49181547619047616,16.796030550082612,1.0010500831621185,,550.0081698846097,-5.698049009117759e-05,0.05993827158968722,,,,,,
Rhobtb3,Piecewise Linear Fit,0.9911072720958704,0.3299036565827776,-0.2503703804454936,1.0,0.8586309523809523,713003.4032190073,1.0050264451173698,,1231.9446005058971,0.00010972680241943968,0.20236606878007307,,,,,,
Arrdc3,Piecewise Linear Fit,0.9957666880670951,0.3987209927652116,-0.4179794831679461,1.0,0.9334077380952381,1.0548891150580527e+28,1.0242955834960386,,1488.925359155429,0.00025335663623853526,0.26263859416410024,,,,,,
5430425K12Rik,Constant Fit,,0,0,1.0,0.0,,,0.001739261968735272,,,,,,,,,
Mef2c,Piecewise Linear Fit,0.9938799072944974,0.45391521184974537,0.2698278047640751,1.0,0.9854910714285714,4.8503888021267493e+27,1.023999555364141,,1695.0335309304444,-0.00044802503195712814,1.7869348131404739,,,,,,
Gm17750,Constant Fit,,0,0,1.0,0.0,,,0.2258205728150108,,,,,,,,,
Edil3,Piecewise Linear Fit,0.9977298347967318,0.3635612418790839,-0.15547021232480757,1.0,0.8976934523809523,1.163978880241027e+23,1.0199551631712005,,1357.6298240121312,0.0003142515535975882,1.1587682530207988,,,,,,
Hapln1,Piecewise Linear Fit,0.9786070967103989,0.182284525119785,0.28687666593896927,1.0,0.5803571428571429,5630.050768509067,1.0032179170614752,,680.6957686842989,-0.00010759622826462907,0.16427134161034543,,,,,,
Vcan,Piecewise Linear Fit,0.9999998427125418,0.4983326832843975,-0.2710867608249112,1.0,0.9996279761904762,34.09168472698655,1.001313754148809,,1860.9044355946255,4.151114679907152e-05,0.10385474332968123,,,,,,
Atp6ap1l,Piecewise Linear Fit,0.9999998454281214,0.5000003887129681,0.7401067493544915,1.0,0.9996279761904762,41001545260680.7,1.0117292028942166,,1867.126105105789,-0.00012612527621101268,0.2768390258878246,,,,,,
A830009L08Rik,Michaelis-Menten Fit,0.9998331485832173,0.49999430888650426,0.7903663722667177,1.0,1.0,14622829.049274076,1.0061565581424465,,,,,-5881.236848199129,82018434.93688889,0.1516367351638212,,,
Ckmt2,Constant Fit,,0,0,1.0,0.0,,,0.0026142449853927175,,,,,,,,,
Rasgrf2,Piecewise Linear Fit,0.014934220621219949,0.29846806745222015,0.4095402753175275,1.0,0.8165922619047619,1.0920410431898447e+56,1.0491740954504722,,1114.5548548317981,-0.0005492182864833408,1.053409699310751,,,,,,
Serinc5,Piecewise Linear Fit,0.993023931780752,0.3519874208957326,-0.30930124287803473,1.0,0.8779761904761905,5.965222736630211e+19,1.0170844252823514,,1314.410320459659,0.00026515041451258313,0.38913499114685235,,,,,,
Thbs4,Piecewise Linear Fit,0.9999999064251732,0.49999885091405,-0.39799958622334664,1.0,0.9996279761904762,40.21093185589802,1.0013752524182524,,1867.1261338091724,4.3513960404621365e-05,0.061444985083464916,,,,,,
Homer1,Michaelis-Menten Fit,0.004973911053998395,0.4999992220768692,0.17674213394838742,1.0,1.0,36851.024246649955,1.0039193566101088,,,,,-78351.85986042397,600034636.3653058,0.8116270445573416,,,
Bhmt2,Constant Fit,,0,0,1.0,0.0,,,0.0020602462835579045,,,,,,,,,
Lhfpl2,Piecewise Linear Fit,0.9172767571775613,0.20524766561348845,0.11719501304539552,1.0,0.6443452380952381,1.820771989811643,1.0002229640571738,,766.445244405487,-5.822362147697476e-05,0.2127013320245832,,,,,,
Otp,Michaelis-Menten Fit,0.9494502210128719,0.06359553833884325,0.5367630603645643,1.0,1.0,1313954.6945251005,1.005255036304928,,,,,-0.10628189208820456,136.04454333718917,0.14181079030585592,,,
Crhbp,Piecewise Linear Fit,0.7804176274361071,0.07482719882264374,-0.4489433807311056,1.0,0.30691964285714285,11065.666051694807,1.0034701448742331,,279.42370682063074,0.00039963493048769455,0.06853325286564765,,,,,,
Iqgap2,Exponential Saturation Fit,0.9951801427125195,0.03104580151391006,-0.2212156238514543,1.0,0.2760416666666667,4.533772792707762,1.0005624923802185,,,,,,,,0.05885663991842817,0.011957735024965364,0.1036017049150806
Sv2c,Constant Fit,,0,0,1.0,0.0,,,0.20582511829837596,,,,,,,,,
Hexb,Constant Fit,,0,0,1.0,0.0,,,1.117610317643733,,,,,,,,,
Enc1,Michaelis-Menten Fit,0.9825599503219755,0.49999934303421983,0.2376368888876401,1.0,1.0,3.17640108040381e+28,1.0247157196751544,,,,,-277253.7395079956,710510277.9249139,1.897269198215284,,,
Foxd1,Piecewise Linear Fit,0.999999999999997,0.03505392609041763,0.6970285983300613,1.0,0.10453869047619048,1.3810580784665922e+16,1.0139219922697533,,130.90018284000158,-0.0006492916865609427,0.10346385682277479,,,,,,
Cartpt,Piecewise Linear Fit,0.9999892637639782,0.47987298785933086,0.3770299360335989,1.0,0.9977678571428571,795297.856179224,1.0050672865550834,,1791.9656703355581,-0.00015958924609021347,0.5222408746840763,,,,,,
Erbin,Piecewise Linear Fit,0.9953487343699104,0.42511010696418833,-0.3552621563684524,1.0,0.9598214285714286,2.7653045876968206e+34,1.0299429007752405,,1587.468838236278,0.0003472031823463967,0.5001417681687615,,,,,,
Rgs7bp,Michaelis-Menten Fit,0.9653823571348005,0.06560605230891603,-0.15451191093511799,1.0,1.0,15477683808764.225,1.0113625888147815,,,,,0.4556141815056938,140.99502941835334,1.1590348978756204,,,
Elovl7,Piecewise Linear Fit,0.9842241645707248,0.4206324669318587,-0.6222912300972484,1.0,0.9568452380952381,3.9143290848264286e+21,1.0186687482547074,,1570.7487316431598,0.00015897158764481168,0.07578087603149823,,,,,,
Rab3c,Exponential Saturation Fit,0.8574898775980971,0.05157986305409087,-0.11576511408899429,1.0,0.4099702380952381,48545177.52975289,1.00660580209574,,,,,,,,0.2872573160681259,0.007197318216837923,1.097060075905709
Gpx8,Piecewise Linear Fit,0.9981873129651191,0.047186136282201134,0.3044372355470765,1.0,0.20498511904761904,863432.9411963052,1.0050980221654682,,176.20491149088028,-0.0007067313464285874,0.26678891825267365,,,,,,
Gzma,Constant Fit,,0,0,1.0,0.0,,,0.023701237735428142,,,,,,,,,
Isl1,Constant Fit,,0,0,1.0,0.0,,,0.045640521237512596,,,,,,,,,
Emb,Constant Fit,,0,0,1.0,0.0,,,0.34253284194493766,,,,,,,,,
Hcn1,Piecewise Linear Fit,0.8627360453773391,0.10662082394961903,-0.10291838851301051,1.0,0.3835565476190476,24.686640104479448,1.001193517557882,,398.14921150564305,0.00025219913172032105,0.4376212762992879,,,,,,
Pomc,Michaelis-Menten Fit,0.9096561549350274,0.11919823507991524,0.389262139675781,1.0,1.0,25388069.02309998,1.006363086755706,,,,,-0.1788433548018644,292.22309354945344,0.2759533173016694,,,
Gm48678,Piecewise Linear Fit,0.8724039147128931,0.22438342642580864,-0.7287205337126199,1.0,0.6848958333333334,121.82915168418475,1.001788285943866,,837.9070940898586,3.0193775681865924e-05,0.004709114025850254,,,,,,
Gm48071,Constant Fit,,0,0,1.0,0.0,,,0.0037238946975549424,,,,,,,,,
Rhob,Michaelis-Menten Fit,0.033949343742236224,0.07734113344379123,-0.16424805763258776,1.0,1.0,3.3694786226354337e+38,1.0335539965485374,,,,,0.622906622956385,170.83002742590205,1.4519408532191584,,,
Osr1,Piecewise Linear Fit,0.9999999999999072,0.03487028840908758,0.7055698970207396,1.0,0.10453869047619048,2515100880293.933,1.0106791393693169,,130.21442829087223,-0.0005150558064707617,0.08106117205537101,,,,,,
2410004P03Rik,Piecewise Linear Fit,0.6470446602972889,0.11032920255280379,0.38048724177580084,1.0,0.3835565476190476,606.5994740398684,1.0023867234357173,,411.99674098351574,-0.00012340405523402262,0.09223282580427687,,,,,,
Kcnf1,Michaelis-Menten Fit,0.19717159724003144,0.499999800597645,0.1554128877917691,1.0,1.0,169.2434802201856,1.0019108033180335,,,,,-210067.52568063152,2340902186.7504044,0.6228294584207695,,,
Hpcal1,Piecewise Linear Fit,0.6309297533093977,0.5000001720121225,0.3606287021029644,1.0,0.9996279761904762,7.21021151787481e+16,1.0145455680656321,,1867.1261339083171,-0.0002906679620121337,1.023811885235341,,,,,,
Rrm2,Piecewise Linear Fit,0.9688583905545123,0.3162211591210229,-0.6027562176944745,1.0,0.8363095238095238,237.35990589018076,1.0020368847246544,,1180.8540081261588,2.6670594128286584e-05,0.010378015379740093,,,,,,
Rsad2,Constant Fit,,0,0,1.0,0.0,,,0.0864809487720802,,,,,,,,,
Sox11,Constant Fit,,0,0,1.0,0.0,,,0.2358028916613089,,,,,,,,,
Gpr22,Piecewise Linear Fit,0.6392351755468106,0.38450961970679437,0.15284792528618452,1.0,0.9166666666666666,739.8822407876813,1.0024607947615418,,1435.8543891315685,-9.38301303501951e-05,0.5080836249445884,,,,,,
Sypl,Piecewise Linear Fit,0.6601962622553657,0.3149423296058247,-0.1820840881832654,1.0,0.8284970238095238,249822555538.1455,1.0098112165536768,,1176.0746401692782,0.00022123527761962154,0.5843807893231424,,,,,,
Cdhr3,Piecewise Linear Fit,0.7573422453932127,0.1642770943383511,0.4686290147969205,1.0,0.5528273809523809,87667.84007407751,1.0042430949994134,,613.4513826660436,-8.410089010820622e-05,0.08084137208449596,,,,,,
Sostdc1,Piecewise Linear Fit,0.8989087367192166,0.09756754256118802,-0.3168184152429635,1.0,0.34561011904761907,3.7253466342232526,1.0004893905099759,,364.34210613206835,0.00012604644027583211,0.04951487507095695,,,,,,
Dgkb,Piecewise Linear Fit,0.8683393843873046,0.3346047395157351,0.22887683188026453,1.0,0.8630952380952381,4.446941050503682e+16,1.0143631769322685,,1249.4980244572944,-0.0002587407034094376,0.8679143236041411,,,,,,
Etv1,Piecewise Linear Fit,0.6659271470349143,0.14804521994450295,-0.1896653978133541,1.0,0.5074404761904762,1751760593817.5693,1.0105431536772909,,552.8383048194686,0.0005191154518972146,0.6130676004133366,,,,,,
Stxbp6,Piecewise Linear Fit,0.6309297533417706,0.5000002331270248,0.360320847266746,1.0,0.9996279761904762,960010687887089.8,1.0129167746218355,,1867.126133928824,-0.0002144754242117868,0.7559153445314957,,,,,,
Gm48508,Piecewise Linear Fit,0.9809842187112193,0.3259952842596734,-1.0534747794408938,1.0,0.8515625,16252.133758214546,1.0036136487675995,,1217.3532329556413,2.6444566204591062e-05,-0.0008170487138855588,,,,,,
Foxg1,Michaelis-Menten Fit,0.9197295214226604,0.49999893634319537,0.14691154070164542,1.0,1.0,126.0864438968769,1.0018010871757017,,,,,-44962.976941692425,438845076.4703722,0.7467232111347089,,,
Coch,Piecewise Linear Fit,0.9091952980829014,0.3157965646326024,0.12262560901451544,1.0,0.8303571428571429,5.235906171973865,1.0006160899763854,,1179.2620401710012,-5.903729328591877e-05,0.3186841976386646,,,,,,
Npas3,Piecewise Linear Fit,0.999976779264247,0.47064968435243204,-0.12742818596071206,1.0,0.9929315476190477,1.3287062396998306,1.0001057368831645,,1757.5297267810256,3.46267879551145e-05,0.20836298508844164,,,,,,
Nkx2-9,Piecewise Linear Fit,0.990525699726515,0.4250792709393908,-1.2298498952126762,1.0,0.9590773809523809,246600147.06572226,1.0072146206447141,,1587.3584596595724,3.0361750319630167e-05,-0.004503643716719058,,,,,,
Prps1l3,Constant Fit,,0,0,1.0,0.0,,,0.005598274867696854,,,,,,,,,
Sstr1,Exponential Saturation Fit,0.8547396913897022,0.0015287804981690054,0.4750878211866343,1.0,0.10453869047619048,4.6469847186946724,1.0005716732244632,,,,,,,,-0.015783408680251507,0.2428324229650404,0.024502747529277873
Pole2,Constant Fit,,0,0,1.0,0.0,,,0.003206860243021337,,,,,,,,,
Abhd12b,Piecewise Linear Fit,0.9805409585077698,0.27778808476684974,-0.8532204561471997,1.0,0.7723214285714286,19391246436.62445,1.008851477265931,,1037.3317739980635,0.00010494269357428122,0.009363628274403131,,,,,,
Six6,Piecewise Linear Fit,0.5979812580276108,0.07005814785807446,0.8940113162450898,1.0,0.2760416666666667,1.0295742812388045e+17,1.014680031515163,,261.6146951788625,-0.00025562780866966045,0.0708402018022041,,,,,,
Prkch,Piecewise Linear Fit,0.9999664196365551,0.4797858064562471,-0.3537320697818717,1.0,0.9977678571428571,2290.373362957494,1.0028822969410942,,1791.6442244867285,5.994834937263354e-05,0.09811539980517166,,,,,,
Ppp1r36,Piecewise Linear Fit,0.5955093507281632,0.14804671248523454,0.3578276726336625,1.0,0.5074404761904762,32.69569496238552,1.00129817948706,,552.842753129652,-5.4268618741775626e-05,0.056923438311626176,,,,,,
Plekhg3,Michaelis-Menten Fit,0.9957789101201788,0.49999841290261715,-0.6258361502790699,1.0,1.0,5.370260070696586e+23,1.0205355157996112,,,,,54684.982018469505,294109274.5894588,0.10377707793289238,,,
AI463170,Constant Fit,,0,0,1.0,0.0,,,0.004483269586006225,,,,,,,,,
Plekhh1,Piecewise Linear Fit,0.47311678488935077,0.39872142777376146,-0.7145849315828083,1.0,0.9334077380952381,6.863644095442453e+69,1.0616487705337785,,1488.9267145309389,0.0004672999831911771,0.13895114683319612,,,,,,
Zfp36l1,Piecewise Linear Fit,0.991732276295577,0.044828273187183486,0.2020694609335292,1.0,0.20498511904761904,275995.8905637169,1.004671645103599,,167.40006347932706,-0.0009657289788630183,0.4808501625496886,,,,,,
Gm26669,Piecewise Linear Fit,0.9960047668903117,0.046685509609645175,0.5150180109251021,1.0,0.20498511904761904,41.02590728833507,1.0013827273163527,,174.33533275206014,-0.00012689661959650316,0.03253874889334876,,,,,,
Plekhd1,Piecewise Linear Fit,0.9980749088367907,0.4705813053702936,-0.9843326898601533,1.0,0.9929315476190477,2.0457677031171078e+23,1.0201691670967807,,1757.2710731628583,9.948464853011423e-05,0.001391288998324265,,,,,,
Syndig1l,Piecewise Linear Fit,0.8605547512759519,0.3147087250610151,0.2118431549239544,1.0,0.8277529761904762,82.76290954288575,1.0016441999224763,,1175.1999027582879,-6.292862337129407e-05,0.21152512518089858,,,,,,
Npc2,Piecewise Linear Fit,0.9556046738595915,0.3863181556427524,-0.14446226535927242,1.0,0.9226190476190477,2579515531849.0522,1.0106886478776547,,1442.6100976328846,0.00022234722980547602,0.9498071697729651,,,,,,
Zdhhc22,Piecewise Linear Fit,0.9980871201596253,0.04776547414747997,-0.11651317348457753,1.0,0.20498511904761904,26.7841127503517,1.001223891538136,,178.36835452553,0.0007320679204364766,0.495067290784976,,,,,,
Ngb,Piecewise Linear Fit,0.9990756988597292,0.4467437073174875,0.6613111496810096,1.0,0.9720982142857143,1.262417956575076e+19,1.0164970026447329,,1668.252905672648,-0.00020944044785247,0.4388717101540517,,,,,,
Nrxn3,Michaelis-Menten Fit,0.6688586295917263,0.1325922555701862,-0.129669705951949,1.0,1.0,4053662856201.949,1.0108586215264215,,,,,0.4273857227654234,336.9096996752766,1.2150400561685182,,,
Dio2,Exponential Saturation Fit,0.971103985222108,0.06944634205593062,0.1860380266434898,1.0,0.5074404761904762,162.4802828765233,1.001895602668069,,,,,,,,-0.09338365652477265,0.0053453164289391395,0.2976580694666541
Foxn3,Piecewise Linear Fit,0.9999946024148593,0.44847273518989195,-0.4229462806217726,1.0,0.9784226190476191,6.0785788301874465e+35,1.03112763482394,,1674.7108620182303,0.00031387304636948355,0.35858729523404204,,,,,,
3300002A11Rik,Piecewise Linear Fit,0.6670678257614947,0.09217268114236464,0.6139706624683201,1.0,0.30691964285714285,1089.0774634410504,1.002604981672021,,344.1956364130649,-8.453221786129103e-05,0.038242444420832085,,,,,,
1700064M15Rik,Piecewise Linear Fit,0.9998458346999117,0.13618508413884442,0.5977646528241305,1.0,0.4880952380952381,7.787664510299173,1.0007638857375145,,508.5472159793497,-2.26695565737418e-05,0.01540731237371591,,,,,,
Kcnk13,Piecewise Linear Fit,0.7776363733794118,0.373998596256086,-0.6816339832487619,1.0,0.9066220238095238,2.9773639441716032e+22,1.0194379589096114,,1396.606024512542,0.00015209129726852507,0.049604805228781745,,,,,,
Fbln5,Piecewise Linear Fit,0.9863880895993453,0.0642711123091311,0.2023935023712265,1.0,0.2760416666666667,3.704088807748917,1.0004872605228123,,240.00441193058822,-0.0001778239142560718,0.1267737829740801,,,,,,
Chga,Piecewise Linear Fit,0.6566430467287733,0.14467263359208044,-0.08476940773952414,1.0,0.4880952380952381,431983.6064540712,1.0048391049540593,,540.244256263121,0.0003695873988967513,1.07787574064963,,,,,,
Prima1,Michaelis-Menten Fit,0.9924334476211624,0.4999968739203671,-0.766553487173994,1.0,1.0,122086908.36750495,1.0069512223671,,,,,7714.397709020501,149317571.81133103,0.014688392300691189,,,
Ifi27,Piecewise Linear Fit,0.6496097623867125,0.2058950375618728,-0.07692532323580233,1.0,0.6577380952380952,41.77690280687528,1.0013894851340381,,768.8645210168385,0.0001507396970757002,0.6953684314611512,,,,,,
Ifi27l2a,Piecewise Linear Fit,0.9999050693776184,0.03706797342805662,0.23713385467395565,1.0,0.18377976190476192,46300.51862312554,1.004004614850611,,138.42115050961863,-0.0010384965323843932,0.37497355518535974,,,,,,
Serpina3n,Piecewise Linear Fit,0.9999998263759258,0.4983030728704485,-0.17091709845389996,1.0,0.9992559523809523,5.093914359962265,1.0006058555413708,,1860.7933553373007,4.6807715541355863e-05,0.21125064507932037,,,,,,
Clmn,Exponential Saturation Fit,0.9967029807215099,0.46032657100924096,-0.382091554804292,1.0,1.0,1.741233449313913e+30,1.0262432623144575,,,,,,,,1.9535685671741267,0.00017070484348823695,0.4311226033768354
Tunar,Piecewise Linear Fit,0.9998615966172816,0.47964419030939415,-0.3323794283265351,1.0,0.9966517857142857,4720964.502255903,1.0057334584197097,,1791.1142221738783,9.858902821871675e-05,0.1773443864814742,,,,,,
Ak7,Piecewise Linear Fit,0.8008272954973357,0.0740106887878924,0.34087332858413155,1.0,0.30171130952380953,3.325298034721956,1.0004471085931275,,276.3743213744328,-0.00010585922104720645,0.05754281687192628,,,,,,
Bcl11b,Michaelis-Menten Fit,0.03806643927169467,0.49999890870184616,0.18481315786829058,1.0,1.0,262.3804198348179,1.0020742447914461,,,,,-39805.20903253291,427729602.5623601,0.5569668506250395,,,
Eml1,Piecewise Linear Fit,0.9323381431822608,0.3387096660962975,-0.313129581986595,1.0,0.8671875,1.6597241847187895e+26,1.022714651301358,,1264.8277767106983,0.00028880948320373116,0.40064853831427166,,,,,,
Dlk1,Michaelis-Menten Fit,0.9992424952104021,0.03213189073543008,0.20642023103649795,1.0,0.8515625,24.786668561250888,1.0011950237219804,,,,,-0.11599590838923274,64.11453530352797,0.3277149738773534,,,
Lbhd2,Michaelis-Menten Fit,0.9647493015333095,0.38795307278169516,0.4809580212423364,1.0,1.0,60963.215392417056,1.0041073802409275,,,,,-0.3815065306666102,3232.383689025409,0.2150566033328796,,,
Inf2,Piecewise Linear Fit,0.49103921766689634,0.2932622314652536,-0.35097261231923416,1.0,0.8076636904761905,2.8880519937045464e+36,1.0317256152881251,,1095.115425468453,0.0004018147819049904,0.40686057212581805,,,,,,
Adssl1,Piecewise Linear Fit,0.5560633571698356,0.3825123393827583,-0.5387112858587536,1.0,0.9107142857142857,6.991547396496606e+38,1.0338347029709734,,1428.3980533824547,0.00029600488791299204,0.181023472612838,,,,,,
Zbtb42,Constant Fit,,0,0,1.0,0.0,,,0.010543377445000274,,,,,,,,,
Ahnak2,Constant Fit,,0,0,1.0,0.0,,,0.026369833416977257,,,,,,,,,
Pacs2,Michaelis-Menten Fit,0.9917180584425527,0.49999848291488236,-0.4380062737121118,1.0,1.0,8.236124828230545e+63,1.0562778449872252,,,,,156957.8267761523,307682225.65434617,0.6110443480734516,,,
Crip1,Piecewise Linear Fit,0.8221388747424389,0.06426985907798141,0.17976873802047433,1.0,0.26525297619047616,15849.698450208789,1.0036042870772224,,239.9998336182399,-0.0007185922403587706,0.5659084546702216,,,,,,
Igha,Constant Fit,,0,0,1.0,0.0,,,0.008409169876834707,,,,,,,,,
Ighm,Piecewise Linear Fit,0.26716942534653765,0.2791248685171017,-0.34745068833470044,1.0,0.7827380952380952,6627357.303220727,1.0058603777943897,,1042.3235780373109,0.00011520409834643172,0.11276145076653178,,,,,,
Vipr2,Piecewise Linear Fit,0.9904733082646205,0.4536902745715643,-1.044101189638385,1.0,0.9847470238095238,1.9110700630024004e+26,1.02276830409585,,1694.1954511930564,0.00011186718103501591,-0.0040026160238218235,,,,,,
Dnah11,Piecewise Linear Fit,0.9919684437250215,0.12771812338032415,0.35590872044734473,1.0,0.4133184523809524,1.1896494563743678,1.0000646072540913,,476.9297954282702,-2.5148639643521184e-05,0.02284708414092204,,,,,,
Sp8,Piecewise Linear Fit,0.9999904973554571,0.482134350387058,-0.812982774507132,1.0,0.9985119047619048,1153.5707364430914,1.0026264406120753,,1800.4198073995076,2.1141378307171213e-05,0.004378016006366863,,,,,,
Macc1,Constant Fit,,0,0,1.0,0.0,,,0.0027414490595517958,,,,,,,,,
Selenop,Piecewise Linear Fit,0.9938841198499623,0.410463565553902,-0.09061554777650059,1.0,0.9427083333333334,4.2598520815532017e+18,1.0160862591809048,,1532.7751447296077,0.00023793939798855728,1.8300359309280294,,,,,,
Gm15938,Constant Fit,,0,0,1.0,0.0,,,0.0031597661293009914,,,,,,,,,
Ranbp3l,Michaelis-Menten Fit,0.5576310249161041,0.028701468948424274,0.7969213282680099,1.0,0.8009672619047619,5.654402823259088e+24,1.021429689593076,,,,,-0.14668886518885066,56.852779236222844,0.1604922687136603,,,
Skp2,Constant Fit,,0,0,1.0,0.0,,,0.04125607856346517,,,,,,,,,
Il7r,Constant Fit,,0,0,1.0,0.0,,,0.008686867948848695,,,,,,,,,
Prlr,Piecewise Linear Fit,0.9859094672286223,0.18497905255655922,-0.24712360031255265,1.0,0.5963541666666666,25.207411844646494,1.0012012931747407,,690.7592862643977,8.22577405032573e-05,0.08655316893803171,,,,,,
Sema5a,Michaelis-Menten Fit,0.8289339361052707,0.4999968738364785,-0.17919418716621807,1.0,1.0,473.4755298936843,1.0022943319160156,,,,,12714.240377987044,149313564.81277475,0.36412113763224263,,,
Matn2,Piecewise Linear Fit,0.6148383381757588,0.35575021000586043,0.2275285284981611,1.0,0.8921130952380952,15058.843596818153,1.0035851765718677,,1328.4596790940566,-9.844745585810951e-05,0.3527919079264413,,,,,,
Snx31,Constant Fit,,0,0,1.0,0.0,,,0.006454567922077282,,,,,,,,,
Ncald,Michaelis-Menten Fit,0.6306551187976817,0.4999984369623717,0.08190654767908291,1.0,1.0,83186.41222857173,1.0042234918617785,,,,,-45486.70419032651,298636496.891941,1.878251147739616,,,
2310043O21Rik,Constant Fit,,0,0,1.0,0.0,,,0.001347382606921607,,,,,,,,,
Kcnv1,Piecewise Linear Fit,0.9999976075477138,0.5000002706942993,0.4627974114909582,1.0,0.9996279761904762,512557889627601.2,1.0126803303360996,,1867.12613392882,-0.00018471028767981824,0.5450395391479781,,,,,,
Nov,Piecewise Linear Fit,0.9999697833819658,0.5000001093016914,0.7044395094129474,1.0,0.9996279761904762,2.2842236132235088e+42,1.0369515361504895,,1867.126133928802,-0.00045744942475853067,1.0332957298414311,,,,,,
Enpp2,Piecewise Linear Fit,0.9985827093423479,0.3740434076516441,-0.21679329469105404,1.0,0.9066220238095238,1.4952644447455802e+35,1.0305897828297383,,1396.7727164197697,0.0005114146973110216,1.2903261647257307,,,,,,
Deptor,Constant Fit,,0,0,1.0,0.0,,,0.21194367277875376,,,,,,,,,
Gm16006,Constant Fit,,0,0,1.0,0.0,,,0.03313282315482193,,,,,,,,,
Fbxo32,Piecewise Linear Fit,0.9897574596230464,0.3570567337774865,-0.47570663648986944,1.0,0.8950892857142857,390349360490032.7,1.0125777219608678,,1333.3408757665065,0.00013919347893328335,0.10227399891722805,,,,,,
Ndrg1,Piecewise Linear Fit,0.7552216916437978,0.3632124428012994,-0.4228236896521919,1.0,0.8973214285714286,6.208350005610039e+64,1.0570719040044771,,1356.3271078507844,0.0006176187628816637,0.571747287788819,,,,,,
Lypd2,Michaelis-Menten Fit,0.9998998901540723,0.0029735154719107496,0.9712456607883523,1.0,0.10453869047619048,6.663981641115659e+19,1.01712633954224,,,,,-0.04951405686564144,5.585143445650783,0.05009714838487843,,,
Ly6d,Piecewise Linear Fit,0.5058902976155794,0.2925997147589129,-1.2253193729035372,1.0,0.8017113095238095,1580.795644947821,1.0027439674683154,,1092.6468757843277,1.9077532985071842e-05,-0.0019165550181665123,,,,,,
Ly6a,Constant Fit,,0,0,1.0,0.0,,,0.8029832194362676,,,,,,,,,
Ly6c1,Constant Fit,,0,0,1.0,0.0,,,0.8678788216189891,,,,,,,,,
Ly6c2,Piecewise Linear Fit,0.9999999999999972,0.036273395537267016,0.47842132811534815,1.0,0.10453869047619048,8.069584592954998,1.000777125468402,,135.45390442506874,-0.00012885302936049785,0.026967696487363177,,,,,,
Ly6h,Piecewise Linear Fit,0.999036218910897,0.4796490852530704,0.19933564322600558,1.0,0.9973958333333334,4.0254362690449564e+49,1.0434080222762476,,1791.130325147984,-0.0004985968758295464,2.6865969846074997,,,,,,
Mapk15,Constant Fit,,0,0,1.0,0.0,,,0.0296722065434703,,,,,,,,,
Eppk1,Constant Fit,,0,0,1.0,0.0,,,0.0038687736667605355,,,,,,,,,
Scrt1,Piecewise Linear Fit,0.9974955517957311,0.4421046322376207,-0.25716205221706323,1.0,0.9683779761904762,2.844755720722971e+18,1.0159336470642915,,1650.9308955708889,0.00024640488767556856,0.5875372634900573,,,,,,
Slc39a4,Constant Fit,,0,0,1.0,0.0,,,0.013750259201768431,,,,,,,,,
Gpt,Piecewise Linear Fit,0.9999995348076994,0.49999943066413177,-0.4108604052544114,1.0,0.9996279761904762,21176875.051496413,1.0062951859127505,,1867.126133909032,8.782234477078247e-05,0.11756352829202432,,,,,,
Apol7a,Constant Fit,,0,0,1.0,0.0,,,0.0023372959104599566,,,,,,,,,
Apol11b,Piecewise Linear Fit,0.9649950798134711,0.13301559749386144,0.3385476888050551,1.0,0.46651785714285715,2461.81094261473,1.002909228270276,,496.71347203078113,-0.00015303695820217912,0.15027483632437202,,,,,,
Pvalb,Piecewise Linear Fit,0.9839218765422867,0.3787132641044719,-0.36184366334252865,1.0,0.9107142857142857,1.0227519361515632e+39,1.0339810117636807,,1414.2111484590823,0.0004995285636258279,0.6229464309266912,,,,,,
Tmprss6,Constant Fit,,0,0,1.0,0.0,,,0.01256468698002362,,,,,,,,,
Cdc42ep1,Piecewise Linear Fit,0.9925913465910569,0.44239075568635766,-0.6018461857789846,1.0,0.9694940476190477,9.686313239783343e+41,1.0366206373104692,,1651.9992649884693,0.00028370850092284777,0.15503065109122344,,,,,,
Lgals1,Piecewise Linear Fit,0.9999999999999972,0.036210355550923536,0.12327970986503317,1.0,0.10453869047619048,53.670212378890156,1.0014828163458525,,135.2185873485342,-0.0009022127347873593,0.5557911949248894,,,,,,
Micall1,Piecewise Linear Fit,0.9723731412565185,0.4252447249297354,-0.4031282273128802,1.0,0.9613095238095238,2.998624681294788e+16,1.0142144814689114,,1587.9720172082723,0.0001691589710947169,0.19885921291308953,,,,,,
1700088E04Rik,Piecewise Linear Fit,0.9909473443615358,0.14755047131655277,0.15418524962629862,1.0,0.49181547619047616,11.166626887885663,1.0008980702812322,,550.9901204618641,-9.809769409082348e-05,0.20230438970440956,,,,,,
Sox10,Piecewise Linear Fit,0.9375033803483688,0.3995957615509184,-0.5783712500862526,1.0,0.9363839285714286,1.2089928702242078e+54,1.0474177980799846,,1492.1917202676022,0.000436990859584635,0.23767883124943184,,,,,,
Slc16a8,Piecewise Linear Fit,0.6097334220197234,0.1693607820552501,-0.7158375366157409,1.0,0.5643601190476191,9.920104988645392,1.0008539967039487,,632.4374518884705,4.034903990080463e-05,0.00506492509011398,,,,,,
Kcnj4,Piecewise Linear Fit,0.6309297533863759,0.5000001741807835,0.5411506485854695,1.0,0.9996279761904762,3.3230187044837886e+26,1.0229788190430986,,1867.1261339287937,-0.0002870581147434181,0.7632035827771679,,,,,,
Kdelr3,Piecewise Linear Fit,0.8668448652310898,0.0642700770176,0.5077928888800366,1.0,0.27566964285714285,1937.0674292022236,1.0028197905003537,,240.00052315360998,-0.0001521835349087725,0.05422567115087235,,,,,,
Nptxr,Piecewise Linear Fit,0.8068831748116129,0.37556899681458833,0.2739934656929175,1.0,0.9107142857142857,8.161153158098165e+49,1.0436824001971543,,1402.4691706068584,-0.0006759373435303522,2.2039247547839027,,,,,,
Desi1,Michaelis-Menten Fit,0.9948759469890012,0.49999696584590636,-0.37656831723740675,1.0,1.0,4.7282734628192835e+85,1.0761505431968301,,,,,90001.28059130251,153841463.12794214,0.9041880648444912,,,
Shisa8,Piecewise Linear Fit,0.26476056254370917,0.2669002651105146,-0.5834429615018629,1.0,0.7700892857142857,6010647431.460852,1.0084119685207678,,996.6737728617803,0.000116900675003781,0.041592605305112614,,,,,,
A4galt,Michaelis-Menten Fit,0.968718296299563,0.0195344080442963,0.48703911978379083,1.0,0.6197916666666666,58.05451644196646,1.0015120730237974,,,,,-0.030158067656331368,37.956103552678975,0.045122379399530524,,,
Tspo,Piecewise Linear Fit,0.9995828340084033,0.04486940249452908,0.20632117162148383,1.0,0.20498511904761904,187.07012244409566,1.0019481315807655,,167.55363695937294,-0.0005393951818314661,0.2642105048324771,,,,,,
Mpped1,Michaelis-Menten Fit,8.101758107783987e-05,0.4999996950823099,0.23350278541869468,1.0,1.0,2966690.351686047,1.0055596528586521,,,,,-257429.08925727275,1530843582.9555347,0.8293121029598498,,,
Efcab6,Exponential Saturation Fit,0.9400266127068786,0.0025570739012780877,-0.288731294971605,1.0,0.10453869047619048,1.057618210276255,1.0000208407709077,,,,,,,,0.0275549218389943,0.14518057809338678,0.03393978049146773
1810041L15Rik,Michaelis-Menten Fit,0.8421672683834084,0.4028645067387254,-0.20955471069419254,1.0,1.0,83474.31710906813,1.0042247826279296,,,,,0.6586951076615396,3871.9052346971416,0.40416982740637997,,,
5031439G07Rik,Piecewise Linear Fit,0.9103631254771413,0.39994548129708846,-0.2536265878577606,1.0,0.9371279761904762,2.509995575693235e+25,1.0219962049220614,,1493.497823525641,0.0002969341966385092,0.6525235584923084,,,,,,
Fbln1,Michaelis-Menten Fit,0.7325352521693927,0.0544287819170631,0.48433854688142647,1.0,1.0,137918543905115.08,1.0121858839258493,,,,,-0.2051788747772979,114.03945870583638,0.296305327634096,,,
Ppara,Constant Fit,,0,0,1.0,0.0,,,0.006447611558679243,,,,,,,,,
Plxnb2,Piecewise Linear Fit,0.9803795773781692,0.06370720511761953,0.08294080641110696,1.0,0.20498511904761904,6.3001623858011895,1.0006849723617157,,237.89871485762177,-0.0003943178118818945,0.6124137889576539,,,,,,
Odf3b,Constant Fit,,0,0,1.0,0.0,,,0.045873919308776455,,,,,,,,,
Shank3,Michaelis-Menten Fit,0.9999433436818564,0.009112553312855829,-0.07703497691172752,1.0,0.30691964285714285,2.736163911970443,1.0003745332552325,,,,,0.09645961866022291,17.330129938831355,0.5725328720129572,,,
Nell2,Piecewise Linear Fit,0.7366327534269203,0.03683688522852485,-0.07104199821581712,1.0,0.15104166666666666,280.60425905844863,1.002099278287371,,137.55823291747174,0.001284146667444243,1.1549206140661108,,,,,,
Slc38a2,Michaelis-Menten Fit,0.9962681737481598,0.49999871849644273,-0.26328785742455185,1.0,1.0,2.02449083298338e+21,1.0184189148702,,,,,90215.51390351531,364244285.0998469,0.6469890260018232,,,
Amigo2,Piecewise Linear Fit,0.6943803837755499,0.2557502975126795,0.2385022933281817,1.0,0.7377232142857143,1189.4635918608305,1.002637869545249,,955.0350312488611,-8.703960470157608e-05,0.21582933469136364,,,,,,
Endou,Piecewise Linear Fit,0.54634121827665,0.2058932866641009,-0.43755187484148483,1.0,0.6540178571428571,1653.9007116938924,1.002760832313478,,768.8585290835518,7.277942809853503e-05,0.03596482928188196,,,,,,
Slc48a1,Piecewise Linear Fit,0.547565618645035,0.30317333370603555,-0.14430535482155932,1.0,0.8251488095238095,2.180902021459905e+33,1.0289701267465794,,1132.1259955029825,0.00039507844406900936,1.3261250198372134,,,,,,
Cacnb3,Michaelis-Menten Fit,0.9969854043408289,0.4999983943771987,0.29410107857222373,1.0,1.0,1.8777292058231978e+31,1.0271515741770558,,,,,-100147.6255389184,290715877.83402276,1.415090969792446,,,
Ddn,Piecewise Linear Fit,0.9790049121833009,0.41177993585019584,0.32178458525931036,1.0,0.9441964285714286,1.4893959221700687e+51,1.044810619604644,,1537.6899124338986,-0.0006228667439678843,1.9671132344380229,,,,,,
Dhh,Constant Fit,,0,0,1.0,0.0,,,0.0019796696422301756,,,,,,,,,
Tuba1c,Piecewise Linear Fit,0.7640543660361395,0.18497675724906734,-0.3607566184695653,1.0,0.5963541666666666,2.665146539607923,1.0003647462071592,,690.7517064013765,3.7722332678036576e-05,0.02308566788209485,,,,,,
Prph,Constant Fit,,0,0,1.0,0.0,,,0.05487265970424918,,,,,,,,,
Kcnh3,Piecewise Linear Fit,0.9968895277452576,0.4467178635354553,0.4512979538278782,1.0,0.9709821428571429,1.0635008794871781e+31,1.0269343603235055,,1668.1566861966119,-0.0003278589729630293,0.8794013691306879,,,,,,
Gpd1,Michaelis-Menten Fit,0.933026695913861,0.30355994881231313,-0.26973512386638265,1.0,1.0,17858221150025.816,1.0114164184929602,,,,,0.5461673683908141,1442.6404151870934,0.4170757688693033,,,
Galnt6,Piecewise Linear Fit,0.5061012035010128,0.3550395718969603,-0.7382310122030946,1.0,0.8895089285714286,8.89039006269365e+29,1.025986654209265,,1325.8079632448062,0.00020822804398183738,0.04894583647098748,,,,,,
Grasp,Michaelis-Menten Fit,0.6271291033320834,0.4999987419489151,0.47640725845000176,1.0,1.0,587503903654947.4,1.0127317452221412,,,,,-63842.20951212087,371034510.70026207,0.49780915754203137,,,
6030408B16Rik,Constant Fit,,0,0,1.0,0.0,,,0.004942586812639538,,,,,,,,,
Krt73,Constant Fit,,0,0,1.0,0.0,,,0.010038985780778812,,,,,,,,,
Krt8,Constant Fit,,0,0,1.0,0.0,,,0.025827628976656053,,,,,,,,,
Krt18,Constant Fit,,0,0,1.0,0.0,,,0.04613370059995256,,,,,,,,,
Igfbp6,Michaelis-Menten Fit,0.632737087689261,0.33797965048540207,0.5018750773585681,1.0,1.0,3.265899731708515e+27,1.0238488908674221,,,,,-1.089799800702293,1947.4425274711236,0.7981474503688928,,,
Sp7,Piecewise Linear Fit,0.9728471602172928,0.39019398403020594,-0.445503415534828,1.0,0.9304315476190477,50.62336717413862,1.0014610414580387,,1457.0881576662584,2.7043627175334086e-05,0.024522718309486664,,,,,,
Pde1b,Michaelis-Menten Fit,0.8550042381661563,0.49999830474538687,0.09041303015864137,1.0,1.0,134.08517069330338,1.0018240108926413,,,,,-27708.148723675906,275345044.967556,1.1330027646248972,,,
Ppp1r1a,Piecewise Linear Fit,0.8275627367696045,0.3456013546518213,0.2232163397399126,1.0,0.8705357142857143,6.11911407914956e+51,1.045360007376704,,1290.562397975321,-0.0005280361972927843,1.8671963844989303,,,,,,
Nlrc3,Constant Fit,,0,0,1.0,0.0,,,0.006632100422963331,,,,,,,,,
Nmral1,Piecewise Linear Fit,0.7719278141162677,0.3740290814706126,-0.4865655191538469,1.0,0.9066220238095238,3.1181669621625417e+22,1.0194554833013325,,1396.719581344415,0.000219741883387314,0.16193315249624532,,,,,,
Smim22,Piecewise Linear Fit,0.8975835468192189,0.14797982851418262,-0.5122118558288283,1.0,0.5052083333333334,4.990097959149582,1.000598190578543,,552.5953407533057,4.1531965058825434e-05,0.010928015818997702,,,,,,
Sec14l5,Piecewise Linear Fit,0.9647539449324498,0.39016879957915623,-0.792522964033502,1.0,0.9304315476190477,4.092177050908832e+26,1.0230580586323548,,1456.9896311690218,0.0001607280399564562,0.030653233481966923,,,,,,
Carhsp1,Piecewise Linear Fit,0.9769454916943525,0.3915650636102331,-0.4069753386059426,1.0,0.9330357142857143,4.295145503696121e+37,1.032762270873697,,1462.2031237388942,0.00036837011452349336,0.3924341217231123,,,,,,
Grin2a,Michaelis-Menten Fit,0.6103500208574832,0.4999967765959408,0.10844377241598799,1.0,1.0,269.917114450962,1.002084802226213,,,,,-15968.385003162068,144809189.01113898,1.0522331672658083,,,
Emp2,Piecewise Linear Fit,0.9955679161329523,0.16146682405072496,0.20604430600562904,1.0,0.5446428571428571,490.9029661452896,1.0023078101252105,,602.957386419253,-0.0001289815715297204,0.22760769117975763,,,,,,
Ciita,Constant Fit,,0,0,1.0,0.0,,,0.001739178560865456,,,,,,,,,
Litaf,Michaelis-Menten Fit,0.9871405906568069,0.49999872639327936,-0.6225506894359643,1.0,1.0,2.1024855890688662e+52,1.0458401307473761,,,,,144035.46566277888,366502741.24312234,0.22244240466897597,,,
Gm4279,Constant Fit,,0,0,1.0,0.0,,,0.0024183830363212603,,,,,,,,,
Nde1,Piecewise Linear Fit,0.9542178784112582,0.3727212082930587,-0.39783877480763924,1.0,0.9051339285714286,20314408131446.215,1.0114649083519578,,1391.8359673262019,0.00014651216790361162,0.1543254072960853,,,,,,
Myh11,Constant Fit,,0,0,1.0,0.0,,,0.06228650374417838,,,,,,,,,
Cebpd,Constant Fit,,0,0,1.0,0.0,,,0.1509357704515933,,,,,,,,,
Mapk1,Piecewise Linear Fit,0.630929216549293,0.49829578621400156,0.1354299737598566,1.0,0.9992559523809523,5.281591045843223e+18,1.0161675315463867,,1860.7614692541301,-0.00026564119679703456,2.0720569969930995,,,,,,
Serpind1,Piecewise Linear Fit,1.4325686536977956e-05,0.0336425084615982,0.46191690084002235,1.0,0.10453869047619048,913061.2677637847,1.0051189195779988,,125.62959319041178,-0.0006179902185445363,0.12285770347764542,,,,,,
Lrrc74b,Piecewise Linear Fit,0.947553690517935,0.07529250213317192,0.44955692359993304,1.0,0.30691964285714285,12.962697652543513,1.0009536076022667,,281.1608217728696,-7.49622023469889e-05,0.03397955829452681,,,,,,
Rtn4r,Michaelis-Menten Fit,0.3421664838773338,0.4999989184228601,0.14376003231744564,1.0,1.0,177.9900050530014,1.0019295852244898,,,,,-42941.206974132365,431573965.10075104,0.7390223066529041,,,
Cldn5,Constant Fit,,0,0,1.0,0.0,,,0.6550107522646191,,,,,,,,,
Iglc3,Constant Fit,,0,0,1.0,0.0,,,0.0014040769272284826,,,,,,,,,
Map6d1,Piecewise Linear Fit,0.9999991768901418,0.49838752501410466,-0.40169036825654186,1.0,0.9996279761904762,3.372896616952739e+21,1.0186123319250644,,1861.1055953243506,0.00021901318194910715,0.3035609127087286,,,,,,
Fam131a,Piecewise Linear Fit,0.6309297535336587,0.5000001611043613,0.26832189375212634,1.0,0.9996279761904762,1.0344187311114074e+18,1.0155513690714313,,1867.1261339286245,-0.000310357774987143,1.3695556081290723,,,,,,
Sst,Piecewise Linear Fit,0.6308358462136082,0.47981062273795533,0.16235340278392071,1.0,0.9977678571428571,6395767.036081275,1.005847067536764,,1791.7332554487311,-0.00027537482349793455,1.7662183253504307,,,,,,
Lpp,Piecewise Linear Fit,0.953826943883617,0.13536986965039854,0.2644898862061211,1.0,0.4880952380952381,50.861863145633606,1.0014627925710526,,505.5046504391005,-8.534578598476733e-05,0.10312964720114146,,,,,,
Cldn1,Piecewise Linear Fit,0.46038209006234215,0.14709187107938687,-0.7454133731140855,1.0,0.4880952380952381,102.81529371100727,1.0017250479845217,,549.2791471303096,5.52611141709213e-05,0.005183476760823283,,,,,,
Il1rap,Piecewise Linear Fit,0.6169296542523799,0.32773316887915127,-0.403357562714436,1.0,0.8545386904761905,6.090061358177402e+23,1.0205832716839804,,1223.8388051194238,0.0002571195806192881,0.23273050444678434,,,,,,
Mb21d2,Piecewise Linear Fit,0.941313147872964,0.09756423446346198,-0.1429511608262655,1.0,0.34561011904761907,1346.1889317786083,1.002684039375747,,364.3295568589415,0.00039153342652476294,0.42761323609737606,,,,,,
Atp13a5,Piecewise Linear Fit,0.999950921109866,0.03979144350377084,0.2094030588640918,1.0,0.20498511904761904,4.477727462330943,1.0005578622641413,,148.59123735139903,-0.0002925376936651797,0.12552582310151866,,,,,,
AC130815.3,Constant Fit,,0,0,1.0,0.0,,,0.004500778934669226,,,,,,,,,
Apod,Piecewise Linear Fit,0.9999552839165589,0.4389323443655128,-0.34446723178271454,1.0,0.9683779761904762,9.27173950117317e+65,1.0581356695586983,,1639.084306569576,0.0008027387344897626,1.2519644776105119,,,,,,
Pigz,Michaelis-Menten Fit,0.99362013524622,0.4999984129000628,-0.4972741426728769,1.0,1.0,7.508591827951665e+19,1.0171714947453088,,,,,51593.97381866163,294108801.24103326,0.16556449505019522,,,
Slc12a8,Michaelis-Menten Fit,0.9968540631275471,0.4999935647524446,-0.8759784031550881,1.0,1.0,184735301.93959156,1.0071063942839995,,,,,3199.0649800252863,72534199.31940931,0.005829303125056204,,,
Kalrn,Michaelis-Menten Fit,0.08543973221737525,0.49999742421037785,0.10628023818509338,1.0,1.0,995.2832728261062,1.002571390917114,,,,,-23546.120519573233,181217879.47895646,1.2626126650884768,,,
Mylk,Constant Fit,,0,0,1.0,0.0,,,0.17069794201781216,,,,,,,,,
AC110166.2,Constant Fit,,0,0,1.0,0.0,,,0.005159635642291478,,,,,,,,,
Stfa1,Piecewise Linear Fit,0.9679631210986686,0.09429698021926351,0.8778791695958306,1.0,0.30691964285714285,3.9813836739408193,1.0005141311587005,,352.12678211145044,-1.8243834306108284e-05,0.006870970418249408,,,,,,
Gm36028,Piecewise Linear Fit,0.9965171334717224,0.051635143291772746,0.7764053494656985,1.0,0.20498511904761904,3.782041193021967,1.000495012307803,,192.81807755858435,-3.362842970899435e-05,0.007417847344052116,,,,,,
Maats1,Constant Fit,,0,0,1.0,0.0,,,0.029092373989892475,,,,,,,,,
Igsf11,Piecewise Linear Fit,0.9999994458037881,0.4999990793101317,-0.1848682550900901,1.0,0.9996279761904762,21.455016342295384,1.0011412602960927,,1867.1261339288224,5.430700516141708e-05,0.22354501025092835,,,,,,
AC091463.1,Piecewise Linear Fit,0.9818248043801534,0.16309595723910225,0.5653588443381314,1.0,0.5528273809523809,99.96699718715458,1.0017145783689994,,609.0398518828611,-3.815294474019487e-05,0.03216869915545723,,,,,,
Gap43,Michaelis-Menten Fit,0.060586637173090055,0.49999948692044976,0.07925838671254948,1.0,1.0,37983.852368929765,1.003930664853729,,,,,-148861.5826289127,909763560.0326936,2.0800657797138022,,,
Zbtb20,Piecewise Linear Fit,0.9999945396880948,0.4999996675788351,-0.14555754466129864,1.0,0.9996279761904762,926768.3325844589,1.0051244913621422,,1867.1261339272164,0.00015041170908970607,0.8242774262986285,,,,,,
Plcxd2,Piecewise Linear Fit,0.7960921011240615,0.3515864459851079,0.16192513779398465,1.0,0.8735119047619048,28798.969358497478,1.003827281180209,,1312.911541595185,-0.00013942342844423775,0.6567575901964939,,,,,,
Retnlg,Constant Fit,,0,0,1.0,0.0,,,0.01984641423894648,,,,,,,,,
Myh15,Piecewise Linear Fit,0.962789758844727,0.0780956241398461,0.5318196409482234,1.0,0.30691964285714285,2.043312178348649,1.0002658731758267,,291.62790422724703,-3.401605775092224e-05,0.014286515643170444,,,,,,
Cep97,Exponential Saturation Fit,0.986333157954933,0.48062013280824945,-0.4358948676557615,1.0,1.0,24746567873.44207,1.008943008063704,,,,,,,,1.4128267920594337,8.311941593428512e-05,0.1314162499109341
Col8a1,Constant Fit,,0,0,1.0,0.0,,,0.06571484845563502,,,,,,,,,
Cpox,Piecewise Linear Fit,0.9220742025472262,0.32582312050511714,-0.4035865127188508,1.0,0.8515625,4.4651199478230884e+29,1.0257238265690087,,1216.7061430789158,0.0002921878470409449,0.2626810025352672,,,,,,
D16Ertd472e,Exponential Saturation Fit,0.9975245456900829,0.4873929866490134,-0.5649663546218276,1.0,1.0,435666763571728.94,1.0126190981758747,,,,,,,,2.3468952026938537,5.403966886417325e-05,0.0867210634220813
Gm49227,Constant Fit,,0,0,1.0,0.0,,,0.002689096265630859,,,,,,,,,
Grik1,Constant Fit,,0,0,1.0,0.0,,,0.17707074353088365,,,,,,,,,
Tiam1,Piecewise Linear Fit,0.989971698245653,0.057999976004650844,-0.07879526420125768,1.0,0.20498511904761904,2.4030747750406944,1.0003262247300897,,216.58659232709755,0.0004297690615694036,0.5441175910133726,,,,,,
Gm15965,Constant Fit,,0,0,1.0,0.0,,,0.002531408637252473,,,,,,,,,
Olig2,Piecewise Linear Fit,0.9522873420679181,0.3975261742321888,-0.49272846712197027,1.0,0.9330357142857143,3.222622577922357e+33,1.029119605057296,,1484.4635328417835,0.0002881432054911762,0.22018146539171185,,,,,,
Olig1,Piecewise Linear Fit,0.9762992690413512,0.4421244840110241,-0.33849706126035856,1.0,0.9694940476190477,4.82399125585564e+76,1.0678937703334177,,1651.0046075170726,0.0006592851147169132,1.0635757710253764,,,,,,
Gm15966,Constant Fit,,0,0,1.0,0.0,,,0.002288060297798173,,,,,,,,,
Kcne2,Piecewise Linear Fit,0.629181388230121,0.1480530196091947,-0.748879764347626,1.0,0.5074404761904762,18.30022517947202,1.001082025952028,,552.8681718669404,6.522522349033735e-05,0.006046120242417842,,,,,,
Clic6,Piecewise Linear Fit,0.8130114913044331,0.09815739578765059,-0.24098560078869916,1.0,0.38095238095238093,2.2905468631056394,1.0003083773725716,,366.54472690917515,0.00014715808469792697,0.08494543178394402,,,,,,
B3galt5,Exponential Saturation Fit,0.8847790063870827,0.4588963770186833,-0.5427226481554963,1.0,1.0,4.100651117249279e+25,1.02218285215044,,,,,,,,1.2361375271880242,0.00017691353416847248,0.14649332898510936
Pcp4,Piecewise Linear Fit,0.2943159049985582,0.2439257384183148,-0.20693581800143718,1.0,0.7287946428571429,6.548157018354421e+71,1.0634505647124366,,910.8803231260628,0.0011211031051403502,1.956814005154756,,,,,,
Ezr,Michaelis-Menten Fit,0.6623052203563328,0.051131849622483086,0.20831969283820656,1.0,1.0,238783.65319506155,1.004617515372723,,,,,-0.20925649567341348,106.34482812995884,0.5741738333836667,,,
Prr18,Piecewise Linear Fit,0.3667353092091662,0.3979428998953332,-0.6733275461407583,1.0,0.9330357142857143,3.0258448305224685e+101,1.0908205000988005,,1486.0194071029787,0.0006441602889617074,0.23220660364282095,,,,,,
Pde10a,Piecewise Linear Fit,0.9994690722637931,0.03976915017669167,-0.22563963105492088,1.0,0.20498511904761904,4838.197930272425,1.0031613472665544,,148.50805556013765,0.0009098615872740973,0.23185853289544492,,,,,,
Qk,Piecewise Linear Fit,0.9990639549129025,0.4260296628065041,-0.18831914672280153,1.0,0.9620535714285714,4.881715755562344e+58,1.0515587616764295,,1590.9025795566763,0.00046106857278583897,1.580774549469269,,,,,,
A230009B12Rik,Piecewise Linear Fit,0.999982560241518,0.48478579964781243,-0.6844883523556503,1.0,0.9992559523809523,478385.4072838882,1.004877246596393,,1810.3164571057976,4.542422716404478e-05,0.018952276508933524,,,,,,
Agpat4,Piecewise Linear Fit,0.9604228889034855,0.405474454399131,-0.3223522166304129,1.0,0.9397321428571429,4.488314610552025e+37,1.032779173209258,,1514.1443302349694,0.0003526705930943369,0.5612804147348389,,,,,,
Mas1,Piecewise Linear Fit,0.6398569440496373,0.2699205867850218,0.23991345355798818,1.0,0.7723214285714286,197.18388267340202,1.0019677581682205,,1007.9500525688358,-6.671753201860958e-05,0.17377438437116433,,,,,,
Dact2,Piecewise Linear Fit,0.9979419443576661,0.4355515881337915,0.4798590958881068,1.0,0.9676339285714286,8.434002627295471e+17,1.015474240993816,,1626.458635484799,-0.00018689074493704152,0.46871349407261326,,,,,,
Fpr2,Constant Fit,,0,0,1.0,0.0,,,0.001381392710838803,,,,,,,,,
Gm5493,Piecewise Linear Fit,0.9999999999999905,0.035054328102405045,0.890005439847588,1.0,0.10453869047619048,760.1836588079896,1.002470889913657,,130.9015557437563,-8.816658298893997e-05,0.012254319892670904,,,,,,
Gm49092,Constant Fit,,0,0,1.0,0.0,,,0.001700357578383508,,,,,,,,,
Sbpl,Michaelis-Menten Fit,0.9988398262814397,0.010091819236048903,0.9894550027098165,1.0,0.3645833333333333,19233.427127747455,1.0036765354788129,,,,,-0.014191285842026542,19.230847642554664,0.014121459884264224,,,
Slc9a3r2,Exponential Saturation Fit,0.9987133729934117,0.4733384447450943,-0.20512114784734023,1.0,1.0,2186920.516693438,1.0054455789707017,,,,,,,,1.181448472485345,0.00011445280770485483,0.44045096142175516
Rpl3l,Constant Fit,,0,0,1.0,0.0,,,0.0030388936246475797,,,,,,,,,
Baiap3,Michaelis-Menten Fit,0.9999234064457367,0.4999901747308776,0.5733081051384428,1.0,1.0,2692829208.2037954,1.0081107879170037,,,,,-8152.274368572677,47507336.04733701,0.4396128733487349,,,
Tpsb2,Piecewise Linear Fit,0.9760171995007714,0.1176965225283766,0.9323141469810656,1.0,0.4099702380952381,11.345961724188586,1.0009040028158662,,439.5061736877453,-1.8842947136536077e-05,0.00858221263774111,,,,,,
Tekt4,Piecewise Linear Fit,0.9739640974232947,0.10706816979665251,0.32798462977881904,1.0,0.3835565476190476,8.541522649861598,1.0007982869467262,,399.8189212699995,-6.300254897364633e-05,0.05099540251450323,,,,,,
Sox8,Piecewise Linear Fit,0.5938126239336631,0.3569676085415529,-0.38080786580158554,1.0,0.8943452380952381,160998918117295.16,1.0122441519612826,,1333.0078453768099,0.00017925707560617805,0.19426677791171806,,,,,,
Msln,Michaelis-Menten Fit,0.9465763114534469,0.014634011371513793,0.7724109622498961,1.0,0.4880952380952381,695152213768522.2,1.0127951363554364,,,,,-0.0714400265227678,28.14736264847141,0.08074755447411436,,,
Fbxl16,Michaelis-Menten Fit,0.6167030271707158,0.49999941641317197,0.1979291801626726,1.0,1.0,4.527615996352804e+34,1.0301318347441772,,,,,-306501.0175564652,799848433.2973449,2.1651509937393727,,,
A930017K11Rik,Piecewise Linear Fit,0.9999871445068562,0.4821221236244892,-0.7974199831026448,1.0,0.9985119047619048,5852.593953641295,1.00323238564113,,1800.3725192799561,2.6146250351648907e-05,0.005979312881911814,,,,,,
Fam234a,Piecewise Linear Fit,0.8676203548996969,0.3699522667602134,-0.4544488367540598,1.0,0.9047619047619048,2.289530173095565e+20,1.0175934676668632,,1381.4958110207224,0.00019190837041848857,0.15913436821895968,,,,,,
Grm4,Michaelis-Menten Fit,0.9999865362632182,0.4731191691316514,-0.38611096457152005,1.0,1.0,76163693.24135038,1.0067744788792714,,,,,2.090726084457856,16431.284626279776,0.16959192476551072,,,
Ppard,Piecewise Linear Fit,0.9993204273259642,0.3901675065544873,-0.40410805710614767,1.0,0.9285714285714286,33600506.420365065,1.0064680197292761,,1456.9855589980937,8.762218278551014e-05,0.09412593927769518,,,,,,
Cpne5,Piecewise Linear Fit,0.6309297534505631,0.5000002458310211,0.5185109568939886,1.0,0.9996279761904762,1.4905731249364767e+19,1.0165598291677422,,1867.1261338812835,-0.0002033812886162888,0.5560510287358408,,,,,,
Rsph1,Piecewise Linear Fit,0.9984146287477512,0.14728278888215857,0.25062735787029045,1.0,0.4880952380952381,35.558406570237956,1.0013294456536468,,549.9905583741024,-0.00010376690558926042,0.14239133217684696,,,,,,
H2-K1,Piecewise Linear Fit,0.9962784284379697,0.04364966602179555,0.12583879311678933,1.0,0.20498511904761904,872.1518328574386,1.0025221348905997,,162.9988472440109,-0.0009538167718209916,0.6954744131776528,,,,,,
Col11a2,Piecewise Linear Fit,0.9999995070342299,0.498332409572725,-0.3379193324537126,1.0,0.9996279761904762,343.8537767427444,1.0021750616126504,,1860.9026675949128,4.979658773334841e-05,0.09078019576620268,,,,,,
H2-Ab1,Michaelis-Menten Fit,0.8821833094385643,0.030934574417916402,0.42909203268098006,1.0,0.8251488095238095,46.004380569839704,1.0014253960963762,,,,,-0.045709430034339214,61.56790601751447,0.07368784854151578,,,
H2-Aa,Michaelis-Menten Fit,0.9999888115784247,0.002601853655015375,0.5724665365037971,1.0,0.10453869047619048,254251.76628275626,1.004640974309028,,,,,-0.0604927902964915,4.883400727899892,0.08286488455834955,,,
H2-Eb1,Michaelis-Menten Fit,0.8739034158062908,0.05631428995161005,0.5229372377436455,1.0,1.0,743.3108348974405,1.0024625189616203,,,,,-0.05169999215510911,118.49140018310254,0.07078984755330012,,,
Egfl8,Piecewise Linear Fit,0.9875557946808584,0.07390265377761464,-0.4103802833768675,1.0,0.29055059523809523,2.295176434091619,1.000309128766791,,275.97145730486585,9.053129284205046e-05,0.017948096799372863,,,,,,
C4b,Piecewise Linear Fit,0.9895350705165921,0.3569694363137997,-0.2421595083772936,1.0,0.8950892857142857,27787.255356002486,1.003813925987466,,1333.015133240662,0.00011051992893966566,0.23052708614960132,,,,,,
Clic1,Piecewise Linear Fit,0.9768611003594143,0.05236335144076288,0.19809732854620782,1.0,0.20498511904761904,571.7447220583082,1.0023646562070507,,195.53792609590394,-0.0005176467424449158,0.3060891780935439,,,,,,
Ly6g6e,Constant Fit,,0,0,1.0,0.0,,,0.021687596832469052,,,,,,,,,
H2-D1,Piecewise Linear Fit,0.9996160327313446,0.04013984852254337,0.09211406587008625,1.0,0.20498511904761904,157.52303821568646,1.0018840537497222,,149.89230511600957,-0.0009822068983701734,0.8727590705474723,,,,,,
H2-Q1,Piecewise Linear Fit,0.9999586630223564,0.038668172262289593,0.9630627750980995,1.0,0.20498511904761904,21811004108092.1,1.0114916569190664,,144.39665276853492,-0.0002524601701460739,0.03715348796843395,,,,,,
H2-Q2,Michaelis-Menten Fit,0.9997597725608471,0.499983095960633,0.8744064565665896,1.0,1.0,3886.0017866124467,1.0030795595450532,,,,,-1154.491161287313,27612675.402890027,0.08366558210288046,,,
H2-Q7,Piecewise Linear Fit,0.9906561901191516,0.06253236641449238,0.27757575514894106,1.0,0.20498511904761904,6.391516208591556,1.0006903317402531,,233.5114728553756,-0.00014756572302272784,0.07929920780623094,,,,,,
Ddr1,Michaelis-Menten Fit,0.9998991021787612,0.4999983896635683,-0.4040740620533859,1.0,1.0,3.547736774367164e+31,1.0273947286203835,,,,,95094.8650089508,289864918.2319291,0.4516828377484457,,,
H2-M5,Constant Fit,,0,0,1.0,0.0,,,0.0027208471226176168,,,,,,,,,
Mog,Piecewise Linear Fit,0.7856871274537099,0.4029676833997377,-0.5594470527638095,1.0,0.9382440476190477,6.955028908058304e+105,1.0949035282648854,,1504.7831448285522,0.0009450987443414167,0.5599641572691189,,,,,,
Gm42418,Exponential Saturation Fit,0.9999993820314415,0.009195033227335527,0.023843551366705913,1.0,0.10453869047619048,1.4146188513982066e+25,1.0217782095955785,,,,,,,,-0.32323022024297354,0.04037369524895407,6.939762695382923
AY036118,Constant Fit,,0,0,1.0,0.0,,,0.2598770851676589,,,,,,,,,
Adgrf5,Piecewise Linear Fit,0.9959325237134038,0.3517176300436464,-0.254982780916792,1.0,0.8753720238095238,988632.4822387152,1.0051486546635189,,1313.4034444194247,0.0001208522708739086,0.2318880815715005,,,,,,
Tdrd6,Piecewise Linear Fit,0.9993340778912774,0.41598511877921185,-0.7299499892956666,1.0,0.9512648809523809,1.5567140923157035,1.0001646628295073,,1553.4187916832316,6.111273982557559e-06,0.001756068260108614,,,,,,
Enpp4,Piecewise Linear Fit,0.7989780817042291,0.35697731287215206,-0.4369586756954385,1.0,0.8950892857142857,1.0764291055255173e+23,1.019925492687467,,1333.0439588791758,0.00021545439167813552,0.18504175151128988,,,,,,
Slc29a1,Constant Fit,,0,0,1.0,0.0,,,0.33868353663547335,,,,,,,,,
Ptcra,Constant Fit,,0,0,1.0,0.0,,,0.012795133324568296,,,,,,,,,
Tfeb,Piecewise Linear Fit,0.8731464096774432,0.3849948263987186,-0.4673442190608123,1.0,0.9192708333333334,7420275539934.583,1.0110860133117636,,1437.6690028637256,0.00011987849932149647,0.09821548843991834,,,,,,
Trem2,Constant Fit,,0,0,1.0,0.0,,,0.29921632768757567,,,,,,,,,
Apobec2,Piecewise Linear Fit,0.8558522781479522,0.12778764483714417,0.6362464948474583,1.0,0.4255952380952381,38.39365275023945,1.001358024016107,,477.18980013710564,-3.176192989529725e-05,0.019489081179922655,,,,,,
Daam2,Michaelis-Menten Fit,0.9110706145074348,0.4999936022075196,-0.39465907937469674,1.0,1.0,4616708193111.539,1.0109075339230245,,,,,10692.616070077587,72958847.04945062,0.20985363355261008,,,
Rftn1,Piecewise Linear Fit,0.9999984724465094,0.49832601909176844,-0.5504868724091602,1.0,0.9996279761904762,23315818982410.47,1.0115167629346407,,1860.8767136551312,0.00011300432131695415,0.08585746656942693,,,,,,
Satb1,Piecewise Linear Fit,0.8689140083468991,0.12154474237053979,-0.07870607729466213,1.0,0.4099702380952381,3.7038159247324063,1.0004872331011734,,453.87896473848247,0.0001932261410456764,0.5132936352410779,,,,,,
Kat2b,Piecewise Linear Fit,0.9999972942305899,0.49999971437149743,-0.554234954107269,1.0,0.9996279761904762,2.2924290023121578e+23,1.0202123729467687,,1867.1261339288117,0.00017505247651898438,0.1314389314812109,,,,,,
Slc5a7,Michaelis-Menten Fit,0.8066933239229491,0.0716041619732758,0.6039603354083902,1.0,1.0,301.5657022490616,1.0021261364604497,,,,,-0.042048805226044664,156.0402664567918,0.051528906313530604,,,
Lrg1,Piecewise Linear Fit,0.8723634551590674,0.16147342448585308,0.42667799079382207,1.0,0.5528273809523809,6983.340286270482,1.0032983153951194,,602.9818565531333,-9.348103045625185e-05,0.09423743567836411,,,,,,
Plin3,Piecewise Linear Fit,0.9909021580917495,0.32755181164704833,-0.3292205498449509,1.0,0.8526785714285714,28872866.647657868,1.0064112431841084,,1223.1621357409779,0.0001175825827911295,0.1465176153246655,,,,,,
Nrtn,Piecewise Linear Fit,0.9999837658135085,0.4999996334868122,-0.6199448372865178,1.0,0.9996279761904762,2.2195846493847917e+19,1.0167104180144015,,1867.1261339096468,0.00013642256081844296,0.07807705936974065,,,,,,
Tubb4a,Piecewise Linear Fit,0.9383535354061604,0.3379599649510833,-0.1717970572179641,1.0,0.8653273809523809,6.720360624281919e+98,1.0883438890261934,,1262.0279591918506,0.0006517792157540286,1.9827161180124013,,,,,,
Cntnap5c,Constant Fit,,0,0,1.0,0.0,,,0.005566389141246482,,,,,,,,,
Rpl7a-ps5,Constant Fit,,0,0,1.0,0.0,,,0.008649941143373283,,,,,,,,,
Rab31,Piecewise Linear Fit,0.9901804144167163,0.42524869507901136,-0.30484696914753273,1.0,0.9613095238095238,1.0552937679821346e+21,1.0181721073731667,,1587.9865861183375,0.00023280292846954268,0.42150604948092946,,,,,,
Gm9984,Constant Fit,,0,0,1.0,0.0,,,0.0015293354906029612,,,,,,,,,
Dlgap1,Piecewise Linear Fit,0.9998832243722747,0.037068493887093525,-0.05841037207702732,1.0,0.18377976190476192,350.98271731955896,1.0021827123553089,,138.42311746892352,0.001369851770858531,1.5283537921604933,,,,,,
Myl12a,Michaelis-Menten Fit,0.8846575950358999,0.49999352814530224,-0.09306418198577016,1.0,1.0,4.652729332661421,1.0005721331000392,,,,,4517.6774492582845,72123914.4089968,0.5698523450372711,,,
Emilin2,Piecewise Linear Fit,0.9193132077820422,0.35314978889351983,-0.8309457968893311,1.0,0.8876488095238095,8111053016994.427,1.0111194953739548,,1318.7520661361878,7.915350150683605e-05,0.010618338458134343,,,,,,
Sult6b1,Piecewise Linear Fit,0.9999999999999933,0.03658533358172847,0.7640452749350867,1.0,0.10453869047619048,4.821176151126828,1.0005853713794572,,136.61855484750095,-4.4063437073086045e-05,0.006949422109233313,,,,,,
Prkd3,Michaelis-Menten Fit,0.9999999113529363,0.4999898117848623,-0.3116278593080809,1.0,1.0,525.6374097884874,1.0023333026110457,,,,,2483.8330093410887,45814896.72019361,0.11179661520623205,,,
Tmem178,Piecewise Linear Fit,0.9278133762148114,0.06953552418905139,-0.1432899789696063,1.0,0.2760416666666667,126.99046909856278,1.0018037498169987,,259.6632402977593,0.0005051998802073923,0.39215859997216745,,,,,,
Six3,Constant Fit,,0,0,1.0,0.0,,,0.13256560717353796,,,,,,,,,
Six2,Exponential Saturation Fit,0.9939938906491154,0.04562057845410713,1.0216143888222082,1.0,0.3835565476190476,755896.0100241094,1.00504828733883,,,,,,,,-0.017421361771031325,0.008137497371408023,0.017237064706707297
Prkce,Piecewise Linear Fit,0.9842189718834431,0.04453410817959081,-0.08412084651558269,1.0,0.20498511904761904,138912.29614726838,1.0044150742649476,,166.30160619879214,0.0014174887139365483,1.2832775525443405,,,,,,
Epcam,Piecewise Linear Fit,0.9999862209519529,0.03891668309189832,0.584212865516724,1.0,0.20498511904761904,45.80470629098274,1.0014237755699322,,145.3246148102101,-0.0001493831284103004,0.029434262151549793,,,,,,
Gtf2a1l,Piecewise Linear Fit,0.9953944597200415,0.16058931238767046,-0.49254190515318313,1.0,0.5074404761904762,1.1124667908179604,1.0000396510404206,,599.6840144784823,1.991964081105743e-05,0.006153624260459048,,,,,,
Adcyap1,Piecewise Linear Fit,0.9994442403904169,0.399388866555709,0.5628661031534342,1.0,0.9356398809523809,53935833639.15534,1.009235489376861,,1491.4174431079086,-0.00011150086654641534,0.23086821304654406,,,,,,
Gm6225,Constant Fit,,0,0,1.0,0.0,,,0.003466153415123771,,,,,,,,,
Kif5b,Piecewise Linear Fit,0.9998124636033106,0.47964725025298766,-0.17584415226772454,1.0,0.9966517857142857,3.2562356682385394e+45,1.0397569067693508,,1791.1243660726964,0.0003353890046207048,1.4077514425422797,,,,,,
Colec12,Michaelis-Menten Fit,0.857254999573067,0.041338537009281646,0.5850093972858649,1.0,0.9646577380952381,1.0857725227350204e+16,1.0138312570285561,,,,,-0.17217368034758315,84.14077584743708,0.22318383931549704,,,
Npc1,Piecewise Linear Fit,0.9923304309956942,0.4001344778711725,-0.30319672178535934,1.0,0.9371279761904762,9.593321976535387e+21,1.0190085215683782,,1494.203656311517,0.0002599188249142083,0.4462756773988443,,,,,,
Kctd1,Piecewise Linear Fit,0.171391498971112,0.24155305951149172,0.16823381834503717,1.0,0.7150297619047619,54851667.236736976,1.0066515414311479,,902.0196456844993,-0.00021756167976064473,0.6813729306975775,,,,,,
Aqp4,Michaelis-Menten Fit,0.6339503438051474,0.4999984991784208,-0.14035604845637903,1.0,1.0,13716.04491158014,1.0035503059067146,,,,,42186.30724209167,311016410.94249785,0.7755623892094812,,,
Ttr,Piecewise Linear Fit,0.472940074474506,0.19605388288378037,-0.11681826483845696,1.0,0.6369047619047619,2020159389396.9604,1.010596748126053,,732.1147626632683,0.0006914427859132135,1.9135717293091414,,,,,,
Lims2,Piecewise Linear Fit,0.7247690955906118,0.35145055232183087,-0.3151469799442017,1.0,0.8705357142857143,226330855610.3576,1.0097741183201785,,1312.4058236960625,0.00016371330230049132,0.23345670282720704,,,,,,
Gpr17,Piecewise Linear Fit,0.9945975831863739,0.27822309192362826,-0.14285547448633276,1.0,0.7775297619047619,10.011323832532304,1.000857404874828,,1038.9564762479215,8.21788100197606e-05,0.2561441105550919,,,,,,
Bin1,Piecewise Linear Fit,0.9333254103921856,0.38629104861296487,-0.15520393090769452,1.0,0.9222470238095238,4.832820423291681e+50,1.0443732257053653,,1442.5085793804546,0.00040628964056942405,1.5950464171783485,,,,,,
Camk4,Piecewise Linear Fit,0.9043394255617238,0.06011448575240523,-0.0869359567567275,1.0,0.20498511904761904,606.0515544845673,1.0023863864457627,,224.4826826991893,0.0008032395542838313,0.9468904512728704,,,,,,
Nrep,Piecewise Linear Fit,0.9973382392143655,0.38721618681089126,0.08728225482716143,1.0,0.9229910714285714,6.676665547938272,1.0007065808699078,,1445.9608991926843,-7.142119543046332e-05,0.6432355095630681,,,,,,
Pkd2l2,Piecewise Linear Fit,0.9772685409203369,0.35696440020308257,-1.0554326521721302,1.0,0.8943452380952381,4.975470589879273,1.0005970978188594,,1333.0134783008107,7.261390679032061e-06,-0.0002541906465470175,,,,,,
Egr1,Piecewise Linear Fit,0.7585270192965777,0.10179384298737104,-0.19642663091859752,1.0,0.3835565476190476,53708926.13569725,1.0066436570089126,,380.1239546584289,0.0005792022215325808,0.45035047986362053,,,,,,
Slc23a1,Constant Fit,,0,0,1.0,0.0,,,0.0017581432178619247,,,,,,,,,
Mzb1,Constant Fit,,0,0,1.0,0.0,,,0.0060857356036263625,,,,,,,,,
Gm29417,Constant Fit,,0,0,1.0,0.0,,,0.0018121806013180158,,,,,,,,,
3222401L13Rik,Constant Fit,,0,0,1.0,0.0,,,0.011552700523967417,,,,,,,,,
Pcdhgb2,Constant Fit,,0,0,1.0,0.0,,,0.0020517391982873986,,,,,,,,,
Pcdhga6,Constant Fit,,0,0,1.0,0.0,,,0.008240440761801091,,,,,,,,,
Pcdhgb5,Constant Fit,,0,0,1.0,0.0,,,0.004840287784079973,,,,,,,,,
Pcdhgb7,Constant Fit,,0,0,1.0,0.0,,,0.0014584282008377242,,,,,,,,,
Pcdhgc3,Constant Fit,,0,0,1.0,0.0,,,0.009848969042793783,,,,,,,,,
Pcdhgc5,Constant Fit,,0,0,1.0,0.0,,,0.010389166093787459,,,,,,,,,
Fgf1,Piecewise Linear Fit,0.9560073198464472,0.41871515729966,-0.28418722932426954,1.0,0.953125,803053414104746.6,1.0128495041133778,,1563.5888241519165,0.00019583547317344758,0.38563709969485205,,,,,,
Gpr151,Piecewise Linear Fit,0.9357086645973149,0.14152957379881276,0.8478729610727402,1.0,0.4880952380952381,218.61731457533597,1.0020062221194832,,528.5056407839252,-3.544308256219517e-05,0.020412323456684527,,,,,,
Trim36,Piecewise Linear Fit,0.9757277881843345,0.2782250559537977,-0.5320624040320361,1.0,0.7775297619047619,85813200.81571163,1.00681915847246,,1038.9637142031393,8.894977539432883e-05,0.040638774865162444,,,,,,
Sema6a,Piecewise Linear Fit,0.9945024732596172,0.3569708884952194,-0.39952143510273075,1.0,0.8950892857142857,4.9012918136397944e+26,1.023126729785564,,1333.019832205636,0.00027639767240264686,0.2768843571554074,,,,,,
Zfp474,Piecewise Linear Fit,0.8273654791479204,0.0975639255345183,0.475268261328282,1.0,0.31994047619047616,4.311444428026998,1.0005437761342162,,364.3273450799105,-3.7749985434114714e-05,0.021345716989399598,,,,,,
Gramd3,Piecewise Linear Fit,0.9999837624330672,0.4820104389144105,-0.22856495304396252,1.0,0.9977678571428571,27.75098268250363,1.001237100609532,,1799.95243030236,4.668334029576818e-05,0.14180210623312275,,,,,,
Megf10,Piecewise Linear Fit,0.9999980832008794,0.4999995534652533,-0.45990160906196476,1.0,0.9996279761904762,176714679797.79187,1.0096811612317267,,1867.1261339240355,0.00011197359744071172,0.12276293065357086,,,,,,
Ctxn3,Piecewise Linear Fit,0.8243588267591571,0.2588906553302717,0.33356992858601553,1.0,0.7593005952380952,62889.15199314686,1.0041189989020962,,966.7624165721348,-0.00016106753762659204,0.3112624159391673,,,,,,
1700011I03Rik,Exponential Saturation Fit,0.9525933397799622,0.26109514456853816,0.6234046616455955,1.0,1.0,61.305379737954155,1.0015323736304371,,,,,,,,-0.03694435934329991,0.0012226088773611332,0.0431966792134459
Slc12a2,Piecewise Linear Fit,0.9871969670041522,0.4001465050646974,-0.42088029926174714,1.0,0.9378720238095238,7.377477412944576e+48,1.0427495839951226,,1494.2483319281707,0.00044219649693570684,0.4545878494178818,,,,,,
A730017C20Rik,Piecewise Linear Fit,0.9846884228032882,0.3987207782717208,0.21688955843310373,1.0,0.9334077380952381,7439095.966012275,1.0059036154537258,,1488.9229607017628,-0.0001474471995905799,0.6158731633988681,,,,,,
Chsy3,Constant Fit,,0,0,1.0,0.0,,,0.0022662225910804966,,,,,,,,,
Iigp1,Piecewise Linear Fit,0.9651108302280029,0.08180141056335374,0.33420170974427127,1.0,0.30691964285714285,42.068519245576276,1.0013920765594788,,305.46685923333007,-0.00012535745991130694,0.07643585231784114,,,,,,
Cd74,Michaelis-Menten Fit,0.6590807968035043,0.038283402243993736,0.43943048926678624,1.0,0.9330357142857143,31538.472056149945,1.0038612163947307,,,,,-0.09881647511826103,77.40672635790523,0.1554025870380711,,,
Camk2a,Piecewise Linear Fit,0.4329480362096413,0.33873568358616046,0.11635650828522014,1.0,0.8671875,1.2610401870346285e+40,1.034947752928235,,1264.9242300329347,-0.00047804604897967636,2.900791256161615,,,,,,
Pdgfrb,Piecewise Linear Fit,0.9875579248916969,0.11026688863254992,0.12209971046790212,1.0,0.3835565476190476,1.2779467251796475,1.0000912447388124,,411.7639822741134,-0.0001038048509586323,0.19640512906748234,,,,,,
Csf1r,Constant Fit,,0,0,1.0,0.0,,,0.8007204053083737,,,,,,,,,
Slc26a2,Piecewise Linear Fit,0.9421818737156789,0.04861089583093017,0.4884389355017476,1.0,0.20498511904761904,221274071126.34122,1.0097656300107016,,181.52531766915564,-0.0005984990675639002,0.16553561007958675,,,,,,
Onecut2,Piecewise Linear Fit,0.9990153714176471,0.2585046191560676,-0.44897529349110116,1.0,0.7526041666666666,70.86326976726542,1.001586358217734,,965.3240857757215,3.676798159962136e-05,0.021780184999416162,,,,,,
Alpk2,Constant Fit,,0,0,1.0,0.0,,,0.004987192358072745,,,,,,,,,
Grp,Michaelis-Menten Fit,0.9999983783665249,0.4999984836063074,0.5237382884179121,1.0,1.0,7208363.236138147,1.0058918248134916,,,,,-31416.274633819452,307822518.5761063,0.2771988226425439,,,
Rax,Piecewise Linear Fit,0.9762431456358784,0.05267089508483017,0.8330441144417174,1.0,0.20498511904761904,41959316.752761245,1.0065512063113256,,196.68630513269818,-0.000188599396004614,0.0408121373741251,,,,,,
Gnal,Piecewise Linear Fit,0.7513095087841449,0.03542114468885766,-0.05718277321132003,1.0,0.10453869047619048,1.9160415077648292,1.000241941965274,,132.27150855049322,0.0007086223693793404,0.7727045406358439,,,,,,
Tcf4,Constant Fit,,0,0,1.0,0.0,,,1.6428022558683335,,,,,,,,,
Gm9925,Piecewise Linear Fit,0.9982176264297618,0.04365019104979541,0.5984538488719156,1.0,0.20498511904761904,103.41648550822163,1.001727220727843,,163.00069216811318,-0.0001227859528128078,0.026728683845076102,,,,,,
Myo5b,Constant Fit,,0,0,1.0,0.0,,,0.2578607797277328,,,,,,,,,
Acaa2,Constant Fit,,0,0,1.0,0.0,,,0.3576414269196147,,,,,,,,,
Smad7,Piecewise Linear Fit,0.9019688372768944,0.39348665705256985,-0.35266915788492254,1.0,0.9330357142857143,4442210640928965.5,1.0134942274875651,,1469.379274737458,0.000176339429507488,0.2378001719399544,,,,,,
8030462N17Rik,Constant Fit,,0,0,1.0,0.0,,,0.014240797115184778,,,,,,,,,
Slc14a1,Constant Fit,,0,0,1.0,0.0,,,0.1699205159473179,,,,,,,,,
Slc14a2,Constant Fit,,0,0,1.0,0.0,,,0.012458443367849334,,,,,,,,,
Kcng2,Piecewise Linear Fit,0.9075788962165707,0.30175648420220363,0.14204637225523273,1.0,0.8184523809523809,2.925432788731864,1.0003994258920312,,1126.8322576845069,-4.371324048777382e-05,0.19801398743154483,,,,,,
Cbln2,Piecewise Linear Fit,0.9682225516115847,0.33990669683826946,0.44848819236822196,1.0,0.8705357142857143,1.3193484978958707e+18,1.0156432936255928,,1269.2967727841833,-0.00021856393296277647,0.4479975334307114,,,,,,
Socs6,Piecewise Linear Fit,0.9991727211172339,0.37404334297293446,-0.27004093714976934,1.0,0.9077380952380952,2204820.26592327,1.0054486280773274,,1396.7735230035944,0.00010571758375615627,0.19957775139340825,,,,,,
Gal,Piecewise Linear Fit,0.999999866874301,0.5000005307699953,0.6190047555946714,1.0,0.9996279761904762,3488.2553339447663,1.0030392658484641,,1867.1261212238908,-9.360285776831456e-05,0.2285529894554601,,,,,,
Lrp5,Constant Fit,,0,0,1.0,0.0,,,0.023736191699755906,,,,,,,,,
Unc93b1,Constant Fit,,0,0,1.0,0.0,,,0.19012547905761917,,,,,,,,,
Ptprcap,Piecewise Linear Fit,0.9977129377293158,0.06717979402159717,0.48305082253976284,1.0,0.2760416666666667,5.878568131451267,1.0006591878598072,,250.86589361789612,-6.200943807782676e-05,0.02387990684923733,,,,,,
Rhod,Piecewise Linear Fit,0.9999999999999972,0.030173907104202043,0.3522829046356983,1.0,0.10453869047619048,3.417684185737192,1.0004573080985992,,112.67692134033277,-0.00018875868907592818,0.04082140214212613,,,,,,
Sptbn2,Piecewise Linear Fit,0.6308236605950078,0.4796431323278703,0.10683179268268188,1.0,0.9966517857142857,140334181.65648368,1.0070034044092067,,1791.1075762114212,-0.00020389502557722914,1.8918182683296663,,,,,,
Cnih2,Piecewise Linear Fit,0.6266874231116237,0.4001381494356731,0.10609841085005131,1.0,0.9378720238095238,2.8321670073295283e+17,1.0150620793977965,,1494.2162383861657,-0.00026990888805261237,2.1022556650315654,,,,,,
Malat1,Piecewise Linear Fit,0.9999781636403887,0.4980347256716175,-0.07313631318319203,1.0,0.9992559523809523,5087952449628.1045,1.0109440872934845,,1859.788252267072,0.00019608580180382085,2.3108005197940567,,,,,,
Neat1,Piecewise Linear Fit,0.9999961106650311,0.4999997455734546,-0.4398203468640221,1.0,0.9996279761904762,1.5601483121841505e+18,1.0157066383546844,,1867.1261339252762,0.00019652102936964784,0.23367094014067083,,,,,,
Frmd8,Piecewise Linear Fit,0.5825416449752547,0.369949476906772,-0.5544145417670956,1.0,0.9047619047619048,2.4975961431066136e+41,1.0360980680941216,,1381.4850754786228,0.0003433567933058819,0.19061551300755836,,,,,,
Cdc42ep2,Piecewise Linear Fit,0.579264219446788,0.36757621547587416,-0.6269291407126106,1.0,0.9014136904761905,3.0312259961276767e+50,1.0441920057340153,,1372.6227045787023,0.0003534704533941512,0.144360098543072,,,,,,
Gm14964,Constant Fit,,0,0,1.0,0.0,,,0.09439795806511181,,,,,,,,,
Pla2g16,Piecewise Linear Fit,0.8515042427349397,0.3669008314045254,-0.33833819189119857,1.0,0.9014136904761905,2.7481095473353287e+41,1.0361349121002466,,1370.100576148876,0.0004357858575036488,0.5838222315565438,,,,,,
Slc22a8,Piecewise Linear Fit,0.9449664219743472,0.04661323340553857,0.36606275079173295,1.0,0.20498511904761904,3305267621541.388,1.01078186859277,,174.0655567404412,-0.0011005400045796113,0.35744052718660235,,,,,,
Slc22a6,Michaelis-Menten Fit,0.6575205632123174,0.039351202290392,0.8630815268120525,1.0,0.9397321428571429,4.674765180168392e+25,1.0222326821788579,,,,,-0.17151792291384932,79.7501898126071,0.1775394399457009,,,
Chrm1,Piecewise Linear Fit,0.6309297532399358,0.5000002147278246,0.32369675309075996,1.0,0.9996279761904762,215506782606263.12,1.012353966350533,,1867.1261338734075,-0.00023283689452392438,0.8888850884212031,,,,,,
Lrrn4cl,Piecewise Linear Fit,0.9999995972475135,0.036837191303674084,0.5589876841852508,1.0,0.15104166666666666,12.023367333822417,1.0009255962675352,,137.55923008833085,-0.00010183628757301798,0.019534519957697186,,,,,,
Ahnak,Piecewise Linear Fit,0.9995274226428325,0.03735116158443293,0.32758595861392853,1.0,0.20498511904761904,59403591898388.26,1.0118687562239386,,139.47865120867473,-0.0016133804611169337,0.45598641965126574,,,,,,
Myrf,Piecewise Linear Fit,0.9236745199508456,0.38361669832242995,-0.6818253738332526,1.0,0.9166666666666666,1.5874181086753623e+61,1.0538240710358449,,1432.5218558716451,0.0004338700176279159,0.14501845822404963,,,,,,
Syt7,Piecewise Linear Fit,0.9999999999999949,0.033304112845345527,-0.05485132255502203,1.0,0.10453869047619048,93.6252376532442,1.0016901543747656,,124.3659687691473,0.001262929086713066,1.3532048777776413,,,,,,
Lrrc10b,Piecewise Linear Fit,0.9999999999999972,0.03529118751258955,-0.3710299017301183,1.0,0.10453869047619048,415.3883221765821,1.002245528517089,,131.78621378547885,0.0007853207107116492,0.08772191902693957,,,,,,
Ppp1r32,Piecewise Linear Fit,0.4953245559594104,0.13276253525926512,0.36127058155193253,1.0,0.4583333333333333,9.543190677680602,1.0008395739273865,,495.76785742972805,-5.2688183442092104e-05,0.049212276626407814,,,,,,
Tmem132a,Michaelis-Menten Fit,0.0063926898679994805,0.4999961533500598,0.1267097716080282,1.0,1.0,400221.03640333546,1.0048105561707752,,,,,-20745.0159113915,121346613.97681797,1.4191393499590186,,,
Ms4a4b,Constant Fit,,0,0,1.0,0.0,,,0.005469289189844519,,,,,,,,,
Gm4952,Constant Fit,,0,0,1.0,0.0,,,0.0029625964272756477,,,,,,,,,
Tle4,Michaelis-Menten Fit,0.9710092099591123,0.3285314674151828,-0.2634691305429048,1.0,1.0,22150042242.26797,1.0089014022574192,,,,,0.5085836116343714,1788.694636427995,0.36306329357525174,,,
Psat1,Michaelis-Menten Fit,0.9944904772840624,0.49999678870616093,-0.3146821744942389,1.0,1.0,5.914942718112958e+29,1.0258311308823544,,,,,46838.75543649284,145355287.61636093,0.6551375332441918,,,
Rorb,Michaelis-Menten Fit,0.9998703152051666,0.49995898699462377,-0.08153181146176942,1.0,1.0,1.012919944172169,1.0000047757531025,,,,,518.4063286693937,11380371.72318908,0.4789865179096606,,,
Anxa1,Piecewise Linear Fit,0.9404468038966836,0.0437375660880171,0.664755882517519,1.0,0.20498511904761904,9086670415500.064,1.011162220908468,,163.32707470281312,-0.0005328441404219581,0.10897245901811553,,,,,,
Aldh1a1,Piecewise Linear Fit,0.9955365204222821,0.46036423519638814,-0.36920381011297415,1.0,0.9866071428571429,5.632490859426159e+30,1.0266915620322312,,1719.1167133011654,0.00032808912748225717,0.4818258460583796,,,,,,
Gda,Piecewise Linear Fit,0.6306241420308887,0.47964544626681155,0.4015373563646482,1.0,0.9966517857142857,2.757669322429788e+35,1.0308244845048926,,1791.116662710261,-0.0004138638834261294,1.2936897271031254,,,,,,
Tmem2,Constant Fit,,0,0,1.0,0.0,,,0.07391716730310001,,,,,,,,,
Trpm3,Piecewise Linear Fit,0.9448291445685004,0.20440698897727205,-0.17041805992239673,1.0,0.6395089285714286,1.8131672137359667,1.000221406634038,,763.308819691406,4.900732668383061e-05,0.09104895577687153,,,,,,
Gm9938,Constant Fit,,0,0,1.0,0.0,,,0.006238813605374487,,,,,,,,,
Tmem252,Constant Fit,,0,0,1.0,0.0,,,0.04670045418201556,,,,,,,,,
Pgm5,Michaelis-Menten Fit,0.9763582814434739,0.016303546922085983,0.32285888985267786,1.0,0.5074404761904762,1.6117115346684585,1.0001775814946536,,,,,-0.02106465507375389,31.466819785803377,0.042439173752464636,,,
Kank1,Constant Fit,,0,0,1.0,0.0,,,0.13969062282861305,,,,,,,,,
Dmrt3,Constant Fit,,0,0,1.0,0.0,,,0.007473168637126395,,,,,,,,,
Rfx3,Piecewise Linear Fit,0.12052355226646312,0.28946158188665366,0.4048828927952818,1.0,0.8017113095238095,6.621778826709236e+21,1.0188679993722667,,1080.9221114125232,-0.0002364194493990215,0.44336183267860446,,,,,,
Ermp1,Piecewise Linear Fit,0.9565375106191737,0.36972202959396183,-0.25545531903578317,1.0,0.9047619047619048,949093976825.8878,1.0103127743004665,,1380.6361174941499,0.00017476266243173752,0.351620107588323,,,,,,
Il33,Piecewise Linear Fit,0.9952247158282298,0.4364781761076373,-0.45820570657478116,1.0,0.9683779761904762,7.91903210948683e+37,1.0329973523033906,,1629.9201375738362,0.0003143083527660015,0.3028769233616876,,,,,,
Gldc,Michaelis-Menten Fit,0.9794332274295571,0.3238437753453508,0.40281462820520575,1.0,1.0,2160415.974023411,1.0054410179635367,,,,,-0.2843665372829258,1716.2526519480673,0.2580028395318889,,,
Acta2,Piecewise Linear Fit,0.7291570628672877,0.16094400011643226,0.19460015707058628,1.0,0.5357142857142857,7.144678758768244,1.0007318032959824,,601.0049927636128,-0.00011908897794831805,0.21968430633854613,,,,,,
Ch25h,Piecewise Linear Fit,0.9997356552865778,0.25019115210834497,0.4861778813350277,1.0,0.7287946428571429,1.1112863090259268,1.0000392560462987,,934.2678780048345,-1.0381830404530008e-05,0.014824871813810337,,,,,,
Ifit1,Piecewise Linear Fit,0.7367942825906495,0.03575414331841637,0.18986673544476823,1.0,0.10453869047619048,1.7112359054276833,1.000199877063967,,133.51494032362606,-0.0002646560965326319,0.11072130934248965,,,,,,
Slc16a12,Piecewise Linear Fit,0.9999866762587302,0.037801713839811665,0.39120666220128475,1.0,0.20498511904761904,103.3621138746449,1.0017270247454906,,141.16108491042144,-0.00027828815730621836,0.06984979297102765,,,,,,
Myof,Michaelis-Menten Fit,0.999815901304858,0.007597831093887183,0.4274010271408045,1.0,0.2760416666666667,168.56748776734787,1.001909311560814,,,,,-0.03784505281343,14.405002472411566,0.06271216746528162,,,
Rbp4,Piecewise Linear Fit,0.9999788082596193,0.4821120810806015,0.3312067324482458,1.0,0.9977678571428571,1101.9542011639908,1.002609365906116,,1800.3255809923942,-7.056942972924048e-05,0.25531951681379117,,,,,,
E030044B06Rik,Michaelis-Menten Fit,0.9744438682125597,0.10923845362009921,0.8484121269366809,1.0,1.0,3.6877591732334127,1.0004856160144666,,,,,-0.010951941170698051,260.9800903240443,0.010467269400919457,,,
Opalin,Piecewise Linear Fit,0.45016782417029333,0.39412113917596836,-0.5687794747666541,1.0,0.9330357142857143,2.0963693494557797e+82,1.073063804802382,,1471.747953235715,0.0007529772459762816,0.4200885124902738,,,,,,
Gm340,Constant Fit,,0,0,1.0,0.0,,,0.006771881537849482,,,,,,,,,
Sfrp5,Piecewise Linear Fit,0.9903909659628114,0.278221544486464,0.20171473936509307,1.0,0.7745535714285714,8.284160898704652,1.000786896258312,,1038.9471258140147,-4.5021938696987946e-05,0.13933216870889475,,,,,,
Golga7b,Michaelis-Menten Fit,0.9973036117318799,0.4999984884636691,0.19640295848154218,1.0,1.0,2269034378.676583,1.0080465686420959,,,,,-55384.287735723425,308811717.47964406,1.019913389495994,,,
Crtac1,Exponential Saturation Fit,0.4505506351016725,0.0019734693544747827,-0.1368269633369934,1.0,0.10453869047619048,114.16239241981685,1.0017640622887871,,,,,,,,0.12385766961326858,0.1881141290005684,0.39067811699180177
Pkd2l1,Piecewise Linear Fit,0.9998724721724722,0.4616969241366647,-0.7625298444650593,1.0,0.9884672619047619,50.330214963653816,1.0014588777085334,,1724.1048337859397,1.4310477498168521e-05,0.0038418462799124148,,,,,,
Scd2,Michaelis-Menten Fit,0.9901225493912953,0.4999994505025171,-0.11905585106496895,1.0,1.0,1.5785086563172753e+70,1.0619777537363302,,,,,342731.55387786316,849468938.9387684,2.7870638969682315,,,
Scd1,Michaelis-Menten Fit,0.9996648534372136,0.49999857215125043,-0.3025321644825246,1.0,1.0,2.6942660906754396e+37,1.032583105394614,,,,,122298.63289766878,326911523.0761943,0.8051655501428071,,,
Kcnip2,Piecewise Linear Fit,0.6271717309969679,0.435524586279517,0.29328678380019485,1.0,0.9676339285714286,1.1579027382846731e+17,1.0147243737699658,,1626.3580654267057,-0.0002672314955510736,0.9582441149352706,,,,,,
Psd,Michaelis-Menten Fit,0.9998092617558271,0.4999992317319604,0.23724135764854576,1.0,1.0,3.1471935590110494e+35,1.0308751546267318,,,,,-275406.4165407268,607575492.3401811,2.20688733632933,,,
Neurl1a,Piecewise Linear Fit,0.25293422212483974,0.3178167063156,0.2888437003688444,1.0,0.8363095238095238,1.346674277329421e+51,1.0447714661529726,,1186.8075303622816,-0.0005252294619004278,1.3907104876831804,,,,,,
Cfap43,Piecewise Linear Fit,0.7977624545479971,0.1222046006447269,0.2739263440520267,1.0,0.4099702380952381,2.852194580702618,1.0003899899869981,,456.3419497155775,-5.322497942452134e-05,0.0564789243841943,,,,,,
Rpl13a-ps1,Constant Fit,,0,0,1.0,0.0,,,0.0033872691214906305,,,,,,,,,
Tcf7l2,Piecewise Linear Fit,0.9998248780937671,0.4797047897326133,-0.2867494695281975,1.0,0.9973958333333334,14596696.484501597,1.0061558886045852,,1791.3394910429315,0.0002261558141775156,0.5038428989810959,,,,,,
Gfra1,Constant Fit,,0,0,1.0,0.0,,,0.28623920924988777,,,,,,,,,
Shtn1,Piecewise Linear Fit,0.9999992800686586,0.4999996789430636,-0.4396620750242936,1.0,0.9996279761904762,3.1592187811296668e+16,1.0142341664129386,,1867.1261339123173,0.00015573767406014668,0.18529698737348435,,,,,,
Emx2,Piecewise Linear Fit,0.9544503085680497,0.2882885692962049,0.22110765128561485,1.0,0.796875,2.9513213109357515,1.0004027049374147,,1076.5386409359278,-2.9881076256295905e-05,0.08882721460621969,,,,,,
mt-Nd2,Michaelis-Menten Fit,0.50175116539536,0.05718804876332069,0.020628811311740193,1.0,1.0,9.624248035739577e+30,1.026896208004449,,,,,-0.2413319160859836,120.56731983180347,5.607930672983654,,,
mt-Nd4,Michaelis-Menten Fit,0.6276167767122308,0.028539425333866313,0.014561677041958985,1.0,0.7872023809523809,2.9222882821575956e+18,1.0159438101428309,,,,,-0.17529907729680244,56.51236782977596,5.927436229006033,,,
mt-Nd6,Constant Fit,,0,0,1.0,0.0,,,0.7236179319087735,,,,,,,,,
Gm10931,Constant Fit,,0,0,1.0,0.0,,,0.001562525920729874,,,,,,,,,
